-2.147483648000000000e+09,-2.147483648000000000e+09,-2.147483648000000000e+09,-2.147483648000000000e+09,-2.147483648000000000e+09,-2.147483648000000000e+09,-2.147483648000000000e+09,-2.147483648000000000e+09,-2.147483648000000000e+09,-2.147483648000000000e+09,-2.147483648000000000e+09,-2.147483648000000000e+09,-2.147483648000000000e+09,-2.147483648000000000e+09,-2.147483648000000000e+09,-2.147483648000000000e+09,-2.147483648000000000e+09,-2.147483648000000000e+09,-2.147483648000000000e+09,-2.147483648000000000e+09,-2.147483648000000000e+09,-2.147483648000000000e+09,-2.147483648000000000e+09,-2.147483648000000000e+09,1.199207800000000000e+07,1.199207900000000000e+07,1.199208000000000000e+07,1.199208100000000000e+07,1.199208200000000000e+07,1.199208300000000000e+07,1.199208400000000000e+07,-2.147483648000000000e+09,-2.147483648000000000e+09,-2.147483648000000000e+09,-2.147483648000000000e+09,-2.147483648000000000e+09,-2.147483648000000000e+09,-2.147483648000000000e+09,-2.147483648000000000e+09,-2.147483648000000000e+09,-2.147483648000000000e+09,-2.147483648000000000e+09,-2.147483648000000000e+09,-2.147483648000000000e+09,-2.147483648000000000e+09,-2.147483648000000000e+09,-2.147483648000000000e+09,-2.147483648000000000e+09,-2.147483648000000000e+09,-2.147483648000000000e+09,-2.147483648000000000e+09,-2.147483648000000000e+09
-2.147483648000000000e+09,-2.147483648000000000e+09,-2.147483648000000000e+09,-2.147483648000000000e+09,-2.147483648000000000e+09,-2.147483648000000000e+09,-2.147483648000000000e+09,-2.147483648000000000e+09,-2.147483648000000000e+09,-2.147483648000000000e+09,-2.147483648000000000e+09,-2.147483648000000000e+09,-2.147483648000000000e+09,-2.147483648000000000e+09,-2.147483648000000000e+09,-2.147483648000000000e+09,1.199927000000000000e+07,1.199927100000000000e+07,1.199927200000000000e+07,1.199927300000000000e+07,1.199927400000000000e+07,1.199927500000000000e+07,1.199927600000000000e+07,1.199927700000000000e+07,1.199927800000000000e+07,1.199927900000000000e+07,1.199928000000000000e+07,1.199928100000000000e+07,1.199928200000000000e+07,1.199928300000000000e+07,1.199928400000000000e+07,1.199928500000000000e+07,1.199928600000000000e+07,1.199928700000000000e+07,1.199928700000000000e+07,1.199928800000000000e+07,1.199928900000000000e+07,1.199929000000000000e+07,1.199929100000000000e+07,1.199929200000000000e+07,1.199929300000000000e+07,1.199929400000000000e+07,-2.147483648000000000e+09,-2.147483648000000000e+09,-2.147483648000000000e+09,-2.147483648000000000e+09,-2.147483648000000000e+09,-2.147483648000000000e+09,-2.147483648000000000e+09,-2.147483648000000000e+09,-2.147483648000000000e+09,-2.147483648000000000e+09
-2.147483648000000000e+09,-2.147483648000000000e+09,-2.147483648000000000e+09,-2.147483648000000000e+09,-2.147483648000000000e+09,-2.147483648000000000e+09,-2.147483648000000000e+09,-2.147483648000000000e+09,-2.147483648000000000e+09,-2.147483648000000000e+09,-2.147483648000000000e+09,-2.147483648000000000e+09,-2.147483648000000000e+09,-2.147483648000000000e+09,-2.147483648000000000e+09,-2.147483648000000000e+09,1.200647000000000000e+07,1.200647100000000000e+07,1.200647200000000000e+07,1.200647300000000000e+07,1.200647400000000000e+07,1.200647500000000000e+07,1.200647600000000000e+07,1.200647700000000000e+07,1.200647800000000000e+07,1.200647900000000000e+07,1.200648000000000000e+07,1.200648100000000000e+07,1.200648200000000000e+07,1.200648300000000000e+07,1.200648400000000000e+07,1.200648500000000000e+07,1.200648600000000000e+07,1.200648700000000000e+07,1.200648700000000000e+07,1.200648800000000000e+07,1.200648900000000000e+07,1.200649000000000000e+07,1.200649100000000000e+07,1.200649200000000000e+07,1.200649300000000000e+07,1.200649400000000000e+07,1.200649500000000000e+07,-2.147483648000000000e+09,-2.147483648000000000e+09,-2.147483648000000000e+09,-2.147483648000000000e+09,-2.147483648000000000e+09,-2.147483648000000000e+09,-2.147483648000000000e+09,-2.147483648000000000e+09,-2.147483648000000000e+09
-2.147483648000000000e+09,-2.147483648000000000e+09,-2.147483648000000000e+09,-2.147483648000000000e+09,-2.147483648000000000e+09,-2.147483648000000000e+09,-2.147483648000000000e+09,-2.147483648000000000e+09,-2.147483648000000000e+09,-2.147483648000000000e+09,-2.147483648000000000e+09,-2.147483648000000000e+09,-2.147483648000000000e+09,-2.147483648000000000e+09,-2.147483648000000000e+09,-2.147483648000000000e+09,-2.147483648000000000e+09,-2.147483648000000000e+09,1.201367200000000000e+07,1.201367300000000000e+07,1.201367400000000000e+07,1.201367500000000000e+07,1.201367600000000000e+07,1.201367700000000000e+07,1.201367800000000000e+07,1.201367900000000000e+07,1.201368000000000000e+07,1.201368100000000000e+07,1.201368200000000000e+07,1.201368300000000000e+07,1.201368400000000000e+07,1.201368500000000000e+07,1.201368600000000000e+07,1.201368700000000000e+07,1.201368700000000000e+07,1.201368800000000000e+07,1.201368900000000000e+07,1.201369000000000000e+07,1.201369100000000000e+07,1.201369200000000000e+07,1.201369300000000000e+07,1.201369400000000000e+07,1.201369500000000000e+07,1.201369600000000000e+07,1.201369700000000000e+07,1.201369800000000000e+07,-2.147483648000000000e+09,-2.147483648000000000e+09,-2.147483648000000000e+09,-2.147483648000000000e+09,-2.147483648000000000e+09,-2.147483648000000000e+09
-2.147483648000000000e+09,-2.147483648000000000e+09,-2.147483648000000000e+09,-2.147483648000000000e+09,-2.147483648000000000e+09,-2.147483648000000000e+09,-2.147483648000000000e+09,-2.147483648000000000e+09,-2.147483648000000000e+09,-2.147483648000000000e+09,-2.147483648000000000e+09,-2.147483648000000000e+09,-2.147483648000000000e+09,-2.147483648000000000e+09,-2.147483648000000000e+09,-2.147483648000000000e+09,-2.147483648000000000e+09,-2.147483648000000000e+09,1.202087200000000000e+07,1.202087300000000000e+07,1.202087400000000000e+07,1.202087500000000000e+07,1.202087600000000000e+07,1.202087700000000000e+07,1.202087800000000000e+07,1.202087900000000000e+07,1.202088000000000000e+07,1.202088100000000000e+07,1.202088200000000000e+07,1.202088300000000000e+07,1.202088400000000000e+07,1.202088500000000000e+07,1.202088600000000000e+07,1.202088700000000000e+07,1.202088700000000000e+07,1.202088800000000000e+07,1.202088900000000000e+07,1.202089000000000000e+07,1.202089100000000000e+07,1.202089200000000000e+07,1.202089300000000000e+07,1.202089400000000000e+07,1.202089500000000000e+07,1.202089600000000000e+07,1.202089700000000000e+07,1.202089800000000000e+07,1.202089900000000000e+07,1.202090000000000000e+07,-2.147483648000000000e+09,-2.147483648000000000e+09,-2.147483648000000000e+09,-2.147483648000000000e+09
-2.147483648000000000e+09,-2.147483648000000000e+09,-2.147483648000000000e+09,-2.147483648000000000e+09,-2.147483648000000000e+09,-2.147483648000000000e+09,-2.147483648000000000e+09,-2.147483648000000000e+09,-2.147483648000000000e+09,-2.147483648000000000e+09,-2.147483648000000000e+09,-2.147483648000000000e+09,-2.147483648000000000e+09,-2.147483648000000000e+09,-2.147483648000000000e+09,-2.147483648000000000e+09,-2.147483648000000000e+09,1.202807100000000000e+07,1.202807200000000000e+07,1.202807300000000000e+07,1.202807400000000000e+07,1.202807500000000000e+07,1.202807600000000000e+07,1.202807700000000000e+07,1.202807800000000000e+07,1.202807900000000000e+07,1.202808000000000000e+07,1.202808100000000000e+07,1.202808200000000000e+07,1.202808300000000000e+07,1.202808400000000000e+07,1.202808500000000000e+07,1.202808600000000000e+07,1.202808700000000000e+07,1.202808700000000000e+07,1.202808800000000000e+07,1.202808900000000000e+07,1.202809000000000000e+07,1.202809100000000000e+07,1.202809200000000000e+07,1.202809300000000000e+07,1.202809400000000000e+07,1.202809500000000000e+07,1.202809600000000000e+07,1.202809700000000000e+07,1.202809800000000000e+07,1.202809900000000000e+07,-2.147483648000000000e+09,-2.147483648000000000e+09,1.202810200000000000e+07,-2.147483648000000000e+09,-2.147483648000000000e+09
-2.147483648000000000e+09,-2.147483648000000000e+09,-2.147483648000000000e+09,-2.147483648000000000e+09,-2.147483648000000000e+09,-2.147483648000000000e+09,-2.147483648000000000e+09,-2.147483648000000000e+09,-2.147483648000000000e+09,-2.147483648000000000e+09,-2.147483648000000000e+09,-2.147483648000000000e+09,-2.147483648000000000e+09,-2.147483648000000000e+09,-2.147483648000000000e+09,-2.147483648000000000e+09,-2.147483648000000000e+09,-2.147483648000000000e+09,1.203527200000000000e+07,1.203527300000000000e+07,1.203527400000000000e+07,1.203527500000000000e+07,1.203527600000000000e+07,1.203527700000000000e+07,1.203527800000000000e+07,1.203527900000000000e+07,1.203528000000000000e+07,1.203528100000000000e+07,1.203528200000000000e+07,1.203528300000000000e+07,1.203528400000000000e+07,1.203528500000000000e+07,1.203528600000000000e+07,1.203528700000000000e+07,1.203528700000000000e+07,1.203528800000000000e+07,1.203528900000000000e+07,1.203529000000000000e+07,1.203529100000000000e+07,1.203529200000000000e+07,1.203529300000000000e+07,1.203529400000000000e+07,1.203529500000000000e+07,1.203529600000000000e+07,1.203529700000000000e+07,1.203529800000000000e+07,1.203529900000000000e+07,1.203530000000000000e+07,1.203530100000000000e+07,1.203530200000000000e+07,-2.147483648000000000e+09,-2.147483648000000000e+09
-2.147483648000000000e+09,-2.147483648000000000e+09,-2.147483648000000000e+09,-2.147483648000000000e+09,-2.147483648000000000e+09,-2.147483648000000000e+09,-2.147483648000000000e+09,-2.147483648000000000e+09,-2.147483648000000000e+09,-2.147483648000000000e+09,-2.147483648000000000e+09,-2.147483648000000000e+09,-2.147483648000000000e+09,-2.147483648000000000e+09,-2.147483648000000000e+09,-2.147483648000000000e+09,-2.147483648000000000e+09,1.204247100000000000e+07,1.204247200000000000e+07,1.204247300000000000e+07,1.204247400000000000e+07,1.204247500000000000e+07,1.204247600000000000e+07,1.204247700000000000e+07,1.204247800000000000e+07,1.204247900000000000e+07,1.204248000000000000e+07,1.204248100000000000e+07,1.204248200000000000e+07,1.204248300000000000e+07,1.204248400000000000e+07,1.204248500000000000e+07,1.204248600000000000e+07,1.204248700000000000e+07,1.204248700000000000e+07,1.204248800000000000e+07,1.204248900000000000e+07,1.204249000000000000e+07,1.204249100000000000e+07,1.204249200000000000e+07,1.204249300000000000e+07,1.204249400000000000e+07,1.204249500000000000e+07,1.204249600000000000e+07,1.204249700000000000e+07,1.204249800000000000e+07,1.204249900000000000e+07,1.204250000000000000e+07,1.204250100000000000e+07,1.204250200000000000e+07,-2.147483648000000000e+09,-2.147483648000000000e+09
-2.147483648000000000e+09,-2.147483648000000000e+09,-2.147483648000000000e+09,-2.147483648000000000e+09,-2.147483648000000000e+09,-2.147483648000000000e+09,-2.147483648000000000e+09,-2.147483648000000000e+09,-2.147483648000000000e+09,-2.147483648000000000e+09,-2.147483648000000000e+09,-2.147483648000000000e+09,-2.147483648000000000e+09,-2.147483648000000000e+09,-2.147483648000000000e+09,-2.147483648000000000e+09,1.204967000000000000e+07,1.204967100000000000e+07,1.204967200000000000e+07,1.204967300000000000e+07,1.204967400000000000e+07,1.204967500000000000e+07,1.204967600000000000e+07,1.204967700000000000e+07,1.204967800000000000e+07,1.204967900000000000e+07,1.204968000000000000e+07,1.204968100000000000e+07,1.204968200000000000e+07,1.204968300000000000e+07,1.204968400000000000e+07,1.204968500000000000e+07,1.204968600000000000e+07,1.204968700000000000e+07,1.204968700000000000e+07,1.204968800000000000e+07,1.204968900000000000e+07,1.204969000000000000e+07,1.204969100000000000e+07,1.204969200000000000e+07,1.204969300000000000e+07,1.204969400000000000e+07,1.204969500000000000e+07,1.204969600000000000e+07,1.204969700000000000e+07,1.204969800000000000e+07,1.204969900000000000e+07,1.204970000000000000e+07,1.204970100000000000e+07,1.204970200000000000e+07,-2.147483648000000000e+09,-2.147483648000000000e+09
-2.147483648000000000e+09,-2.147483648000000000e+09,-2.147483648000000000e+09,-2.147483648000000000e+09,-2.147483648000000000e+09,-2.147483648000000000e+09,-2.147483648000000000e+09,-2.147483648000000000e+09,-2.147483648000000000e+09,-2.147483648000000000e+09,-2.147483648000000000e+09,-2.147483648000000000e+09,-2.147483648000000000e+09,-2.147483648000000000e+09,1.205686800000000000e+07,1.205686900000000000e+07,1.205687000000000000e+07,1.205687100000000000e+07,1.205687200000000000e+07,1.205687300000000000e+07,1.205687400000000000e+07,1.205687500000000000e+07,1.205687600000000000e+07,1.205687700000000000e+07,1.205687800000000000e+07,1.205687900000000000e+07,1.205688000000000000e+07,1.205688100000000000e+07,1.205688200000000000e+07,1.205688300000000000e+07,1.205688400000000000e+07,1.205688500000000000e+07,1.205688600000000000e+07,1.205688700000000000e+07,1.205688700000000000e+07,1.205688800000000000e+07,1.205688900000000000e+07,1.205689000000000000e+07,1.205689100000000000e+07,1.205689200000000000e+07,1.205689300000000000e+07,1.205689400000000000e+07,1.205689500000000000e+07,1.205689600000000000e+07,1.205689700000000000e+07,1.205689800000000000e+07,1.205689900000000000e+07,1.205690000000000000e+07,1.205690100000000000e+07,-2.147483648000000000e+09,1.205690300000000000e+07,-2.147483648000000000e+09
-2.147483648000000000e+09,-2.147483648000000000e+09,-2.147483648000000000e+09,-2.147483648000000000e+09,-2.147483648000000000e+09,-2.147483648000000000e+09,-2.147483648000000000e+09,-2.147483648000000000e+09,-2.147483648000000000e+09,-2.147483648000000000e+09,-2.147483648000000000e+09,-2.147483648000000000e+09,-2.147483648000000000e+09,1.206406700000000000e+07,1.206406800000000000e+07,1.206406900000000000e+07,1.206407000000000000e+07,1.206407100000000000e+07,1.206407200000000000e+07,1.206407300000000000e+07,1.206407400000000000e+07,1.206407500000000000e+07,1.206407600000000000e+07,1.206407700000000000e+07,1.206407800000000000e+07,1.206407900000000000e+07,1.206408000000000000e+07,1.206408100000000000e+07,1.206408200000000000e+07,1.206408300000000000e+07,1.206408400000000000e+07,1.206408500000000000e+07,1.206408600000000000e+07,1.206408700000000000e+07,1.206408700000000000e+07,1.206408800000000000e+07,1.206408900000000000e+07,1.206409000000000000e+07,1.206409100000000000e+07,1.206409200000000000e+07,1.206409300000000000e+07,1.206409400000000000e+07,1.206409500000000000e+07,1.206409600000000000e+07,1.206409700000000000e+07,1.206409800000000000e+07,1.206409900000000000e+07,1.206410000000000000e+07,1.206410100000000000e+07,1.206410200000000000e+07,1.206410300000000000e+07,-2.147483648000000000e+09
-2.147483648000000000e+09,-2.147483648000000000e+09,-2.147483648000000000e+09,-2.147483648000000000e+09,-2.147483648000000000e+09,-2.147483648000000000e+09,-2.147483648000000000e+09,-2.147483648000000000e+09,-2.147483648000000000e+09,-2.147483648000000000e+09,-2.147483648000000000e+09,1.207126500000000000e+07,1.207126600000000000e+07,1.207126700000000000e+07,1.207126800000000000e+07,1.207126900000000000e+07,1.207127000000000000e+07,1.207127100000000000e+07,1.207127200000000000e+07,1.207127300000000000e+07,1.207127400000000000e+07,1.207127500000000000e+07,1.207127600000000000e+07,1.207127700000000000e+07,1.207127800000000000e+07,1.207127900000000000e+07,1.207128000000000000e+07,1.207128100000000000e+07,1.207128200000000000e+07,1.207128300000000000e+07,1.207128400000000000e+07,1.207128500000000000e+07,1.207128600000000000e+07,1.207128700000000000e+07,1.207128700000000000e+07,1.207128800000000000e+07,1.207128900000000000e+07,1.207129000000000000e+07,1.207129100000000000e+07,1.207129200000000000e+07,1.207129300000000000e+07,1.207129400000000000e+07,1.207129500000000000e+07,1.207129600000000000e+07,1.207129700000000000e+07,1.207129800000000000e+07,1.207129900000000000e+07,1.207130000000000000e+07,1.207130100000000000e+07,1.207130200000000000e+07,1.207130300000000000e+07,1.207130400000000000e+07
-2.147483648000000000e+09,-2.147483648000000000e+09,-2.147483648000000000e+09,-2.147483648000000000e+09,-2.147483648000000000e+09,-2.147483648000000000e+09,-2.147483648000000000e+09,-2.147483648000000000e+09,-2.147483648000000000e+09,-2.147483648000000000e+09,1.207846400000000000e+07,1.207846500000000000e+07,1.207846600000000000e+07,1.207846700000000000e+07,1.207846800000000000e+07,1.207846900000000000e+07,1.207847000000000000e+07,1.207847100000000000e+07,1.207847200000000000e+07,1.207847300000000000e+07,1.207847400000000000e+07,1.207847500000000000e+07,1.207847600000000000e+07,1.207847700000000000e+07,1.207847800000000000e+07,1.207847900000000000e+07,1.207848000000000000e+07,1.207848100000000000e+07,1.207848200000000000e+07,1.207848300000000000e+07,1.207848400000000000e+07,1.207848500000000000e+07,1.207848600000000000e+07,1.207848700000000000e+07,1.207848700000000000e+07,1.207848800000000000e+07,1.207848900000000000e+07,1.207849000000000000e+07,1.207849100000000000e+07,1.207849200000000000e+07,1.207849300000000000e+07,1.207849400000000000e+07,1.207849500000000000e+07,1.207849600000000000e+07,1.207849700000000000e+07,1.207849800000000000e+07,1.207849900000000000e+07,1.207850000000000000e+07,1.207850100000000000e+07,1.207850200000000000e+07,1.207850300000000000e+07,1.207850400000000000e+07
-2.147483648000000000e+09,-2.147483648000000000e+09,-2.147483648000000000e+09,-2.147483648000000000e+09,-2.147483648000000000e+09,-2.147483648000000000e+09,-2.147483648000000000e+09,-2.147483648000000000e+09,-2.147483648000000000e+09,1.208566300000000000e+07,1.208566400000000000e+07,1.208566500000000000e+07,1.208566600000000000e+07,1.208566700000000000e+07,1.208566800000000000e+07,1.208566900000000000e+07,1.208567000000000000e+07,1.208567100000000000e+07,1.208567200000000000e+07,1.208567300000000000e+07,1.208567400000000000e+07,1.208567500000000000e+07,1.208567600000000000e+07,1.208567700000000000e+07,1.208567800000000000e+07,1.208567900000000000e+07,1.208568000000000000e+07,1.208568100000000000e+07,1.208568200000000000e+07,1.208568300000000000e+07,1.208568400000000000e+07,1.208568500000000000e+07,1.208568600000000000e+07,1.208568700000000000e+07,1.208568700000000000e+07,1.208568800000000000e+07,1.208568900000000000e+07,1.208569000000000000e+07,1.208569100000000000e+07,1.208569200000000000e+07,1.208569300000000000e+07,1.208569400000000000e+07,1.208569500000000000e+07,1.208569600000000000e+07,1.208569700000000000e+07,1.208569800000000000e+07,1.208569900000000000e+07,1.208570000000000000e+07,1.208570100000000000e+07,1.208570200000000000e+07,1.208570300000000000e+07,-2.147483648000000000e+09
-2.147483648000000000e+09,-2.147483648000000000e+09,-2.147483648000000000e+09,-2.147483648000000000e+09,-2.147483648000000000e+09,-2.147483648000000000e+09,-2.147483648000000000e+09,1.209286100000000000e+07,1.209286200000000000e+07,1.209286300000000000e+07,1.209286400000000000e+07,1.209286500000000000e+07,1.209286600000000000e+07,1.209286700000000000e+07,1.209286800000000000e+07,1.209286900000000000e+07,1.209287000000000000e+07,1.209287100000000000e+07,1.209287200000000000e+07,1.209287300000000000e+07,1.209287400000000000e+07,1.209287500000000000e+07,1.209287600000000000e+07,1.209287700000000000e+07,1.209287800000000000e+07,1.209287900000000000e+07,1.209288000000000000e+07,1.209288100000000000e+07,1.209288200000000000e+07,1.209288300000000000e+07,1.209288400000000000e+07,1.209288500000000000e+07,1.209288600000000000e+07,1.209288700000000000e+07,1.209288700000000000e+07,1.209288800000000000e+07,1.209288900000000000e+07,1.209289000000000000e+07,1.209289100000000000e+07,1.209289200000000000e+07,1.209289300000000000e+07,1.209289400000000000e+07,1.209289500000000000e+07,1.209289600000000000e+07,1.209289700000000000e+07,1.209289800000000000e+07,1.209289900000000000e+07,1.209290000000000000e+07,1.209290100000000000e+07,1.209290200000000000e+07,1.209290300000000000e+07,-2.147483648000000000e+09
-2.147483648000000000e+09,-2.147483648000000000e+09,-2.147483648000000000e+09,-2.147483648000000000e+09,-2.147483648000000000e+09,-2.147483648000000000e+09,1.210006000000000000e+07,1.210006100000000000e+07,1.210006200000000000e+07,1.210006300000000000e+07,1.210006400000000000e+07,1.210006500000000000e+07,1.210006600000000000e+07,1.210006700000000000e+07,1.210006800000000000e+07,1.210006900000000000e+07,1.210007000000000000e+07,1.210007100000000000e+07,1.210007200000000000e+07,1.210007300000000000e+07,1.210007400000000000e+07,1.210007500000000000e+07,1.210007600000000000e+07,1.210007700000000000e+07,1.210007800000000000e+07,1.210007900000000000e+07,1.210008000000000000e+07,1.210008100000000000e+07,1.210008200000000000e+07,1.210008300000000000e+07,1.210008400000000000e+07,1.210008500000000000e+07,1.210008600000000000e+07,1.210008700000000000e+07,1.210008700000000000e+07,1.210008800000000000e+07,1.210008900000000000e+07,1.210009000000000000e+07,1.210009100000000000e+07,1.210009200000000000e+07,1.210009300000000000e+07,1.210009400000000000e+07,1.210009500000000000e+07,1.210009600000000000e+07,1.210009700000000000e+07,1.210009800000000000e+07,1.210009900000000000e+07,1.210010000000000000e+07,1.210010100000000000e+07,1.210010200000000000e+07,-2.147483648000000000e+09,-2.147483648000000000e+09
-2.147483648000000000e+09,-2.147483648000000000e+09,-2.147483648000000000e+09,-2.147483648000000000e+09,1.210725800000000000e+07,1.210725900000000000e+07,1.210726000000000000e+07,1.210726100000000000e+07,1.210726200000000000e+07,1.210726300000000000e+07,1.210726400000000000e+07,1.210726500000000000e+07,1.210726600000000000e+07,1.210726700000000000e+07,1.210726800000000000e+07,1.210726900000000000e+07,1.210727000000000000e+07,1.210727100000000000e+07,1.210727200000000000e+07,1.210727300000000000e+07,1.210727400000000000e+07,1.210727500000000000e+07,1.210727600000000000e+07,1.210727700000000000e+07,1.210727800000000000e+07,1.210727900000000000e+07,1.210728000000000000e+07,1.210728100000000000e+07,1.210728200000000000e+07,1.210728300000000000e+07,1.210728400000000000e+07,1.210728500000000000e+07,1.210728600000000000e+07,1.210728700000000000e+07,1.210728700000000000e+07,1.210728800000000000e+07,1.210728900000000000e+07,1.210729000000000000e+07,1.210729100000000000e+07,1.210729200000000000e+07,1.210729300000000000e+07,1.210729400000000000e+07,1.210729500000000000e+07,1.210729600000000000e+07,1.210729700000000000e+07,1.210729800000000000e+07,1.210729900000000000e+07,1.210730000000000000e+07,1.210730100000000000e+07,-2.147483648000000000e+09,-2.147483648000000000e+09,-2.147483648000000000e+09
-2.147483648000000000e+09,-2.147483648000000000e+09,-2.147483648000000000e+09,1.211445700000000000e+07,1.211445800000000000e+07,1.211445900000000000e+07,1.211446000000000000e+07,1.211446100000000000e+07,1.211446200000000000e+07,1.211446300000000000e+07,1.211446400000000000e+07,1.211446500000000000e+07,1.211446600000000000e+07,1.211446700000000000e+07,1.211446800000000000e+07,1.211446900000000000e+07,1.211447000000000000e+07,1.211447100000000000e+07,1.211447200000000000e+07,1.211447300000000000e+07,1.211447400000000000e+07,1.211447500000000000e+07,1.211447600000000000e+07,1.211447700000000000e+07,1.211447800000000000e+07,1.211447900000000000e+07,1.211448000000000000e+07,1.211448100000000000e+07,1.211448200000000000e+07,1.211448300000000000e+07,1.211448400000000000e+07,1.211448500000000000e+07,1.211448600000000000e+07,1.211448700000000000e+07,1.211448700000000000e+07,1.211448800000000000e+07,1.211448900000000000e+07,1.211449000000000000e+07,1.211449100000000000e+07,1.211449200000000000e+07,1.211449300000000000e+07,1.211449400000000000e+07,1.211449500000000000e+07,1.211449600000000000e+07,1.211449700000000000e+07,1.211449800000000000e+07,1.211449900000000000e+07,1.211450000000000000e+07,-2.147483648000000000e+09,-2.147483648000000000e+09,-2.147483648000000000e+09,-2.147483648000000000e+09
-2.147483648000000000e+09,-2.147483648000000000e+09,1.212165600000000000e+07,1.212165700000000000e+07,1.212165800000000000e+07,1.212165900000000000e+07,1.212166000000000000e+07,1.212166100000000000e+07,1.212166200000000000e+07,1.212166300000000000e+07,1.212166400000000000e+07,1.212166500000000000e+07,1.212166600000000000e+07,1.212166700000000000e+07,1.212166800000000000e+07,1.212166900000000000e+07,1.212167000000000000e+07,1.212167100000000000e+07,1.212167200000000000e+07,1.212167300000000000e+07,1.212167400000000000e+07,1.212167500000000000e+07,1.212167600000000000e+07,1.212167700000000000e+07,1.212167800000000000e+07,1.212167900000000000e+07,1.212168000000000000e+07,1.212168100000000000e+07,1.212168200000000000e+07,1.212168300000000000e+07,1.212168400000000000e+07,1.212168500000000000e+07,1.212168600000000000e+07,1.212168700000000000e+07,1.212168700000000000e+07,1.212168800000000000e+07,1.212168900000000000e+07,1.212169000000000000e+07,1.212169100000000000e+07,1.212169200000000000e+07,1.212169300000000000e+07,1.212169400000000000e+07,1.212169500000000000e+07,1.212169600000000000e+07,1.212169700000000000e+07,1.212169800000000000e+07,1.212169900000000000e+07,-2.147483648000000000e+09,-2.147483648000000000e+09,-2.147483648000000000e+09,-2.147483648000000000e+09,-2.147483648000000000e+09
1.212885400000000000e+07,1.212885500000000000e+07,1.212885600000000000e+07,1.212885700000000000e+07,1.212885800000000000e+07,1.212885900000000000e+07,1.212886000000000000e+07,1.212886100000000000e+07,1.212886200000000000e+07,1.212886300000000000e+07,1.212886400000000000e+07,1.212886500000000000e+07,1.212886600000000000e+07,1.212886700000000000e+07,1.212886800000000000e+07,1.212886900000000000e+07,1.212887000000000000e+07,1.212887100000000000e+07,1.212887200000000000e+07,1.212887300000000000e+07,1.212887400000000000e+07,1.212887500000000000e+07,1.212887600000000000e+07,1.212887700000000000e+07,1.212887800000000000e+07,1.212887900000000000e+07,1.212888000000000000e+07,1.212888100000000000e+07,1.212888200000000000e+07,1.212888300000000000e+07,1.212888400000000000e+07,1.212888500000000000e+07,1.212888600000000000e+07,1.212888700000000000e+07,1.212888700000000000e+07,1.212888800000000000e+07,1.212888900000000000e+07,1.212889000000000000e+07,1.212889100000000000e+07,1.212889200000000000e+07,1.212889300000000000e+07,1.212889400000000000e+07,1.212889500000000000e+07,1.212889600000000000e+07,1.212889700000000000e+07,1.212889800000000000e+07,-2.147483648000000000e+09,-2.147483648000000000e+09,-2.147483648000000000e+09,-2.147483648000000000e+09,-2.147483648000000000e+09,-2.147483648000000000e+09
1.213605400000000000e+07,1.213605500000000000e+07,1.213605600000000000e+07,1.213605700000000000e+07,1.213605800000000000e+07,1.213605900000000000e+07,1.213606000000000000e+07,1.213606100000000000e+07,1.213606200000000000e+07,1.213606300000000000e+07,1.213606400000000000e+07,1.213606500000000000e+07,1.213606600000000000e+07,1.213606700000000000e+07,1.213606800000000000e+07,1.213606900000000000e+07,1.213607000000000000e+07,1.213607100000000000e+07,1.213607200000000000e+07,1.213607300000000000e+07,1.213607400000000000e+07,1.213607500000000000e+07,1.213607600000000000e+07,1.213607700000000000e+07,1.213607800000000000e+07,1.213607900000000000e+07,1.213608000000000000e+07,1.213608100000000000e+07,1.213608200000000000e+07,1.213608300000000000e+07,1.213608400000000000e+07,1.213608500000000000e+07,1.213608600000000000e+07,1.213608700000000000e+07,1.213608700000000000e+07,1.213608800000000000e+07,1.213608900000000000e+07,1.213609000000000000e+07,1.213609100000000000e+07,1.213609200000000000e+07,1.213609300000000000e+07,1.213609400000000000e+07,1.213609500000000000e+07,1.213609600000000000e+07,1.213609700000000000e+07,-2.147483648000000000e+09,-2.147483648000000000e+09,-2.147483648000000000e+09,-2.147483648000000000e+09,-2.147483648000000000e+09,-2.147483648000000000e+09,-2.147483648000000000e+09
-2.147483648000000000e+09,-2.147483648000000000e+09,1.214325600000000000e+07,1.214325700000000000e+07,1.214325800000000000e+07,1.214325900000000000e+07,1.214326000000000000e+07,1.214326100000000000e+07,1.214326200000000000e+07,1.214326300000000000e+07,1.214326400000000000e+07,1.214326500000000000e+07,1.214326600000000000e+07,1.214326700000000000e+07,1.214326800000000000e+07,1.214326900000000000e+07,1.214327000000000000e+07,1.214327100000000000e+07,1.214327200000000000e+07,1.214327300000000000e+07,1.214327400000000000e+07,1.214327500000000000e+07,1.214327600000000000e+07,1.214327700000000000e+07,1.214327800000000000e+07,1.214327900000000000e+07,1.214328000000000000e+07,1.214328100000000000e+07,1.214328200000000000e+07,1.214328300000000000e+07,1.214328400000000000e+07,1.214328500000000000e+07,1.214328600000000000e+07,1.214328700000000000e+07,1.214328700000000000e+07,1.214328800000000000e+07,1.214328900000000000e+07,1.214329000000000000e+07,1.214329100000000000e+07,1.214329200000000000e+07,1.214329300000000000e+07,1.214329400000000000e+07,1.214329500000000000e+07,1.214329600000000000e+07,-2.147483648000000000e+09,-2.147483648000000000e+09,-2.147483648000000000e+09,-2.147483648000000000e+09,-2.147483648000000000e+09,-2.147483648000000000e+09,-2.147483648000000000e+09,-2.147483648000000000e+09
-2.147483648000000000e+09,1.215045500000000000e+07,1.215045600000000000e+07,1.215045700000000000e+07,1.215045800000000000e+07,1.215045900000000000e+07,1.215046000000000000e+07,1.215046100000000000e+07,1.215046200000000000e+07,1.215046300000000000e+07,1.215046400000000000e+07,1.215046500000000000e+07,1.215046600000000000e+07,1.215046700000000000e+07,1.215046800000000000e+07,1.215046900000000000e+07,1.215047000000000000e+07,1.215047100000000000e+07,1.215047200000000000e+07,1.215047300000000000e+07,1.215047400000000000e+07,1.215047500000000000e+07,1.215047600000000000e+07,1.215047700000000000e+07,1.215047800000000000e+07,1.215047900000000000e+07,1.215048000000000000e+07,1.215048100000000000e+07,1.215048200000000000e+07,1.215048300000000000e+07,1.215048400000000000e+07,1.215048500000000000e+07,1.215048600000000000e+07,1.215048700000000000e+07,1.215048700000000000e+07,1.215048800000000000e+07,1.215048900000000000e+07,1.215049000000000000e+07,1.215049100000000000e+07,1.215049200000000000e+07,1.215049300000000000e+07,1.215049400000000000e+07,1.215049500000000000e+07,-2.147483648000000000e+09,-2.147483648000000000e+09,-2.147483648000000000e+09,-2.147483648000000000e+09,-2.147483648000000000e+09,-2.147483648000000000e+09,-2.147483648000000000e+09,-2.147483648000000000e+09,-2.147483648000000000e+09
1.215765400000000000e+07,1.215765500000000000e+07,1.215765600000000000e+07,1.215765700000000000e+07,1.215765800000000000e+07,1.215765900000000000e+07,1.215766000000000000e+07,1.215766100000000000e+07,1.215766200000000000e+07,1.215766300000000000e+07,1.215766400000000000e+07,1.215766500000000000e+07,1.215766600000000000e+07,1.215766700000000000e+07,1.215766800000000000e+07,1.215766900000000000e+07,1.215767000000000000e+07,1.215767100000000000e+07,1.215767200000000000e+07,1.215767300000000000e+07,1.215767400000000000e+07,1.215767500000000000e+07,1.215767600000000000e+07,1.215767700000000000e+07,1.215767800000000000e+07,1.215767900000000000e+07,1.215768000000000000e+07,1.215768100000000000e+07,1.215768200000000000e+07,1.215768300000000000e+07,1.215768400000000000e+07,1.215768500000000000e+07,1.215768600000000000e+07,1.215768700000000000e+07,1.215768700000000000e+07,1.215768800000000000e+07,1.215768900000000000e+07,1.215769000000000000e+07,1.215769100000000000e+07,1.215769200000000000e+07,1.215769300000000000e+07,1.215769400000000000e+07,-2.147483648000000000e+09,-2.147483648000000000e+09,-2.147483648000000000e+09,-2.147483648000000000e+09,-2.147483648000000000e+09,-2.147483648000000000e+09,-2.147483648000000000e+09,-2.147483648000000000e+09,-2.147483648000000000e+09,-2.147483648000000000e+09
-2.147483648000000000e+09,-2.147483648000000000e+09,1.216485600000000000e+07,1.216485700000000000e+07,1.216485800000000000e+07,1.216485900000000000e+07,1.216486000000000000e+07,1.216486100000000000e+07,1.216486200000000000e+07,1.216486300000000000e+07,1.216486400000000000e+07,1.216486500000000000e+07,1.216486600000000000e+07,1.216486700000000000e+07,1.216486800000000000e+07,1.216486900000000000e+07,1.216487000000000000e+07,1.216487100000000000e+07,1.216487200000000000e+07,1.216487300000000000e+07,1.216487400000000000e+07,1.216487500000000000e+07,1.216487600000000000e+07,1.216487700000000000e+07,1.216487800000000000e+07,1.216487900000000000e+07,1.216488000000000000e+07,1.216488100000000000e+07,1.216488200000000000e+07,1.216488300000000000e+07,1.216488400000000000e+07,1.216488500000000000e+07,1.216488600000000000e+07,1.216488700000000000e+07,1.216488700000000000e+07,1.216488800000000000e+07,1.216488900000000000e+07,1.216489000000000000e+07,1.216489100000000000e+07,1.216489200000000000e+07,1.216489300000000000e+07,1.216489400000000000e+07,-2.147483648000000000e+09,-2.147483648000000000e+09,-2.147483648000000000e+09,-2.147483648000000000e+09,-2.147483648000000000e+09,-2.147483648000000000e+09,-2.147483648000000000e+09,-2.147483648000000000e+09,-2.147483648000000000e+09,-2.147483648000000000e+09
-2.147483648000000000e+09,1.217205500000000000e+07,1.217205600000000000e+07,1.217205700000000000e+07,1.217205800000000000e+07,1.217205900000000000e+07,1.217206000000000000e+07,1.217206100000000000e+07,1.217206200000000000e+07,1.217206300000000000e+07,1.217206400000000000e+07,1.217206500000000000e+07,1.217206600000000000e+07,1.217206700000000000e+07,1.217206800000000000e+07,1.217206900000000000e+07,1.217207000000000000e+07,1.217207100000000000e+07,1.217207200000000000e+07,1.217207300000000000e+07,1.217207400000000000e+07,1.217207500000000000e+07,1.217207600000000000e+07,1.217207700000000000e+07,1.217207800000000000e+07,1.217207900000000000e+07,1.217208000000000000e+07,1.217208100000000000e+07,1.217208200000000000e+07,1.217208300000000000e+07,1.217208400000000000e+07,1.217208500000000000e+07,1.217208600000000000e+07,1.217208700000000000e+07,1.217208700000000000e+07,1.217208800000000000e+07,1.217208900000000000e+07,1.217209000000000000e+07,1.217209100000000000e+07,1.217209200000000000e+07,1.217209300000000000e+07,-2.147483648000000000e+09,-2.147483648000000000e+09,-2.147483648000000000e+09,-2.147483648000000000e+09,-2.147483648000000000e+09,-2.147483648000000000e+09,-2.147483648000000000e+09,-2.147483648000000000e+09,-2.147483648000000000e+09,-2.147483648000000000e+09,-2.147483648000000000e+09
-2.147483648000000000e+09,-2.147483648000000000e+09,1.217925600000000000e+07,1.217925700000000000e+07,1.217925800000000000e+07,1.217925900000000000e+07,1.217926000000000000e+07,1.217926100000000000e+07,1.217926200000000000e+07,1.217926300000000000e+07,1.217926400000000000e+07,1.217926500000000000e+07,1.217926600000000000e+07,1.217926700000000000e+07,1.217926800000000000e+07,1.217926900000000000e+07,1.217927000000000000e+07,1.217927100000000000e+07,1.217927200000000000e+07,1.217927300000000000e+07,1.217927400000000000e+07,1.217927500000000000e+07,1.217927600000000000e+07,1.217927700000000000e+07,1.217927800000000000e+07,1.217927900000000000e+07,1.217928000000000000e+07,1.217928100000000000e+07,1.217928200000000000e+07,1.217928300000000000e+07,1.217928400000000000e+07,1.217928500000000000e+07,1.217928600000000000e+07,1.217928700000000000e+07,1.217928700000000000e+07,1.217928800000000000e+07,1.217928900000000000e+07,1.217929000000000000e+07,1.217929100000000000e+07,1.217929200000000000e+07,-2.147483648000000000e+09,-2.147483648000000000e+09,-2.147483648000000000e+09,-2.147483648000000000e+09,-2.147483648000000000e+09,-2.147483648000000000e+09,-2.147483648000000000e+09,-2.147483648000000000e+09,-2.147483648000000000e+09,-2.147483648000000000e+09,-2.147483648000000000e+09,-2.147483648000000000e+09
-2.147483648000000000e+09,1.218645500000000000e+07,1.218645600000000000e+07,1.218645700000000000e+07,1.218645800000000000e+07,1.218645900000000000e+07,1.218646000000000000e+07,1.218646100000000000e+07,1.218646200000000000e+07,1.218646300000000000e+07,1.218646400000000000e+07,1.218646500000000000e+07,1.218646600000000000e+07,1.218646700000000000e+07,1.218646800000000000e+07,1.218646900000000000e+07,1.218647000000000000e+07,1.218647100000000000e+07,1.218647200000000000e+07,1.218647300000000000e+07,1.218647400000000000e+07,1.218647500000000000e+07,1.218647600000000000e+07,1.218647700000000000e+07,1.218647800000000000e+07,1.218647900000000000e+07,1.218648000000000000e+07,1.218648100000000000e+07,1.218648200000000000e+07,1.218648300000000000e+07,1.218648400000000000e+07,1.218648500000000000e+07,1.218648600000000000e+07,1.218648700000000000e+07,1.218648700000000000e+07,1.218648800000000000e+07,1.218648900000000000e+07,1.218649000000000000e+07,1.218649100000000000e+07,1.218649200000000000e+07,-2.147483648000000000e+09,-2.147483648000000000e+09,-2.147483648000000000e+09,-2.147483648000000000e+09,-2.147483648000000000e+09,-2.147483648000000000e+09,-2.147483648000000000e+09,-2.147483648000000000e+09,-2.147483648000000000e+09,-2.147483648000000000e+09,-2.147483648000000000e+09,-2.147483648000000000e+09
-2.147483648000000000e+09,1.219365500000000000e+07,1.219365600000000000e+07,1.219365700000000000e+07,1.219365800000000000e+07,1.219365900000000000e+07,1.219366000000000000e+07,1.219366100000000000e+07,1.219366200000000000e+07,1.219366300000000000e+07,1.219366400000000000e+07,1.219366500000000000e+07,1.219366600000000000e+07,1.219366700000000000e+07,1.219366800000000000e+07,1.219366900000000000e+07,1.219367000000000000e+07,1.219367100000000000e+07,1.219367200000000000e+07,1.219367300000000000e+07,1.219367400000000000e+07,1.219367500000000000e+07,1.219367600000000000e+07,1.219367700000000000e+07,1.219367800000000000e+07,1.219367900000000000e+07,1.219368000000000000e+07,1.219368100000000000e+07,1.219368200000000000e+07,1.219368300000000000e+07,1.219368400000000000e+07,1.219368500000000000e+07,1.219368600000000000e+07,1.219368700000000000e+07,1.219368700000000000e+07,1.219368800000000000e+07,1.219368900000000000e+07,1.219369000000000000e+07,1.219369100000000000e+07,-2.147483648000000000e+09,-2.147483648000000000e+09,-2.147483648000000000e+09,-2.147483648000000000e+09,-2.147483648000000000e+09,-2.147483648000000000e+09,-2.147483648000000000e+09,-2.147483648000000000e+09,-2.147483648000000000e+09,-2.147483648000000000e+09,-2.147483648000000000e+09,-2.147483648000000000e+09,-2.147483648000000000e+09
-2.147483648000000000e+09,1.220085500000000000e+07,1.220085600000000000e+07,1.220085700000000000e+07,1.220085800000000000e+07,1.220085900000000000e+07,1.220086000000000000e+07,1.220086100000000000e+07,1.220086200000000000e+07,1.220086300000000000e+07,1.220086400000000000e+07,1.220086500000000000e+07,1.220086600000000000e+07,1.220086700000000000e+07,1.220086800000000000e+07,1.220086900000000000e+07,1.220087000000000000e+07,1.220087100000000000e+07,1.220087200000000000e+07,1.220087300000000000e+07,1.220087400000000000e+07,1.220087500000000000e+07,1.220087600000000000e+07,1.220087700000000000e+07,1.220087800000000000e+07,1.220087900000000000e+07,1.220088000000000000e+07,1.220088100000000000e+07,1.220088200000000000e+07,1.220088300000000000e+07,1.220088400000000000e+07,1.220088500000000000e+07,1.220088600000000000e+07,1.220088700000000000e+07,1.220088700000000000e+07,1.220088800000000000e+07,1.220088900000000000e+07,1.220089000000000000e+07,-2.147483648000000000e+09,-2.147483648000000000e+09,-2.147483648000000000e+09,-2.147483648000000000e+09,-2.147483648000000000e+09,-2.147483648000000000e+09,-2.147483648000000000e+09,-2.147483648000000000e+09,-2.147483648000000000e+09,-2.147483648000000000e+09,-2.147483648000000000e+09,-2.147483648000000000e+09,-2.147483648000000000e+09,-2.147483648000000000e+09
-2.147483648000000000e+09,-2.147483648000000000e+09,1.220805600000000000e+07,1.220805700000000000e+07,1.220805800000000000e+07,1.220805900000000000e+07,1.220806000000000000e+07,1.220806100000000000e+07,1.220806200000000000e+07,1.220806300000000000e+07,1.220806400000000000e+07,1.220806500000000000e+07,1.220806600000000000e+07,1.220806700000000000e+07,1.220806800000000000e+07,1.220806900000000000e+07,1.220807000000000000e+07,1.220807100000000000e+07,1.220807200000000000e+07,1.220807300000000000e+07,1.220807400000000000e+07,1.220807500000000000e+07,1.220807600000000000e+07,1.220807700000000000e+07,1.220807800000000000e+07,1.220807900000000000e+07,1.220808000000000000e+07,1.220808100000000000e+07,1.220808200000000000e+07,1.220808300000000000e+07,1.220808400000000000e+07,1.220808500000000000e+07,1.220808600000000000e+07,1.220808700000000000e+07,1.220808700000000000e+07,1.220808800000000000e+07,1.220808900000000000e+07,-2.147483648000000000e+09,-2.147483648000000000e+09,-2.147483648000000000e+09,-2.147483648000000000e+09,-2.147483648000000000e+09,-2.147483648000000000e+09,-2.147483648000000000e+09,-2.147483648000000000e+09,-2.147483648000000000e+09,-2.147483648000000000e+09,-2.147483648000000000e+09,-2.147483648000000000e+09,-2.147483648000000000e+09,-2.147483648000000000e+09,-2.147483648000000000e+09
-2.147483648000000000e+09,-2.147483648000000000e+09,-2.147483648000000000e+09,-2.147483648000000000e+09,1.221525800000000000e+07,1.221525900000000000e+07,1.221526000000000000e+07,1.221526100000000000e+07,1.221526200000000000e+07,1.221526300000000000e+07,1.221526400000000000e+07,1.221526500000000000e+07,1.221526600000000000e+07,1.221526700000000000e+07,1.221526800000000000e+07,1.221526900000000000e+07,1.221527000000000000e+07,1.221527100000000000e+07,1.221527200000000000e+07,1.221527300000000000e+07,1.221527400000000000e+07,1.221527500000000000e+07,1.221527600000000000e+07,1.221527700000000000e+07,1.221527800000000000e+07,1.221527900000000000e+07,1.221528000000000000e+07,1.221528100000000000e+07,1.221528200000000000e+07,1.221528300000000000e+07,1.221528400000000000e+07,1.221528500000000000e+07,1.221528600000000000e+07,1.221528700000000000e+07,1.221528700000000000e+07,1.221528800000000000e+07,-2.147483648000000000e+09,-2.147483648000000000e+09,-2.147483648000000000e+09,-2.147483648000000000e+09,-2.147483648000000000e+09,-2.147483648000000000e+09,-2.147483648000000000e+09,-2.147483648000000000e+09,-2.147483648000000000e+09,-2.147483648000000000e+09,-2.147483648000000000e+09,-2.147483648000000000e+09,-2.147483648000000000e+09,-2.147483648000000000e+09,-2.147483648000000000e+09,-2.147483648000000000e+09
-2.147483648000000000e+09,-2.147483648000000000e+09,-2.147483648000000000e+09,-2.147483648000000000e+09,-2.147483648000000000e+09,1.222245900000000000e+07,1.222246000000000000e+07,1.222246100000000000e+07,1.222246200000000000e+07,1.222246300000000000e+07,1.222246400000000000e+07,1.222246500000000000e+07,1.222246600000000000e+07,1.222246700000000000e+07,1.222246800000000000e+07,1.222246900000000000e+07,1.222247000000000000e+07,1.222247100000000000e+07,1.222247200000000000e+07,1.222247300000000000e+07,1.222247400000000000e+07,1.222247500000000000e+07,1.222247600000000000e+07,1.222247700000000000e+07,1.222247800000000000e+07,1.222247900000000000e+07,1.222248000000000000e+07,1.222248100000000000e+07,1.222248200000000000e+07,1.222248300000000000e+07,1.222248400000000000e+07,1.222248500000000000e+07,1.222248600000000000e+07,1.222248700000000000e+07,1.222248700000000000e+07,-2.147483648000000000e+09,-2.147483648000000000e+09,-2.147483648000000000e+09,-2.147483648000000000e+09,-2.147483648000000000e+09,-2.147483648000000000e+09,-2.147483648000000000e+09,-2.147483648000000000e+09,-2.147483648000000000e+09,-2.147483648000000000e+09,-2.147483648000000000e+09,-2.147483648000000000e+09,-2.147483648000000000e+09,-2.147483648000000000e+09,-2.147483648000000000e+09,-2.147483648000000000e+09,-2.147483648000000000e+09
-2.147483648000000000e+09,-2.147483648000000000e+09,-2.147483648000000000e+09,-2.147483648000000000e+09,-2.147483648000000000e+09,1.222965900000000000e+07,1.222966000000000000e+07,1.222966100000000000e+07,1.222966200000000000e+07,1.222966300000000000e+07,1.222966400000000000e+07,1.222966500000000000e+07,1.222966600000000000e+07,1.222966700000000000e+07,1.222966800000000000e+07,1.222966900000000000e+07,1.222967000000000000e+07,1.222967100000000000e+07,1.222967200000000000e+07,1.222967300000000000e+07,1.222967400000000000e+07,1.222967500000000000e+07,1.222967600000000000e+07,1.222967700000000000e+07,1.222967800000000000e+07,1.222967900000000000e+07,1.222968000000000000e+07,1.222968100000000000e+07,1.222968200000000000e+07,1.222968300000000000e+07,1.222968400000000000e+07,1.222968500000000000e+07,1.222968600000000000e+07,1.222968700000000000e+07,-2.147483648000000000e+09,-2.147483648000000000e+09,-2.147483648000000000e+09,-2.147483648000000000e+09,-2.147483648000000000e+09,-2.147483648000000000e+09,-2.147483648000000000e+09,-2.147483648000000000e+09,-2.147483648000000000e+09,-2.147483648000000000e+09,-2.147483648000000000e+09,-2.147483648000000000e+09,-2.147483648000000000e+09,-2.147483648000000000e+09,-2.147483648000000000e+09,-2.147483648000000000e+09,-2.147483648000000000e+09,-2.147483648000000000e+09
-2.147483648000000000e+09,-2.147483648000000000e+09,-2.147483648000000000e+09,-2.147483648000000000e+09,-2.147483648000000000e+09,1.223685900000000000e+07,1.223686000000000000e+07,1.223686100000000000e+07,1.223686200000000000e+07,1.223686300000000000e+07,1.223686400000000000e+07,1.223686500000000000e+07,1.223686600000000000e+07,1.223686700000000000e+07,1.223686800000000000e+07,1.223686900000000000e+07,1.223687000000000000e+07,1.223687100000000000e+07,1.223687200000000000e+07,1.223687300000000000e+07,1.223687400000000000e+07,1.223687500000000000e+07,1.223687600000000000e+07,1.223687700000000000e+07,1.223687800000000000e+07,1.223687900000000000e+07,1.223688000000000000e+07,1.223688100000000000e+07,1.223688200000000000e+07,1.223688300000000000e+07,1.223688400000000000e+07,1.223688500000000000e+07,1.223688600000000000e+07,-2.147483648000000000e+09,-2.147483648000000000e+09,-2.147483648000000000e+09,-2.147483648000000000e+09,-2.147483648000000000e+09,-2.147483648000000000e+09,-2.147483648000000000e+09,-2.147483648000000000e+09,-2.147483648000000000e+09,-2.147483648000000000e+09,-2.147483648000000000e+09,-2.147483648000000000e+09,-2.147483648000000000e+09,-2.147483648000000000e+09,-2.147483648000000000e+09,-2.147483648000000000e+09,-2.147483648000000000e+09,-2.147483648000000000e+09,-2.147483648000000000e+09
-2.147483648000000000e+09,-2.147483648000000000e+09,-2.147483648000000000e+09,-2.147483648000000000e+09,-2.147483648000000000e+09,1.224405900000000000e+07,1.224406000000000000e+07,1.224406100000000000e+07,1.224406200000000000e+07,1.224406300000000000e+07,1.224406400000000000e+07,1.224406500000000000e+07,1.224406600000000000e+07,1.224406700000000000e+07,1.224406800000000000e+07,1.224406900000000000e+07,1.224407000000000000e+07,1.224407100000000000e+07,1.224407200000000000e+07,1.224407300000000000e+07,1.224407400000000000e+07,1.224407500000000000e+07,1.224407600000000000e+07,1.224407700000000000e+07,1.224407800000000000e+07,1.224407900000000000e+07,1.224408000000000000e+07,1.224408100000000000e+07,1.224408200000000000e+07,1.224408300000000000e+07,1.224408400000000000e+07,1.224408500000000000e+07,-2.147483648000000000e+09,-2.147483648000000000e+09,-2.147483648000000000e+09,-2.147483648000000000e+09,-2.147483648000000000e+09,-2.147483648000000000e+09,-2.147483648000000000e+09,-2.147483648000000000e+09,-2.147483648000000000e+09,-2.147483648000000000e+09,-2.147483648000000000e+09,-2.147483648000000000e+09,-2.147483648000000000e+09,-2.147483648000000000e+09,-2.147483648000000000e+09,-2.147483648000000000e+09,-2.147483648000000000e+09,-2.147483648000000000e+09,-2.147483648000000000e+09,-2.147483648000000000e+09
-2.147483648000000000e+09,-2.147483648000000000e+09,-2.147483648000000000e+09,-2.147483648000000000e+09,-2.147483648000000000e+09,-2.147483648000000000e+09,-2.147483648000000000e+09,1.225126100000000000e+07,1.225126200000000000e+07,1.225126300000000000e+07,1.225126400000000000e+07,1.225126500000000000e+07,1.225126600000000000e+07,1.225126700000000000e+07,1.225126800000000000e+07,1.225126900000000000e+07,1.225127000000000000e+07,1.225127100000000000e+07,1.225127200000000000e+07,1.225127300000000000e+07,1.225127400000000000e+07,1.225127500000000000e+07,1.225127600000000000e+07,1.225127700000000000e+07,1.225127800000000000e+07,1.225127900000000000e+07,1.225128000000000000e+07,1.225128100000000000e+07,1.225128200000000000e+07,1.225128300000000000e+07,1.225128400000000000e+07,1.225128500000000000e+07,-2.147483648000000000e+09,-2.147483648000000000e+09,-2.147483648000000000e+09,-2.147483648000000000e+09,-2.147483648000000000e+09,-2.147483648000000000e+09,-2.147483648000000000e+09,-2.147483648000000000e+09,-2.147483648000000000e+09,-2.147483648000000000e+09,-2.147483648000000000e+09,-2.147483648000000000e+09,-2.147483648000000000e+09,-2.147483648000000000e+09,-2.147483648000000000e+09,-2.147483648000000000e+09,-2.147483648000000000e+09,-2.147483648000000000e+09,-2.147483648000000000e+09,-2.147483648000000000e+09
-2.147483648000000000e+09,-2.147483648000000000e+09,-2.147483648000000000e+09,-2.147483648000000000e+09,-2.147483648000000000e+09,-2.147483648000000000e+09,-2.147483648000000000e+09,1.225846100000000000e+07,1.225846200000000000e+07,1.225846300000000000e+07,1.225846400000000000e+07,1.225846500000000000e+07,1.225846600000000000e+07,1.225846700000000000e+07,1.225846800000000000e+07,1.225846900000000000e+07,1.225847000000000000e+07,1.225847100000000000e+07,1.225847200000000000e+07,1.225847300000000000e+07,1.225847400000000000e+07,1.225847500000000000e+07,1.225847600000000000e+07,1.225847700000000000e+07,1.225847800000000000e+07,1.225847900000000000e+07,1.225848000000000000e+07,1.225848100000000000e+07,1.225848200000000000e+07,1.225848300000000000e+07,1.225848400000000000e+07,-2.147483648000000000e+09,-2.147483648000000000e+09,-2.147483648000000000e+09,-2.147483648000000000e+09,-2.147483648000000000e+09,-2.147483648000000000e+09,-2.147483648000000000e+09,-2.147483648000000000e+09,-2.147483648000000000e+09,-2.147483648000000000e+09,-2.147483648000000000e+09,-2.147483648000000000e+09,-2.147483648000000000e+09,-2.147483648000000000e+09,-2.147483648000000000e+09,-2.147483648000000000e+09,-2.147483648000000000e+09,-2.147483648000000000e+09,-2.147483648000000000e+09,-2.147483648000000000e+09,-2.147483648000000000e+09
-2.147483648000000000e+09,-2.147483648000000000e+09,-2.147483648000000000e+09,-2.147483648000000000e+09,-2.147483648000000000e+09,-2.147483648000000000e+09,-2.147483648000000000e+09,1.226566100000000000e+07,1.226566200000000000e+07,1.226566300000000000e+07,1.226566400000000000e+07,1.226566500000000000e+07,1.226566600000000000e+07,1.226566700000000000e+07,1.226566800000000000e+07,1.226566900000000000e+07,1.226567000000000000e+07,1.226567100000000000e+07,1.226567200000000000e+07,1.226567300000000000e+07,1.226567400000000000e+07,1.226567500000000000e+07,1.226567600000000000e+07,1.226567700000000000e+07,1.226567800000000000e+07,1.226567900000000000e+07,1.226568000000000000e+07,1.226568100000000000e+07,1.226568200000000000e+07,1.226568300000000000e+07,1.226568400000000000e+07,-2.147483648000000000e+09,-2.147483648000000000e+09,-2.147483648000000000e+09,-2.147483648000000000e+09,-2.147483648000000000e+09,-2.147483648000000000e+09,-2.147483648000000000e+09,-2.147483648000000000e+09,-2.147483648000000000e+09,-2.147483648000000000e+09,-2.147483648000000000e+09,-2.147483648000000000e+09,-2.147483648000000000e+09,-2.147483648000000000e+09,-2.147483648000000000e+09,-2.147483648000000000e+09,-2.147483648000000000e+09,-2.147483648000000000e+09,-2.147483648000000000e+09,-2.147483648000000000e+09,-2.147483648000000000e+09
-2.147483648000000000e+09,-2.147483648000000000e+09,-2.147483648000000000e+09,-2.147483648000000000e+09,-2.147483648000000000e+09,-2.147483648000000000e+09,-2.147483648000000000e+09,1.227286100000000000e+07,1.227286200000000000e+07,1.227286300000000000e+07,1.227286400000000000e+07,1.227286500000000000e+07,1.227286600000000000e+07,1.227286700000000000e+07,1.227286800000000000e+07,1.227286900000000000e+07,1.227287000000000000e+07,1.227287100000000000e+07,1.227287200000000000e+07,1.227287300000000000e+07,1.227287400000000000e+07,1.227287500000000000e+07,1.227287600000000000e+07,1.227287700000000000e+07,1.227287800000000000e+07,1.227287900000000000e+07,1.227288000000000000e+07,1.227288100000000000e+07,1.227288200000000000e+07,-2.147483648000000000e+09,-2.147483648000000000e+09,-2.147483648000000000e+09,-2.147483648000000000e+09,-2.147483648000000000e+09,-2.147483648000000000e+09,-2.147483648000000000e+09,-2.147483648000000000e+09,-2.147483648000000000e+09,-2.147483648000000000e+09,-2.147483648000000000e+09,-2.147483648000000000e+09,-2.147483648000000000e+09,-2.147483648000000000e+09,-2.147483648000000000e+09,-2.147483648000000000e+09,-2.147483648000000000e+09,-2.147483648000000000e+09,-2.147483648000000000e+09,-2.147483648000000000e+09,-2.147483648000000000e+09,-2.147483648000000000e+09,-2.147483648000000000e+09
-2.147483648000000000e+09,-2.147483648000000000e+09,-2.147483648000000000e+09,-2.147483648000000000e+09,-2.147483648000000000e+09,-2.147483648000000000e+09,-2.147483648000000000e+09,1.228006100000000000e+07,1.228006200000000000e+07,1.228006300000000000e+07,1.228006400000000000e+07,1.228006500000000000e+07,1.228006600000000000e+07,1.228006700000000000e+07,1.228006800000000000e+07,1.228006900000000000e+07,1.228007000000000000e+07,1.228007100000000000e+07,1.228007200000000000e+07,1.228007300000000000e+07,1.228007400000000000e+07,1.228007500000000000e+07,1.228007600000000000e+07,1.228007700000000000e+07,1.228007800000000000e+07,1.228007900000000000e+07,1.228008000000000000e+07,-2.147483648000000000e+09,-2.147483648000000000e+09,-2.147483648000000000e+09,-2.147483648000000000e+09,-2.147483648000000000e+09,-2.147483648000000000e+09,-2.147483648000000000e+09,-2.147483648000000000e+09,-2.147483648000000000e+09,-2.147483648000000000e+09,-2.147483648000000000e+09,-2.147483648000000000e+09,-2.147483648000000000e+09,-2.147483648000000000e+09,-2.147483648000000000e+09,-2.147483648000000000e+09,-2.147483648000000000e+09,-2.147483648000000000e+09,-2.147483648000000000e+09,-2.147483648000000000e+09,-2.147483648000000000e+09,-2.147483648000000000e+09,-2.147483648000000000e+09,-2.147483648000000000e+09,-2.147483648000000000e+09
-2.147483648000000000e+09,-2.147483648000000000e+09,-2.147483648000000000e+09,-2.147483648000000000e+09,-2.147483648000000000e+09,-2.147483648000000000e+09,1.228726000000000000e+07,1.228726100000000000e+07,-2.147483648000000000e+09,-2.147483648000000000e+09,-2.147483648000000000e+09,-2.147483648000000000e+09,-2.147483648000000000e+09,-2.147483648000000000e+09,-2.147483648000000000e+09,-2.147483648000000000e+09,-2.147483648000000000e+09,-2.147483648000000000e+09,1.228727200000000000e+07,1.228727300000000000e+07,1.228727400000000000e+07,1.228727500000000000e+07,1.228727600000000000e+07,1.228727700000000000e+07,1.228727800000000000e+07,1.228727900000000000e+07,-2.147483648000000000e+09,-2.147483648000000000e+09,-2.147483648000000000e+09,-2.147483648000000000e+09,-2.147483648000000000e+09,-2.147483648000000000e+09,-2.147483648000000000e+09,-2.147483648000000000e+09,-2.147483648000000000e+09,-2.147483648000000000e+09,-2.147483648000000000e+09,-2.147483648000000000e+09,-2.147483648000000000e+09,-2.147483648000000000e+09,-2.147483648000000000e+09,-2.147483648000000000e+09,-2.147483648000000000e+09,-2.147483648000000000e+09,-2.147483648000000000e+09,-2.147483648000000000e+09,-2.147483648000000000e+09,-2.147483648000000000e+09,-2.147483648000000000e+09,-2.147483648000000000e+09,-2.147483648000000000e+09,-2.147483648000000000e+09
-2.147483648000000000e+09,-2.147483648000000000e+09,-2.147483648000000000e+09,-2.147483648000000000e+09,-2.147483648000000000e+09,-2.147483648000000000e+09,-2.147483648000000000e+09,-2.147483648000000000e+09,-2.147483648000000000e+09,-2.147483648000000000e+09,-2.147483648000000000e+09,-2.147483648000000000e+09,-2.147483648000000000e+09,-2.147483648000000000e+09,-2.147483648000000000e+09,-2.147483648000000000e+09,-2.147483648000000000e+09,-2.147483648000000000e+09,-2.147483648000000000e+09,1.229447300000000000e+07,1.229447400000000000e+07,1.229447500000000000e+07,1.229447600000000000e+07,1.229447700000000000e+07,1.229447800000000000e+07,1.229447900000000000e+07,-2.147483648000000000e+09,-2.147483648000000000e+09,-2.147483648000000000e+09,-2.147483648000000000e+09,-2.147483648000000000e+09,-2.147483648000000000e+09,-2.147483648000000000e+09,-2.147483648000000000e+09,-2.147483648000000000e+09,-2.147483648000000000e+09,-2.147483648000000000e+09,-2.147483648000000000e+09,-2.147483648000000000e+09,-2.147483648000000000e+09,-2.147483648000000000e+09,-2.147483648000000000e+09,-2.147483648000000000e+09,-2.147483648000000000e+09,-2.147483648000000000e+09,-2.147483648000000000e+09,-2.147483648000000000e+09,-2.147483648000000000e+09,-2.147483648000000000e+09,-2.147483648000000000e+09,-2.147483648000000000e+09,-2.147483648000000000e+09
-2.147483648000000000e+09,-2.147483648000000000e+09,-2.147483648000000000e+09,-2.147483648000000000e+09,-2.147483648000000000e+09,-2.147483648000000000e+09,-2.147483648000000000e+09,-2.147483648000000000e+09,-2.147483648000000000e+09,-2.147483648000000000e+09,-2.147483648000000000e+09,-2.147483648000000000e+09,-2.147483648000000000e+09,-2.147483648000000000e+09,-2.147483648000000000e+09,-2.147483648000000000e+09,-2.147483648000000000e+09,-2.147483648000000000e+09,-2.147483648000000000e+09,-2.147483648000000000e+09,1.230167400000000000e+07,1.230167500000000000e+07,1.230167600000000000e+07,-2.147483648000000000e+09,-2.147483648000000000e+09,-2.147483648000000000e+09,-2.147483648000000000e+09,-2.147483648000000000e+09,-2.147483648000000000e+09,-2.147483648000000000e+09,-2.147483648000000000e+09,-2.147483648000000000e+09,-2.147483648000000000e+09,-2.147483648000000000e+09,-2.147483648000000000e+09,-2.147483648000000000e+09,-2.147483648000000000e+09,-2.147483648000000000e+09,-2.147483648000000000e+09,-2.147483648000000000e+09,-2.147483648000000000e+09,-2.147483648000000000e+09,-2.147483648000000000e+09,-2.147483648000000000e+09,-2.147483648000000000e+09,-2.147483648000000000e+09,-2.147483648000000000e+09,-2.147483648000000000e+09,-2.147483648000000000e+09,-2.147483648000000000e+09,-2.147483648000000000e+09,-2.147483648000000000e+09
