-2.147483648000000000e+09,-2.147483648000000000e+09,-2.147483648000000000e+09,-2.147483648000000000e+09,-2.147483648000000000e+09,-2.147483648000000000e+09,-2.147483648000000000e+09,-2.147483648000000000e+09,-2.147483648000000000e+09,-2.147483648000000000e+09,-2.147483648000000000e+09,-2.147483648000000000e+09,-2.147483648000000000e+09,-2.147483648000000000e+09,-2.147483648000000000e+09,-2.147483648000000000e+09,-2.147483648000000000e+09,-2.147483648000000000e+09,-2.147483648000000000e+09,-2.147483648000000000e+09,-2.147483648000000000e+09,-2.147483648000000000e+09,-2.147483648000000000e+09,-2.147483648000000000e+09,-2.147483648000000000e+09,-2.147483648000000000e+09,-2.147483648000000000e+09,-2.147483648000000000e+09,-2.147483648000000000e+09,-2.147483648000000000e+09,-2.147483648000000000e+09,-2.147483648000000000e+09,1.128620300000000000e+07,1.128620400000000000e+07,1.128620500000000000e+07,1.128620600000000000e+07,1.128620700000000000e+07,1.128620800000000000e+07,1.128620900000000000e+07,-2.147483648000000000e+09,-2.147483648000000000e+09,-2.147483648000000000e+09,-2.147483648000000000e+09,-2.147483648000000000e+09,-2.147483648000000000e+09,-2.147483648000000000e+09,-2.147483648000000000e+09,-2.147483648000000000e+09,-2.147483648000000000e+09,-2.147483648000000000e+09,-2.147483648000000000e+09,-2.147483648000000000e+09,-2.147483648000000000e+09
-2.147483648000000000e+09,-2.147483648000000000e+09,-2.147483648000000000e+09,-2.147483648000000000e+09,-2.147483648000000000e+09,-2.147483648000000000e+09,-2.147483648000000000e+09,-2.147483648000000000e+09,-2.147483648000000000e+09,-2.147483648000000000e+09,-2.147483648000000000e+09,-2.147483648000000000e+09,-2.147483648000000000e+09,-2.147483648000000000e+09,-2.147483648000000000e+09,-2.147483648000000000e+09,-2.147483648000000000e+09,-2.147483648000000000e+09,-2.147483648000000000e+09,-2.147483648000000000e+09,-2.147483648000000000e+09,-2.147483648000000000e+09,-2.147483648000000000e+09,-2.147483648000000000e+09,-2.147483648000000000e+09,-2.147483648000000000e+09,-2.147483648000000000e+09,-2.147483648000000000e+09,-2.147483648000000000e+09,-2.147483648000000000e+09,-2.147483648000000000e+09,1.129340200000000000e+07,1.129340300000000000e+07,1.129340400000000000e+07,1.129340500000000000e+07,1.129340600000000000e+07,1.129340700000000000e+07,1.129340800000000000e+07,1.129340900000000000e+07,1.129341000000000000e+07,1.129341100000000000e+07,1.129341200000000000e+07,1.129341300000000000e+07,1.129341400000000000e+07,1.129341500000000000e+07,1.129341600000000000e+07,1.129341700000000000e+07,1.129341800000000000e+07,1.129341900000000000e+07,1.129342000000000000e+07,1.129342100000000000e+07,1.129342200000000000e+07,-2.147483648000000000e+09
-2.147483648000000000e+09,-2.147483648000000000e+09,-2.147483648000000000e+09,-2.147483648000000000e+09,-2.147483648000000000e+09,-2.147483648000000000e+09,-2.147483648000000000e+09,-2.147483648000000000e+09,-2.147483648000000000e+09,-2.147483648000000000e+09,-2.147483648000000000e+09,-2.147483648000000000e+09,-2.147483648000000000e+09,-2.147483648000000000e+09,-2.147483648000000000e+09,-2.147483648000000000e+09,-2.147483648000000000e+09,-2.147483648000000000e+09,-2.147483648000000000e+09,-2.147483648000000000e+09,-2.147483648000000000e+09,-2.147483648000000000e+09,-2.147483648000000000e+09,-2.147483648000000000e+09,-2.147483648000000000e+09,-2.147483648000000000e+09,-2.147483648000000000e+09,-2.147483648000000000e+09,-2.147483648000000000e+09,-2.147483648000000000e+09,1.130060100000000000e+07,1.130060200000000000e+07,1.130060300000000000e+07,1.130060400000000000e+07,1.130060500000000000e+07,1.130060600000000000e+07,1.130060700000000000e+07,1.130060800000000000e+07,1.130060900000000000e+07,1.130061000000000000e+07,1.130061100000000000e+07,1.130061200000000000e+07,1.130061300000000000e+07,1.130061400000000000e+07,1.130061500000000000e+07,1.130061600000000000e+07,1.130061700000000000e+07,1.130061800000000000e+07,1.130061900000000000e+07,1.130062000000000000e+07,1.130062100000000000e+07,-2.147483648000000000e+09,-2.147483648000000000e+09
-2.147483648000000000e+09,-2.147483648000000000e+09,-2.147483648000000000e+09,-2.147483648000000000e+09,-2.147483648000000000e+09,-2.147483648000000000e+09,-2.147483648000000000e+09,-2.147483648000000000e+09,-2.147483648000000000e+09,-2.147483648000000000e+09,-2.147483648000000000e+09,-2.147483648000000000e+09,-2.147483648000000000e+09,-2.147483648000000000e+09,-2.147483648000000000e+09,-2.147483648000000000e+09,-2.147483648000000000e+09,-2.147483648000000000e+09,-2.147483648000000000e+09,-2.147483648000000000e+09,-2.147483648000000000e+09,-2.147483648000000000e+09,-2.147483648000000000e+09,-2.147483648000000000e+09,-2.147483648000000000e+09,-2.147483648000000000e+09,-2.147483648000000000e+09,-2.147483648000000000e+09,-2.147483648000000000e+09,1.130780000000000000e+07,1.130780100000000000e+07,1.130780200000000000e+07,1.130780300000000000e+07,1.130780400000000000e+07,1.130780500000000000e+07,1.130780600000000000e+07,1.130780700000000000e+07,1.130780800000000000e+07,1.130780900000000000e+07,1.130781000000000000e+07,1.130781100000000000e+07,1.130781200000000000e+07,1.130781300000000000e+07,1.130781400000000000e+07,1.130781500000000000e+07,1.130781600000000000e+07,1.130781700000000000e+07,1.130781800000000000e+07,1.130781900000000000e+07,-2.147483648000000000e+09,-2.147483648000000000e+09,-2.147483648000000000e+09,-2.147483648000000000e+09
-2.147483648000000000e+09,-2.147483648000000000e+09,-2.147483648000000000e+09,-2.147483648000000000e+09,-2.147483648000000000e+09,-2.147483648000000000e+09,-2.147483648000000000e+09,-2.147483648000000000e+09,-2.147483648000000000e+09,-2.147483648000000000e+09,-2.147483648000000000e+09,-2.147483648000000000e+09,-2.147483648000000000e+09,-2.147483648000000000e+09,-2.147483648000000000e+09,-2.147483648000000000e+09,-2.147483648000000000e+09,-2.147483648000000000e+09,-2.147483648000000000e+09,-2.147483648000000000e+09,-2.147483648000000000e+09,-2.147483648000000000e+09,-2.147483648000000000e+09,-2.147483648000000000e+09,-2.147483648000000000e+09,-2.147483648000000000e+09,-2.147483648000000000e+09,1.131499800000000000e+07,1.131499900000000000e+07,1.131500000000000000e+07,1.131500100000000000e+07,1.131500200000000000e+07,1.131500300000000000e+07,1.131500400000000000e+07,1.131500500000000000e+07,1.131500600000000000e+07,1.131500700000000000e+07,1.131500800000000000e+07,1.131500900000000000e+07,1.131501000000000000e+07,1.131501100000000000e+07,1.131501200000000000e+07,1.131501300000000000e+07,1.131501400000000000e+07,1.131501500000000000e+07,1.131501600000000000e+07,1.131501700000000000e+07,-2.147483648000000000e+09,-2.147483648000000000e+09,-2.147483648000000000e+09,-2.147483648000000000e+09,-2.147483648000000000e+09,-2.147483648000000000e+09
-2.147483648000000000e+09,-2.147483648000000000e+09,-2.147483648000000000e+09,-2.147483648000000000e+09,-2.147483648000000000e+09,-2.147483648000000000e+09,-2.147483648000000000e+09,-2.147483648000000000e+09,-2.147483648000000000e+09,-2.147483648000000000e+09,-2.147483648000000000e+09,-2.147483648000000000e+09,-2.147483648000000000e+09,-2.147483648000000000e+09,-2.147483648000000000e+09,-2.147483648000000000e+09,-2.147483648000000000e+09,-2.147483648000000000e+09,-2.147483648000000000e+09,-2.147483648000000000e+09,-2.147483648000000000e+09,-2.147483648000000000e+09,-2.147483648000000000e+09,-2.147483648000000000e+09,-2.147483648000000000e+09,-2.147483648000000000e+09,1.132219700000000000e+07,1.132219800000000000e+07,1.132219900000000000e+07,1.132220000000000000e+07,1.132220100000000000e+07,1.132220200000000000e+07,1.132220300000000000e+07,1.132220400000000000e+07,1.132220500000000000e+07,1.132220600000000000e+07,1.132220700000000000e+07,1.132220800000000000e+07,1.132220900000000000e+07,1.132221000000000000e+07,1.132221100000000000e+07,1.132221200000000000e+07,1.132221300000000000e+07,1.132221400000000000e+07,1.132221500000000000e+07,1.132221600000000000e+07,-2.147483648000000000e+09,-2.147483648000000000e+09,-2.147483648000000000e+09,-2.147483648000000000e+09,-2.147483648000000000e+09,-2.147483648000000000e+09,-2.147483648000000000e+09
-2.147483648000000000e+09,-2.147483648000000000e+09,-2.147483648000000000e+09,-2.147483648000000000e+09,-2.147483648000000000e+09,-2.147483648000000000e+09,-2.147483648000000000e+09,-2.147483648000000000e+09,-2.147483648000000000e+09,-2.147483648000000000e+09,-2.147483648000000000e+09,-2.147483648000000000e+09,-2.147483648000000000e+09,-2.147483648000000000e+09,-2.147483648000000000e+09,-2.147483648000000000e+09,-2.147483648000000000e+09,-2.147483648000000000e+09,-2.147483648000000000e+09,-2.147483648000000000e+09,-2.147483648000000000e+09,-2.147483648000000000e+09,-2.147483648000000000e+09,-2.147483648000000000e+09,1.132939500000000000e+07,1.132939600000000000e+07,1.132939700000000000e+07,1.132939800000000000e+07,1.132939900000000000e+07,1.132940000000000000e+07,1.132940100000000000e+07,1.132940200000000000e+07,1.132940300000000000e+07,1.132940400000000000e+07,1.132940500000000000e+07,1.132940600000000000e+07,1.132940700000000000e+07,1.132940800000000000e+07,1.132940900000000000e+07,1.132941000000000000e+07,1.132941100000000000e+07,1.132941200000000000e+07,1.132941300000000000e+07,1.132941400000000000e+07,1.132941500000000000e+07,1.132941600000000000e+07,-2.147483648000000000e+09,-2.147483648000000000e+09,-2.147483648000000000e+09,-2.147483648000000000e+09,-2.147483648000000000e+09,-2.147483648000000000e+09,-2.147483648000000000e+09
-2.147483648000000000e+09,-2.147483648000000000e+09,-2.147483648000000000e+09,-2.147483648000000000e+09,-2.147483648000000000e+09,-2.147483648000000000e+09,-2.147483648000000000e+09,-2.147483648000000000e+09,-2.147483648000000000e+09,-2.147483648000000000e+09,-2.147483648000000000e+09,-2.147483648000000000e+09,-2.147483648000000000e+09,-2.147483648000000000e+09,-2.147483648000000000e+09,-2.147483648000000000e+09,-2.147483648000000000e+09,-2.147483648000000000e+09,-2.147483648000000000e+09,-2.147483648000000000e+09,-2.147483648000000000e+09,-2.147483648000000000e+09,1.133659300000000000e+07,1.133659400000000000e+07,1.133659500000000000e+07,1.133659600000000000e+07,1.133659700000000000e+07,1.133659800000000000e+07,1.133659900000000000e+07,1.133660000000000000e+07,1.133660100000000000e+07,1.133660200000000000e+07,1.133660300000000000e+07,1.133660400000000000e+07,1.133660500000000000e+07,1.133660600000000000e+07,1.133660700000000000e+07,1.133660800000000000e+07,1.133660900000000000e+07,1.133661000000000000e+07,1.133661100000000000e+07,1.133661200000000000e+07,1.133661300000000000e+07,1.133661400000000000e+07,1.133661500000000000e+07,1.133661600000000000e+07,-2.147483648000000000e+09,-2.147483648000000000e+09,-2.147483648000000000e+09,-2.147483648000000000e+09,-2.147483648000000000e+09,-2.147483648000000000e+09,-2.147483648000000000e+09
-2.147483648000000000e+09,-2.147483648000000000e+09,-2.147483648000000000e+09,-2.147483648000000000e+09,-2.147483648000000000e+09,-2.147483648000000000e+09,-2.147483648000000000e+09,-2.147483648000000000e+09,-2.147483648000000000e+09,-2.147483648000000000e+09,-2.147483648000000000e+09,1.134378200000000000e+07,1.134378300000000000e+07,-2.147483648000000000e+09,-2.147483648000000000e+09,-2.147483648000000000e+09,-2.147483648000000000e+09,-2.147483648000000000e+09,-2.147483648000000000e+09,-2.147483648000000000e+09,1.134379100000000000e+07,1.134379200000000000e+07,1.134379300000000000e+07,1.134379400000000000e+07,1.134379500000000000e+07,1.134379600000000000e+07,1.134379700000000000e+07,1.134379800000000000e+07,1.134379900000000000e+07,1.134380000000000000e+07,1.134380100000000000e+07,1.134380200000000000e+07,1.134380300000000000e+07,1.134380400000000000e+07,1.134380500000000000e+07,1.134380600000000000e+07,1.134380700000000000e+07,1.134380800000000000e+07,1.134380900000000000e+07,1.134381000000000000e+07,1.134381100000000000e+07,1.134381200000000000e+07,1.134381300000000000e+07,1.134381400000000000e+07,1.134381500000000000e+07,1.134381600000000000e+07,-2.147483648000000000e+09,-2.147483648000000000e+09,-2.147483648000000000e+09,-2.147483648000000000e+09,-2.147483648000000000e+09,-2.147483648000000000e+09,-2.147483648000000000e+09
-2.147483648000000000e+09,-2.147483648000000000e+09,-2.147483648000000000e+09,-2.147483648000000000e+09,-2.147483648000000000e+09,-2.147483648000000000e+09,-2.147483648000000000e+09,-2.147483648000000000e+09,-2.147483648000000000e+09,-2.147483648000000000e+09,-2.147483648000000000e+09,1.135098200000000000e+07,1.135098300000000000e+07,-2.147483648000000000e+09,-2.147483648000000000e+09,-2.147483648000000000e+09,1.135098700000000000e+07,1.135098800000000000e+07,1.135098900000000000e+07,1.135099000000000000e+07,1.135099100000000000e+07,1.135099200000000000e+07,1.135099300000000000e+07,1.135099400000000000e+07,1.135099500000000000e+07,1.135099600000000000e+07,1.135099700000000000e+07,1.135099800000000000e+07,1.135099900000000000e+07,1.135100000000000000e+07,1.135100100000000000e+07,1.135100200000000000e+07,1.135100300000000000e+07,1.135100400000000000e+07,1.135100500000000000e+07,1.135100600000000000e+07,1.135100700000000000e+07,1.135100800000000000e+07,1.135100900000000000e+07,1.135101000000000000e+07,1.135101100000000000e+07,1.135101200000000000e+07,1.135101300000000000e+07,1.135101400000000000e+07,1.135101500000000000e+07,-2.147483648000000000e+09,-2.147483648000000000e+09,-2.147483648000000000e+09,-2.147483648000000000e+09,-2.147483648000000000e+09,-2.147483648000000000e+09,-2.147483648000000000e+09,-2.147483648000000000e+09
-2.147483648000000000e+09,-2.147483648000000000e+09,-2.147483648000000000e+09,-2.147483648000000000e+09,-2.147483648000000000e+09,-2.147483648000000000e+09,-2.147483648000000000e+09,-2.147483648000000000e+09,-2.147483648000000000e+09,-2.147483648000000000e+09,-2.147483648000000000e+09,1.135818200000000000e+07,1.135818300000000000e+07,1.135818400000000000e+07,1.135818500000000000e+07,1.135818600000000000e+07,1.135818700000000000e+07,1.135818800000000000e+07,1.135818900000000000e+07,1.135819000000000000e+07,1.135819100000000000e+07,1.135819200000000000e+07,1.135819300000000000e+07,1.135819400000000000e+07,1.135819500000000000e+07,1.135819600000000000e+07,1.135819700000000000e+07,1.135819800000000000e+07,1.135819900000000000e+07,1.135820000000000000e+07,1.135820100000000000e+07,1.135820200000000000e+07,1.135820300000000000e+07,1.135820400000000000e+07,1.135820500000000000e+07,1.135820600000000000e+07,1.135820700000000000e+07,1.135820800000000000e+07,1.135820900000000000e+07,1.135821000000000000e+07,1.135821100000000000e+07,1.135821200000000000e+07,1.135821300000000000e+07,1.135821400000000000e+07,1.135821500000000000e+07,-2.147483648000000000e+09,1.135821700000000000e+07,-2.147483648000000000e+09,-2.147483648000000000e+09,-2.147483648000000000e+09,-2.147483648000000000e+09,-2.147483648000000000e+09,-2.147483648000000000e+09
-2.147483648000000000e+09,-2.147483648000000000e+09,-2.147483648000000000e+09,-2.147483648000000000e+09,-2.147483648000000000e+09,-2.147483648000000000e+09,-2.147483648000000000e+09,-2.147483648000000000e+09,-2.147483648000000000e+09,-2.147483648000000000e+09,1.136538100000000000e+07,1.136538200000000000e+07,1.136538300000000000e+07,1.136538400000000000e+07,1.136538500000000000e+07,1.136538600000000000e+07,1.136538700000000000e+07,1.136538800000000000e+07,1.136538900000000000e+07,1.136539000000000000e+07,1.136539100000000000e+07,1.136539200000000000e+07,1.136539300000000000e+07,1.136539400000000000e+07,1.136539500000000000e+07,1.136539600000000000e+07,1.136539700000000000e+07,1.136539800000000000e+07,1.136539900000000000e+07,1.136540000000000000e+07,1.136540100000000000e+07,1.136540200000000000e+07,1.136540300000000000e+07,1.136540400000000000e+07,1.136540500000000000e+07,1.136540600000000000e+07,1.136540700000000000e+07,1.136540800000000000e+07,1.136540900000000000e+07,1.136541000000000000e+07,1.136541100000000000e+07,1.136541200000000000e+07,1.136541300000000000e+07,1.136541400000000000e+07,1.136541500000000000e+07,1.136541600000000000e+07,-2.147483648000000000e+09,-2.147483648000000000e+09,-2.147483648000000000e+09,-2.147483648000000000e+09,-2.147483648000000000e+09,-2.147483648000000000e+09,-2.147483648000000000e+09
-2.147483648000000000e+09,-2.147483648000000000e+09,-2.147483648000000000e+09,-2.147483648000000000e+09,-2.147483648000000000e+09,-2.147483648000000000e+09,-2.147483648000000000e+09,-2.147483648000000000e+09,-2.147483648000000000e+09,-2.147483648000000000e+09,1.137258100000000000e+07,1.137258200000000000e+07,1.137258300000000000e+07,1.137258400000000000e+07,1.137258500000000000e+07,1.137258600000000000e+07,1.137258700000000000e+07,1.137258800000000000e+07,1.137258900000000000e+07,1.137259000000000000e+07,1.137259100000000000e+07,1.137259200000000000e+07,1.137259300000000000e+07,1.137259400000000000e+07,1.137259500000000000e+07,1.137259600000000000e+07,1.137259700000000000e+07,1.137259800000000000e+07,1.137259900000000000e+07,1.137260000000000000e+07,1.137260100000000000e+07,1.137260200000000000e+07,1.137260300000000000e+07,1.137260400000000000e+07,1.137260500000000000e+07,1.137260600000000000e+07,1.137260700000000000e+07,1.137260800000000000e+07,1.137260900000000000e+07,1.137261000000000000e+07,1.137261100000000000e+07,1.137261200000000000e+07,1.137261300000000000e+07,1.137261400000000000e+07,-2.147483648000000000e+09,-2.147483648000000000e+09,-2.147483648000000000e+09,-2.147483648000000000e+09,-2.147483648000000000e+09,-2.147483648000000000e+09,-2.147483648000000000e+09,-2.147483648000000000e+09,-2.147483648000000000e+09
-2.147483648000000000e+09,-2.147483648000000000e+09,-2.147483648000000000e+09,-2.147483648000000000e+09,-2.147483648000000000e+09,-2.147483648000000000e+09,-2.147483648000000000e+09,-2.147483648000000000e+09,-2.147483648000000000e+09,1.137978000000000000e+07,1.137978100000000000e+07,1.137978200000000000e+07,1.137978300000000000e+07,1.137978400000000000e+07,1.137978500000000000e+07,1.137978600000000000e+07,1.137978700000000000e+07,1.137978800000000000e+07,1.137978900000000000e+07,1.137979000000000000e+07,1.137979100000000000e+07,1.137979200000000000e+07,1.137979300000000000e+07,1.137979400000000000e+07,1.137979500000000000e+07,1.137979600000000000e+07,1.137979700000000000e+07,1.137979800000000000e+07,1.137979900000000000e+07,1.137980000000000000e+07,1.137980100000000000e+07,1.137980200000000000e+07,1.137980300000000000e+07,1.137980400000000000e+07,1.137980500000000000e+07,1.137980600000000000e+07,1.137980700000000000e+07,1.137980800000000000e+07,1.137980900000000000e+07,1.137981000000000000e+07,1.137981100000000000e+07,1.137981200000000000e+07,1.137981300000000000e+07,-2.147483648000000000e+09,-2.147483648000000000e+09,-2.147483648000000000e+09,-2.147483648000000000e+09,-2.147483648000000000e+09,-2.147483648000000000e+09,-2.147483648000000000e+09,-2.147483648000000000e+09,-2.147483648000000000e+09,-2.147483648000000000e+09
-2.147483648000000000e+09,-2.147483648000000000e+09,-2.147483648000000000e+09,-2.147483648000000000e+09,-2.147483648000000000e+09,-2.147483648000000000e+09,-2.147483648000000000e+09,1.138697800000000000e+07,1.138697900000000000e+07,1.138698000000000000e+07,1.138698100000000000e+07,1.138698200000000000e+07,1.138698300000000000e+07,1.138698400000000000e+07,1.138698500000000000e+07,1.138698600000000000e+07,1.138698700000000000e+07,1.138698800000000000e+07,1.138698900000000000e+07,1.138699000000000000e+07,1.138699100000000000e+07,1.138699200000000000e+07,1.138699300000000000e+07,1.138699400000000000e+07,1.138699500000000000e+07,1.138699600000000000e+07,1.138699700000000000e+07,1.138699800000000000e+07,1.138699900000000000e+07,1.138700000000000000e+07,1.138700100000000000e+07,1.138700200000000000e+07,1.138700300000000000e+07,1.138700400000000000e+07,1.138700500000000000e+07,1.138700600000000000e+07,1.138700700000000000e+07,1.138700800000000000e+07,1.138700900000000000e+07,1.138701000000000000e+07,1.138701100000000000e+07,1.138701200000000000e+07,-2.147483648000000000e+09,-2.147483648000000000e+09,-2.147483648000000000e+09,-2.147483648000000000e+09,-2.147483648000000000e+09,-2.147483648000000000e+09,-2.147483648000000000e+09,-2.147483648000000000e+09,-2.147483648000000000e+09,-2.147483648000000000e+09,-2.147483648000000000e+09
-2.147483648000000000e+09,-2.147483648000000000e+09,-2.147483648000000000e+09,-2.147483648000000000e+09,-2.147483648000000000e+09,1.139417600000000000e+07,1.139417700000000000e+07,1.139417800000000000e+07,1.139417900000000000e+07,1.139418000000000000e+07,1.139418100000000000e+07,1.139418200000000000e+07,1.139418300000000000e+07,1.139418400000000000e+07,1.139418500000000000e+07,1.139418600000000000e+07,1.139418700000000000e+07,1.139418800000000000e+07,1.139418900000000000e+07,1.139419000000000000e+07,1.139419100000000000e+07,1.139419200000000000e+07,1.139419300000000000e+07,1.139419400000000000e+07,1.139419500000000000e+07,1.139419600000000000e+07,1.139419700000000000e+07,1.139419800000000000e+07,1.139419900000000000e+07,1.139420000000000000e+07,1.139420100000000000e+07,1.139420200000000000e+07,1.139420300000000000e+07,1.139420400000000000e+07,1.139420500000000000e+07,1.139420600000000000e+07,1.139420700000000000e+07,1.139420800000000000e+07,1.139420900000000000e+07,1.139421000000000000e+07,1.139421100000000000e+07,-2.147483648000000000e+09,-2.147483648000000000e+09,-2.147483648000000000e+09,-2.147483648000000000e+09,-2.147483648000000000e+09,-2.147483648000000000e+09,-2.147483648000000000e+09,-2.147483648000000000e+09,-2.147483648000000000e+09,-2.147483648000000000e+09,-2.147483648000000000e+09,-2.147483648000000000e+09
-2.147483648000000000e+09,-2.147483648000000000e+09,-2.147483648000000000e+09,-2.147483648000000000e+09,-2.147483648000000000e+09,1.140137600000000000e+07,1.140137700000000000e+07,1.140137800000000000e+07,1.140137900000000000e+07,1.140138000000000000e+07,1.140138100000000000e+07,1.140138200000000000e+07,1.140138300000000000e+07,1.140138400000000000e+07,1.140138500000000000e+07,1.140138600000000000e+07,1.140138700000000000e+07,1.140138800000000000e+07,1.140138900000000000e+07,1.140139000000000000e+07,1.140139100000000000e+07,1.140139200000000000e+07,1.140139300000000000e+07,1.140139400000000000e+07,1.140139500000000000e+07,1.140139600000000000e+07,1.140139700000000000e+07,1.140139800000000000e+07,1.140139900000000000e+07,1.140140000000000000e+07,1.140140100000000000e+07,1.140140200000000000e+07,1.140140300000000000e+07,1.140140400000000000e+07,1.140140500000000000e+07,1.140140600000000000e+07,1.140140700000000000e+07,1.140140800000000000e+07,1.140140900000000000e+07,1.140141000000000000e+07,-2.147483648000000000e+09,-2.147483648000000000e+09,-2.147483648000000000e+09,-2.147483648000000000e+09,-2.147483648000000000e+09,-2.147483648000000000e+09,-2.147483648000000000e+09,-2.147483648000000000e+09,-2.147483648000000000e+09,-2.147483648000000000e+09,-2.147483648000000000e+09,-2.147483648000000000e+09,-2.147483648000000000e+09
-2.147483648000000000e+09,-2.147483648000000000e+09,-2.147483648000000000e+09,-2.147483648000000000e+09,1.140857500000000000e+07,1.140857600000000000e+07,1.140857700000000000e+07,1.140857800000000000e+07,1.140857900000000000e+07,1.140858000000000000e+07,1.140858100000000000e+07,1.140858200000000000e+07,1.140858300000000000e+07,1.140858400000000000e+07,1.140858500000000000e+07,1.140858600000000000e+07,1.140858700000000000e+07,1.140858800000000000e+07,1.140858900000000000e+07,1.140859000000000000e+07,1.140859100000000000e+07,1.140859200000000000e+07,1.140859300000000000e+07,1.140859400000000000e+07,1.140859500000000000e+07,1.140859600000000000e+07,1.140859700000000000e+07,1.140859800000000000e+07,1.140859900000000000e+07,1.140860000000000000e+07,1.140860100000000000e+07,1.140860200000000000e+07,1.140860300000000000e+07,1.140860400000000000e+07,1.140860500000000000e+07,1.140860600000000000e+07,1.140860700000000000e+07,1.140860800000000000e+07,1.140860900000000000e+07,-2.147483648000000000e+09,-2.147483648000000000e+09,-2.147483648000000000e+09,-2.147483648000000000e+09,-2.147483648000000000e+09,-2.147483648000000000e+09,-2.147483648000000000e+09,-2.147483648000000000e+09,-2.147483648000000000e+09,-2.147483648000000000e+09,-2.147483648000000000e+09,-2.147483648000000000e+09,-2.147483648000000000e+09,-2.147483648000000000e+09
-2.147483648000000000e+09,-2.147483648000000000e+09,-2.147483648000000000e+09,1.141577400000000000e+07,1.141577500000000000e+07,1.141577600000000000e+07,1.141577700000000000e+07,1.141577800000000000e+07,1.141577900000000000e+07,1.141578000000000000e+07,1.141578100000000000e+07,1.141578200000000000e+07,1.141578300000000000e+07,1.141578400000000000e+07,1.141578500000000000e+07,1.141578600000000000e+07,1.141578700000000000e+07,1.141578800000000000e+07,1.141578900000000000e+07,1.141579000000000000e+07,1.141579100000000000e+07,1.141579200000000000e+07,1.141579300000000000e+07,1.141579400000000000e+07,1.141579500000000000e+07,1.141579600000000000e+07,1.141579700000000000e+07,1.141579800000000000e+07,1.141579900000000000e+07,1.141580000000000000e+07,1.141580100000000000e+07,1.141580200000000000e+07,1.141580300000000000e+07,1.141580400000000000e+07,1.141580500000000000e+07,1.141580600000000000e+07,1.141580700000000000e+07,1.141580800000000000e+07,-2.147483648000000000e+09,-2.147483648000000000e+09,-2.147483648000000000e+09,-2.147483648000000000e+09,-2.147483648000000000e+09,-2.147483648000000000e+09,-2.147483648000000000e+09,-2.147483648000000000e+09,-2.147483648000000000e+09,-2.147483648000000000e+09,-2.147483648000000000e+09,-2.147483648000000000e+09,-2.147483648000000000e+09,-2.147483648000000000e+09,-2.147483648000000000e+09
-2.147483648000000000e+09,-2.147483648000000000e+09,1.142297300000000000e+07,1.142297400000000000e+07,1.142297500000000000e+07,1.142297600000000000e+07,1.142297700000000000e+07,1.142297800000000000e+07,1.142297900000000000e+07,1.142298000000000000e+07,1.142298100000000000e+07,1.142298200000000000e+07,1.142298300000000000e+07,1.142298400000000000e+07,1.142298500000000000e+07,1.142298600000000000e+07,1.142298700000000000e+07,1.142298800000000000e+07,1.142298900000000000e+07,1.142299000000000000e+07,1.142299100000000000e+07,1.142299200000000000e+07,1.142299300000000000e+07,1.142299400000000000e+07,1.142299500000000000e+07,1.142299600000000000e+07,1.142299700000000000e+07,1.142299800000000000e+07,1.142299900000000000e+07,1.142300000000000000e+07,1.142300100000000000e+07,1.142300200000000000e+07,1.142300300000000000e+07,1.142300400000000000e+07,1.142300500000000000e+07,1.142300600000000000e+07,1.142300700000000000e+07,-2.147483648000000000e+09,-2.147483648000000000e+09,-2.147483648000000000e+09,-2.147483648000000000e+09,-2.147483648000000000e+09,-2.147483648000000000e+09,-2.147483648000000000e+09,-2.147483648000000000e+09,-2.147483648000000000e+09,-2.147483648000000000e+09,-2.147483648000000000e+09,-2.147483648000000000e+09,-2.147483648000000000e+09,-2.147483648000000000e+09,-2.147483648000000000e+09,-2.147483648000000000e+09
-2.147483648000000000e+09,-2.147483648000000000e+09,-2.147483648000000000e+09,-2.147483648000000000e+09,-2.147483648000000000e+09,-2.147483648000000000e+09,1.143017700000000000e+07,1.143017800000000000e+07,1.143017900000000000e+07,1.143018000000000000e+07,1.143018100000000000e+07,1.143018200000000000e+07,1.143018300000000000e+07,1.143018400000000000e+07,1.143018500000000000e+07,1.143018600000000000e+07,1.143018700000000000e+07,1.143018800000000000e+07,1.143018900000000000e+07,1.143019000000000000e+07,1.143019100000000000e+07,1.143019200000000000e+07,1.143019300000000000e+07,1.143019400000000000e+07,1.143019500000000000e+07,1.143019600000000000e+07,1.143019700000000000e+07,1.143019800000000000e+07,1.143019900000000000e+07,1.143020000000000000e+07,1.143020100000000000e+07,1.143020200000000000e+07,1.143020300000000000e+07,1.143020400000000000e+07,1.143020500000000000e+07,1.143020600000000000e+07,-2.147483648000000000e+09,-2.147483648000000000e+09,-2.147483648000000000e+09,-2.147483648000000000e+09,-2.147483648000000000e+09,-2.147483648000000000e+09,-2.147483648000000000e+09,-2.147483648000000000e+09,-2.147483648000000000e+09,-2.147483648000000000e+09,-2.147483648000000000e+09,-2.147483648000000000e+09,-2.147483648000000000e+09,-2.147483648000000000e+09,-2.147483648000000000e+09,-2.147483648000000000e+09,-2.147483648000000000e+09
-2.147483648000000000e+09,-2.147483648000000000e+09,-2.147483648000000000e+09,-2.147483648000000000e+09,-2.147483648000000000e+09,-2.147483648000000000e+09,1.143737700000000000e+07,1.143737800000000000e+07,1.143737900000000000e+07,1.143738000000000000e+07,1.143738100000000000e+07,1.143738200000000000e+07,1.143738300000000000e+07,1.143738400000000000e+07,1.143738500000000000e+07,1.143738600000000000e+07,1.143738700000000000e+07,1.143738800000000000e+07,1.143738900000000000e+07,1.143739000000000000e+07,1.143739100000000000e+07,1.143739200000000000e+07,1.143739300000000000e+07,1.143739400000000000e+07,1.143739500000000000e+07,1.143739600000000000e+07,1.143739700000000000e+07,1.143739800000000000e+07,1.143739900000000000e+07,1.143740000000000000e+07,1.143740100000000000e+07,1.143740200000000000e+07,1.143740300000000000e+07,1.143740400000000000e+07,-2.147483648000000000e+09,-2.147483648000000000e+09,-2.147483648000000000e+09,-2.147483648000000000e+09,-2.147483648000000000e+09,-2.147483648000000000e+09,-2.147483648000000000e+09,-2.147483648000000000e+09,-2.147483648000000000e+09,-2.147483648000000000e+09,-2.147483648000000000e+09,-2.147483648000000000e+09,-2.147483648000000000e+09,-2.147483648000000000e+09,-2.147483648000000000e+09,-2.147483648000000000e+09,-2.147483648000000000e+09,-2.147483648000000000e+09,-2.147483648000000000e+09
-2.147483648000000000e+09,-2.147483648000000000e+09,-2.147483648000000000e+09,-2.147483648000000000e+09,-2.147483648000000000e+09,1.144457600000000000e+07,1.144457700000000000e+07,1.144457800000000000e+07,1.144457900000000000e+07,1.144458000000000000e+07,1.144458100000000000e+07,1.144458200000000000e+07,1.144458300000000000e+07,1.144458400000000000e+07,1.144458500000000000e+07,1.144458600000000000e+07,1.144458700000000000e+07,1.144458800000000000e+07,1.144458900000000000e+07,1.144459000000000000e+07,1.144459100000000000e+07,1.144459200000000000e+07,1.144459300000000000e+07,1.144459400000000000e+07,1.144459500000000000e+07,1.144459600000000000e+07,1.144459700000000000e+07,1.144459800000000000e+07,1.144459900000000000e+07,1.144460000000000000e+07,1.144460100000000000e+07,1.144460200000000000e+07,1.144460300000000000e+07,-2.147483648000000000e+09,-2.147483648000000000e+09,-2.147483648000000000e+09,-2.147483648000000000e+09,-2.147483648000000000e+09,-2.147483648000000000e+09,-2.147483648000000000e+09,-2.147483648000000000e+09,-2.147483648000000000e+09,-2.147483648000000000e+09,-2.147483648000000000e+09,-2.147483648000000000e+09,-2.147483648000000000e+09,-2.147483648000000000e+09,-2.147483648000000000e+09,-2.147483648000000000e+09,-2.147483648000000000e+09,-2.147483648000000000e+09,-2.147483648000000000e+09,-2.147483648000000000e+09
-2.147483648000000000e+09,-2.147483648000000000e+09,-2.147483648000000000e+09,-2.147483648000000000e+09,-2.147483648000000000e+09,1.145177600000000000e+07,1.145177700000000000e+07,1.145177800000000000e+07,1.145177900000000000e+07,1.145178000000000000e+07,1.145178100000000000e+07,1.145178200000000000e+07,1.145178300000000000e+07,1.145178400000000000e+07,1.145178500000000000e+07,1.145178600000000000e+07,1.145178700000000000e+07,1.145178800000000000e+07,1.145178900000000000e+07,1.145179000000000000e+07,1.145179100000000000e+07,1.145179200000000000e+07,1.145179300000000000e+07,1.145179400000000000e+07,1.145179500000000000e+07,1.145179600000000000e+07,1.145179700000000000e+07,1.145179800000000000e+07,1.145179900000000000e+07,1.145180000000000000e+07,1.145180100000000000e+07,1.145180200000000000e+07,-2.147483648000000000e+09,-2.147483648000000000e+09,-2.147483648000000000e+09,-2.147483648000000000e+09,-2.147483648000000000e+09,-2.147483648000000000e+09,-2.147483648000000000e+09,-2.147483648000000000e+09,-2.147483648000000000e+09,-2.147483648000000000e+09,-2.147483648000000000e+09,-2.147483648000000000e+09,-2.147483648000000000e+09,-2.147483648000000000e+09,-2.147483648000000000e+09,-2.147483648000000000e+09,-2.147483648000000000e+09,-2.147483648000000000e+09,-2.147483648000000000e+09,-2.147483648000000000e+09,-2.147483648000000000e+09
-2.147483648000000000e+09,-2.147483648000000000e+09,-2.147483648000000000e+09,-2.147483648000000000e+09,1.145897500000000000e+07,1.145897600000000000e+07,1.145897700000000000e+07,1.145897800000000000e+07,1.145897900000000000e+07,1.145898000000000000e+07,1.145898100000000000e+07,1.145898200000000000e+07,1.145898300000000000e+07,1.145898400000000000e+07,1.145898500000000000e+07,1.145898600000000000e+07,1.145898700000000000e+07,1.145898800000000000e+07,1.145898900000000000e+07,1.145899000000000000e+07,1.145899100000000000e+07,1.145899200000000000e+07,1.145899300000000000e+07,1.145899400000000000e+07,1.145899500000000000e+07,1.145899600000000000e+07,1.145899700000000000e+07,1.145899800000000000e+07,1.145899900000000000e+07,1.145900000000000000e+07,1.145900100000000000e+07,-2.147483648000000000e+09,-2.147483648000000000e+09,-2.147483648000000000e+09,-2.147483648000000000e+09,-2.147483648000000000e+09,-2.147483648000000000e+09,-2.147483648000000000e+09,-2.147483648000000000e+09,-2.147483648000000000e+09,-2.147483648000000000e+09,-2.147483648000000000e+09,-2.147483648000000000e+09,-2.147483648000000000e+09,-2.147483648000000000e+09,-2.147483648000000000e+09,-2.147483648000000000e+09,-2.147483648000000000e+09,-2.147483648000000000e+09,-2.147483648000000000e+09,-2.147483648000000000e+09,-2.147483648000000000e+09,-2.147483648000000000e+09
-2.147483648000000000e+09,-2.147483648000000000e+09,-2.147483648000000000e+09,-2.147483648000000000e+09,-2.147483648000000000e+09,-2.147483648000000000e+09,-2.147483648000000000e+09,-2.147483648000000000e+09,-2.147483648000000000e+09,1.146618000000000000e+07,1.146618100000000000e+07,1.146618200000000000e+07,1.146618300000000000e+07,1.146618400000000000e+07,1.146618500000000000e+07,1.146618600000000000e+07,1.146618700000000000e+07,1.146618800000000000e+07,1.146618900000000000e+07,1.146619000000000000e+07,1.146619100000000000e+07,1.146619200000000000e+07,1.146619300000000000e+07,1.146619400000000000e+07,1.146619500000000000e+07,1.146619600000000000e+07,1.146619700000000000e+07,1.146619800000000000e+07,1.146619900000000000e+07,1.146620000000000000e+07,-2.147483648000000000e+09,-2.147483648000000000e+09,-2.147483648000000000e+09,-2.147483648000000000e+09,-2.147483648000000000e+09,-2.147483648000000000e+09,-2.147483648000000000e+09,-2.147483648000000000e+09,-2.147483648000000000e+09,-2.147483648000000000e+09,-2.147483648000000000e+09,-2.147483648000000000e+09,-2.147483648000000000e+09,-2.147483648000000000e+09,-2.147483648000000000e+09,-2.147483648000000000e+09,-2.147483648000000000e+09,-2.147483648000000000e+09,-2.147483648000000000e+09,-2.147483648000000000e+09,-2.147483648000000000e+09,-2.147483648000000000e+09,-2.147483648000000000e+09
-2.147483648000000000e+09,-2.147483648000000000e+09,-2.147483648000000000e+09,-2.147483648000000000e+09,-2.147483648000000000e+09,-2.147483648000000000e+09,-2.147483648000000000e+09,1.147337800000000000e+07,1.147337900000000000e+07,1.147338000000000000e+07,1.147338100000000000e+07,1.147338200000000000e+07,1.147338300000000000e+07,1.147338400000000000e+07,1.147338500000000000e+07,1.147338600000000000e+07,1.147338700000000000e+07,1.147338800000000000e+07,1.147338900000000000e+07,1.147339000000000000e+07,1.147339100000000000e+07,1.147339200000000000e+07,1.147339300000000000e+07,1.147339400000000000e+07,1.147339500000000000e+07,1.147339600000000000e+07,1.147339700000000000e+07,1.147339800000000000e+07,1.147339900000000000e+07,-2.147483648000000000e+09,-2.147483648000000000e+09,-2.147483648000000000e+09,-2.147483648000000000e+09,-2.147483648000000000e+09,-2.147483648000000000e+09,-2.147483648000000000e+09,-2.147483648000000000e+09,-2.147483648000000000e+09,-2.147483648000000000e+09,-2.147483648000000000e+09,-2.147483648000000000e+09,-2.147483648000000000e+09,-2.147483648000000000e+09,-2.147483648000000000e+09,-2.147483648000000000e+09,-2.147483648000000000e+09,-2.147483648000000000e+09,-2.147483648000000000e+09,-2.147483648000000000e+09,-2.147483648000000000e+09,-2.147483648000000000e+09,-2.147483648000000000e+09,-2.147483648000000000e+09
-2.147483648000000000e+09,-2.147483648000000000e+09,-2.147483648000000000e+09,-2.147483648000000000e+09,-2.147483648000000000e+09,-2.147483648000000000e+09,1.148057700000000000e+07,1.148057800000000000e+07,1.148057900000000000e+07,1.148058000000000000e+07,1.148058100000000000e+07,1.148058200000000000e+07,1.148058300000000000e+07,1.148058400000000000e+07,1.148058500000000000e+07,1.148058600000000000e+07,1.148058700000000000e+07,1.148058800000000000e+07,1.148058900000000000e+07,1.148059000000000000e+07,1.148059100000000000e+07,1.148059200000000000e+07,1.148059300000000000e+07,1.148059400000000000e+07,1.148059500000000000e+07,1.148059600000000000e+07,1.148059700000000000e+07,-2.147483648000000000e+09,-2.147483648000000000e+09,-2.147483648000000000e+09,-2.147483648000000000e+09,-2.147483648000000000e+09,-2.147483648000000000e+09,-2.147483648000000000e+09,-2.147483648000000000e+09,-2.147483648000000000e+09,-2.147483648000000000e+09,-2.147483648000000000e+09,-2.147483648000000000e+09,-2.147483648000000000e+09,-2.147483648000000000e+09,-2.147483648000000000e+09,-2.147483648000000000e+09,-2.147483648000000000e+09,-2.147483648000000000e+09,-2.147483648000000000e+09,-2.147483648000000000e+09,-2.147483648000000000e+09,-2.147483648000000000e+09,-2.147483648000000000e+09,-2.147483648000000000e+09,-2.147483648000000000e+09,-2.147483648000000000e+09
-2.147483648000000000e+09,-2.147483648000000000e+09,-2.147483648000000000e+09,-2.147483648000000000e+09,1.148777500000000000e+07,1.148777600000000000e+07,1.148777700000000000e+07,1.148777800000000000e+07,1.148777900000000000e+07,1.148778000000000000e+07,1.148778100000000000e+07,1.148778200000000000e+07,1.148778300000000000e+07,1.148778400000000000e+07,1.148778500000000000e+07,1.148778600000000000e+07,1.148778700000000000e+07,1.148778800000000000e+07,1.148778900000000000e+07,1.148779000000000000e+07,1.148779100000000000e+07,1.148779200000000000e+07,1.148779300000000000e+07,1.148779400000000000e+07,1.148779500000000000e+07,1.148779600000000000e+07,-2.147483648000000000e+09,-2.147483648000000000e+09,-2.147483648000000000e+09,-2.147483648000000000e+09,-2.147483648000000000e+09,-2.147483648000000000e+09,-2.147483648000000000e+09,-2.147483648000000000e+09,-2.147483648000000000e+09,-2.147483648000000000e+09,-2.147483648000000000e+09,-2.147483648000000000e+09,-2.147483648000000000e+09,-2.147483648000000000e+09,-2.147483648000000000e+09,-2.147483648000000000e+09,-2.147483648000000000e+09,-2.147483648000000000e+09,-2.147483648000000000e+09,-2.147483648000000000e+09,-2.147483648000000000e+09,-2.147483648000000000e+09,-2.147483648000000000e+09,-2.147483648000000000e+09,-2.147483648000000000e+09,-2.147483648000000000e+09,-2.147483648000000000e+09
-2.147483648000000000e+09,-2.147483648000000000e+09,-2.147483648000000000e+09,1.149497400000000000e+07,1.149497500000000000e+07,1.149497600000000000e+07,1.149497700000000000e+07,1.149497800000000000e+07,1.149497900000000000e+07,1.149498000000000000e+07,1.149498100000000000e+07,1.149498200000000000e+07,1.149498300000000000e+07,1.149498400000000000e+07,1.149498500000000000e+07,1.149498600000000000e+07,1.149498700000000000e+07,1.149498800000000000e+07,1.149498900000000000e+07,1.149499000000000000e+07,1.149499100000000000e+07,1.149499200000000000e+07,1.149499300000000000e+07,1.149499400000000000e+07,1.149499500000000000e+07,-2.147483648000000000e+09,-2.147483648000000000e+09,-2.147483648000000000e+09,-2.147483648000000000e+09,-2.147483648000000000e+09,-2.147483648000000000e+09,-2.147483648000000000e+09,-2.147483648000000000e+09,-2.147483648000000000e+09,-2.147483648000000000e+09,-2.147483648000000000e+09,-2.147483648000000000e+09,-2.147483648000000000e+09,-2.147483648000000000e+09,-2.147483648000000000e+09,-2.147483648000000000e+09,-2.147483648000000000e+09,-2.147483648000000000e+09,-2.147483648000000000e+09,-2.147483648000000000e+09,-2.147483648000000000e+09,-2.147483648000000000e+09,-2.147483648000000000e+09,-2.147483648000000000e+09,-2.147483648000000000e+09,-2.147483648000000000e+09,-2.147483648000000000e+09,-2.147483648000000000e+09
-2.147483648000000000e+09,-2.147483648000000000e+09,1.150217300000000000e+07,1.150217400000000000e+07,1.150217500000000000e+07,1.150217600000000000e+07,1.150217700000000000e+07,1.150217800000000000e+07,1.150217900000000000e+07,1.150218000000000000e+07,1.150218100000000000e+07,1.150218200000000000e+07,1.150218300000000000e+07,1.150218400000000000e+07,1.150218500000000000e+07,1.150218600000000000e+07,1.150218700000000000e+07,1.150218800000000000e+07,1.150218900000000000e+07,1.150219000000000000e+07,1.150219100000000000e+07,1.150219200000000000e+07,1.150219300000000000e+07,1.150219400000000000e+07,-2.147483648000000000e+09,-2.147483648000000000e+09,-2.147483648000000000e+09,-2.147483648000000000e+09,-2.147483648000000000e+09,-2.147483648000000000e+09,-2.147483648000000000e+09,-2.147483648000000000e+09,-2.147483648000000000e+09,-2.147483648000000000e+09,-2.147483648000000000e+09,-2.147483648000000000e+09,-2.147483648000000000e+09,-2.147483648000000000e+09,-2.147483648000000000e+09,-2.147483648000000000e+09,-2.147483648000000000e+09,-2.147483648000000000e+09,-2.147483648000000000e+09,-2.147483648000000000e+09,-2.147483648000000000e+09,-2.147483648000000000e+09,-2.147483648000000000e+09,-2.147483648000000000e+09,-2.147483648000000000e+09,-2.147483648000000000e+09,-2.147483648000000000e+09,-2.147483648000000000e+09,-2.147483648000000000e+09
-2.147483648000000000e+09,-2.147483648000000000e+09,1.150937300000000000e+07,1.150937400000000000e+07,1.150937500000000000e+07,1.150937600000000000e+07,1.150937700000000000e+07,1.150937800000000000e+07,1.150937900000000000e+07,1.150938000000000000e+07,1.150938100000000000e+07,1.150938200000000000e+07,1.150938300000000000e+07,1.150938400000000000e+07,1.150938500000000000e+07,1.150938600000000000e+07,1.150938700000000000e+07,1.150938800000000000e+07,1.150938900000000000e+07,1.150939000000000000e+07,1.150939100000000000e+07,1.150939200000000000e+07,1.150939300000000000e+07,-2.147483648000000000e+09,-2.147483648000000000e+09,-2.147483648000000000e+09,-2.147483648000000000e+09,-2.147483648000000000e+09,-2.147483648000000000e+09,-2.147483648000000000e+09,-2.147483648000000000e+09,-2.147483648000000000e+09,-2.147483648000000000e+09,-2.147483648000000000e+09,-2.147483648000000000e+09,-2.147483648000000000e+09,-2.147483648000000000e+09,-2.147483648000000000e+09,-2.147483648000000000e+09,-2.147483648000000000e+09,-2.147483648000000000e+09,-2.147483648000000000e+09,-2.147483648000000000e+09,-2.147483648000000000e+09,-2.147483648000000000e+09,-2.147483648000000000e+09,-2.147483648000000000e+09,-2.147483648000000000e+09,-2.147483648000000000e+09,-2.147483648000000000e+09,-2.147483648000000000e+09,-2.147483648000000000e+09,-2.147483648000000000e+09
-2.147483648000000000e+09,1.151657200000000000e+07,1.151657300000000000e+07,1.151657400000000000e+07,1.151657500000000000e+07,1.151657600000000000e+07,1.151657700000000000e+07,1.151657800000000000e+07,1.151657900000000000e+07,1.151658000000000000e+07,1.151658100000000000e+07,1.151658200000000000e+07,1.151658300000000000e+07,1.151658400000000000e+07,1.151658500000000000e+07,1.151658600000000000e+07,1.151658700000000000e+07,1.151658800000000000e+07,1.151658900000000000e+07,1.151659000000000000e+07,1.151659100000000000e+07,-2.147483648000000000e+09,-2.147483648000000000e+09,-2.147483648000000000e+09,-2.147483648000000000e+09,-2.147483648000000000e+09,-2.147483648000000000e+09,-2.147483648000000000e+09,-2.147483648000000000e+09,-2.147483648000000000e+09,-2.147483648000000000e+09,-2.147483648000000000e+09,-2.147483648000000000e+09,-2.147483648000000000e+09,-2.147483648000000000e+09,-2.147483648000000000e+09,-2.147483648000000000e+09,-2.147483648000000000e+09,-2.147483648000000000e+09,-2.147483648000000000e+09,-2.147483648000000000e+09,-2.147483648000000000e+09,-2.147483648000000000e+09,-2.147483648000000000e+09,-2.147483648000000000e+09,-2.147483648000000000e+09,-2.147483648000000000e+09,-2.147483648000000000e+09,-2.147483648000000000e+09,-2.147483648000000000e+09,-2.147483648000000000e+09,-2.147483648000000000e+09,-2.147483648000000000e+09
-2.147483648000000000e+09,1.152377200000000000e+07,1.152377300000000000e+07,1.152377400000000000e+07,1.152377500000000000e+07,1.152377600000000000e+07,1.152377700000000000e+07,1.152377800000000000e+07,1.152377900000000000e+07,1.152378000000000000e+07,1.152378100000000000e+07,1.152378200000000000e+07,1.152378300000000000e+07,1.152378400000000000e+07,1.152378500000000000e+07,1.152378600000000000e+07,1.152378700000000000e+07,1.152378800000000000e+07,1.152378900000000000e+07,1.152379000000000000e+07,-2.147483648000000000e+09,-2.147483648000000000e+09,-2.147483648000000000e+09,-2.147483648000000000e+09,-2.147483648000000000e+09,-2.147483648000000000e+09,-2.147483648000000000e+09,-2.147483648000000000e+09,-2.147483648000000000e+09,-2.147483648000000000e+09,-2.147483648000000000e+09,-2.147483648000000000e+09,-2.147483648000000000e+09,-2.147483648000000000e+09,-2.147483648000000000e+09,-2.147483648000000000e+09,-2.147483648000000000e+09,-2.147483648000000000e+09,-2.147483648000000000e+09,-2.147483648000000000e+09,-2.147483648000000000e+09,-2.147483648000000000e+09,-2.147483648000000000e+09,-2.147483648000000000e+09,-2.147483648000000000e+09,-2.147483648000000000e+09,-2.147483648000000000e+09,-2.147483648000000000e+09,-2.147483648000000000e+09,-2.147483648000000000e+09,-2.147483648000000000e+09,-2.147483648000000000e+09,-2.147483648000000000e+09
-2.147483648000000000e+09,1.153097200000000000e+07,1.153097300000000000e+07,1.153097400000000000e+07,1.153097500000000000e+07,1.153097600000000000e+07,1.153097700000000000e+07,1.153097800000000000e+07,1.153097900000000000e+07,1.153098000000000000e+07,1.153098100000000000e+07,1.153098200000000000e+07,1.153098300000000000e+07,1.153098400000000000e+07,1.153098500000000000e+07,1.153098600000000000e+07,1.153098700000000000e+07,1.153098800000000000e+07,1.153098900000000000e+07,-2.147483648000000000e+09,-2.147483648000000000e+09,-2.147483648000000000e+09,-2.147483648000000000e+09,-2.147483648000000000e+09,-2.147483648000000000e+09,-2.147483648000000000e+09,-2.147483648000000000e+09,-2.147483648000000000e+09,-2.147483648000000000e+09,-2.147483648000000000e+09,-2.147483648000000000e+09,-2.147483648000000000e+09,-2.147483648000000000e+09,-2.147483648000000000e+09,-2.147483648000000000e+09,-2.147483648000000000e+09,-2.147483648000000000e+09,-2.147483648000000000e+09,-2.147483648000000000e+09,-2.147483648000000000e+09,-2.147483648000000000e+09,-2.147483648000000000e+09,-2.147483648000000000e+09,-2.147483648000000000e+09,-2.147483648000000000e+09,-2.147483648000000000e+09,-2.147483648000000000e+09,-2.147483648000000000e+09,-2.147483648000000000e+09,-2.147483648000000000e+09,-2.147483648000000000e+09,-2.147483648000000000e+09,-2.147483648000000000e+09
-2.147483648000000000e+09,1.153817200000000000e+07,1.153817300000000000e+07,1.153817400000000000e+07,1.153817500000000000e+07,1.153817600000000000e+07,1.153817700000000000e+07,1.153817800000000000e+07,1.153817900000000000e+07,1.153818000000000000e+07,1.153818100000000000e+07,1.153818200000000000e+07,1.153818300000000000e+07,1.153818400000000000e+07,1.153818500000000000e+07,1.153818600000000000e+07,1.153818700000000000e+07,1.153818800000000000e+07,-2.147483648000000000e+09,-2.147483648000000000e+09,-2.147483648000000000e+09,-2.147483648000000000e+09,-2.147483648000000000e+09,-2.147483648000000000e+09,-2.147483648000000000e+09,-2.147483648000000000e+09,-2.147483648000000000e+09,-2.147483648000000000e+09,-2.147483648000000000e+09,-2.147483648000000000e+09,-2.147483648000000000e+09,-2.147483648000000000e+09,-2.147483648000000000e+09,-2.147483648000000000e+09,-2.147483648000000000e+09,-2.147483648000000000e+09,-2.147483648000000000e+09,-2.147483648000000000e+09,-2.147483648000000000e+09,-2.147483648000000000e+09,-2.147483648000000000e+09,-2.147483648000000000e+09,-2.147483648000000000e+09,-2.147483648000000000e+09,-2.147483648000000000e+09,-2.147483648000000000e+09,-2.147483648000000000e+09,-2.147483648000000000e+09,-2.147483648000000000e+09,-2.147483648000000000e+09,-2.147483648000000000e+09,-2.147483648000000000e+09,-2.147483648000000000e+09
-2.147483648000000000e+09,1.154537200000000000e+07,1.154537300000000000e+07,1.154537400000000000e+07,1.154537500000000000e+07,1.154537600000000000e+07,1.154537700000000000e+07,1.154537800000000000e+07,1.154537900000000000e+07,1.154538000000000000e+07,1.154538100000000000e+07,1.154538200000000000e+07,1.154538300000000000e+07,1.154538400000000000e+07,1.154538500000000000e+07,1.154538600000000000e+07,-2.147483648000000000e+09,-2.147483648000000000e+09,-2.147483648000000000e+09,-2.147483648000000000e+09,-2.147483648000000000e+09,-2.147483648000000000e+09,-2.147483648000000000e+09,-2.147483648000000000e+09,-2.147483648000000000e+09,-2.147483648000000000e+09,-2.147483648000000000e+09,-2.147483648000000000e+09,-2.147483648000000000e+09,-2.147483648000000000e+09,-2.147483648000000000e+09,-2.147483648000000000e+09,-2.147483648000000000e+09,-2.147483648000000000e+09,-2.147483648000000000e+09,-2.147483648000000000e+09,-2.147483648000000000e+09,-2.147483648000000000e+09,-2.147483648000000000e+09,-2.147483648000000000e+09,-2.147483648000000000e+09,-2.147483648000000000e+09,-2.147483648000000000e+09,-2.147483648000000000e+09,-2.147483648000000000e+09,-2.147483648000000000e+09,-2.147483648000000000e+09,-2.147483648000000000e+09,-2.147483648000000000e+09,-2.147483648000000000e+09,-2.147483648000000000e+09,-2.147483648000000000e+09,-2.147483648000000000e+09
1.155257100000000000e+07,1.155257200000000000e+07,1.155257300000000000e+07,1.155257400000000000e+07,1.155257500000000000e+07,1.155257600000000000e+07,1.155257700000000000e+07,1.155257800000000000e+07,1.155257900000000000e+07,1.155258000000000000e+07,1.155258100000000000e+07,1.155258200000000000e+07,1.155258300000000000e+07,1.155258400000000000e+07,1.155258500000000000e+07,-2.147483648000000000e+09,-2.147483648000000000e+09,-2.147483648000000000e+09,-2.147483648000000000e+09,-2.147483648000000000e+09,-2.147483648000000000e+09,-2.147483648000000000e+09,-2.147483648000000000e+09,-2.147483648000000000e+09,-2.147483648000000000e+09,-2.147483648000000000e+09,-2.147483648000000000e+09,-2.147483648000000000e+09,-2.147483648000000000e+09,-2.147483648000000000e+09,-2.147483648000000000e+09,-2.147483648000000000e+09,-2.147483648000000000e+09,-2.147483648000000000e+09,-2.147483648000000000e+09,-2.147483648000000000e+09,-2.147483648000000000e+09,-2.147483648000000000e+09,-2.147483648000000000e+09,-2.147483648000000000e+09,-2.147483648000000000e+09,-2.147483648000000000e+09,-2.147483648000000000e+09,-2.147483648000000000e+09,-2.147483648000000000e+09,-2.147483648000000000e+09,-2.147483648000000000e+09,-2.147483648000000000e+09,-2.147483648000000000e+09,-2.147483648000000000e+09,-2.147483648000000000e+09,-2.147483648000000000e+09,-2.147483648000000000e+09
1.155977100000000000e+07,1.155977200000000000e+07,1.155977300000000000e+07,1.155977400000000000e+07,1.155977500000000000e+07,1.155977600000000000e+07,1.155977700000000000e+07,1.155977800000000000e+07,1.155977900000000000e+07,1.155978000000000000e+07,-2.147483648000000000e+09,-2.147483648000000000e+09,-2.147483648000000000e+09,-2.147483648000000000e+09,-2.147483648000000000e+09,-2.147483648000000000e+09,-2.147483648000000000e+09,-2.147483648000000000e+09,-2.147483648000000000e+09,-2.147483648000000000e+09,-2.147483648000000000e+09,-2.147483648000000000e+09,-2.147483648000000000e+09,-2.147483648000000000e+09,-2.147483648000000000e+09,-2.147483648000000000e+09,-2.147483648000000000e+09,-2.147483648000000000e+09,-2.147483648000000000e+09,-2.147483648000000000e+09,-2.147483648000000000e+09,-2.147483648000000000e+09,-2.147483648000000000e+09,-2.147483648000000000e+09,-2.147483648000000000e+09,-2.147483648000000000e+09,-2.147483648000000000e+09,-2.147483648000000000e+09,-2.147483648000000000e+09,-2.147483648000000000e+09,-2.147483648000000000e+09,-2.147483648000000000e+09,-2.147483648000000000e+09,-2.147483648000000000e+09,-2.147483648000000000e+09,-2.147483648000000000e+09,-2.147483648000000000e+09,-2.147483648000000000e+09,-2.147483648000000000e+09,-2.147483648000000000e+09,-2.147483648000000000e+09,-2.147483648000000000e+09,-2.147483648000000000e+09
