-2.147483648000000000e+09,-2.147483648000000000e+09,-2.147483648000000000e+09,-2.147483648000000000e+09,-2.147483648000000000e+09,-2.147483648000000000e+09,-2.147483648000000000e+09,-2.147483648000000000e+09,-2.147483648000000000e+09,-2.147483648000000000e+09,-2.147483648000000000e+09,-2.147483648000000000e+09,-2.147483648000000000e+09,-2.147483648000000000e+09,-2.147483648000000000e+09,-2.147483648000000000e+09,-2.147483648000000000e+09,-2.147483648000000000e+09,-2.147483648000000000e+09,1.297032200000000000e+07,1.297032300000000000e+07,1.297032400000000000e+07,1.297032500000000000e+07,1.297032600000000000e+07,1.297032700000000000e+07,1.297032800000000000e+07,1.297032900000000000e+07,1.297033000000000000e+07,1.297033100000000000e+07,1.297033200000000000e+07,1.297033300000000000e+07,1.297033400000000000e+07,1.297033500000000000e+07,1.297033600000000000e+07,1.297033700000000000e+07,1.297033800000000000e+07,1.297033900000000000e+07,1.297034000000000000e+07,1.297034100000000000e+07,1.297034200000000000e+07,1.297034300000000000e+07,1.297034400000000000e+07,1.297034500000000000e+07,1.297034600000000000e+07,1.297034700000000000e+07,1.297034800000000000e+07,1.297034900000000000e+07,1.297035000000000000e+07,1.297035100000000000e+07,1.297035200000000000e+07,1.297035300000000000e+07,1.297035400000000000e+07,1.297035500000000000e+07,1.297035600000000000e+07,1.297035700000000000e+07,1.297035800000000000e+07,1.297035900000000000e+07,1.297036000000000000e+07,1.297036100000000000e+07,1.297036200000000000e+07,1.297036300000000000e+07,1.297036400000000000e+07,1.297036500000000000e+07,1.297036600000000000e+07,1.297036700000000000e+07,1.297036800000000000e+07,1.297036900000000000e+07,1.297037000000000000e+07,1.297037100000000000e+07,1.297037200000000000e+07,1.297037300000000000e+07,1.297037400000000000e+07,1.297037500000000000e+07,1.297037600000000000e+07,1.297037700000000000e+07,1.297037800000000000e+07,1.297037900000000000e+07
-2.147483648000000000e+09,-2.147483648000000000e+09,-2.147483648000000000e+09,-2.147483648000000000e+09,-2.147483648000000000e+09,-2.147483648000000000e+09,-2.147483648000000000e+09,-2.147483648000000000e+09,-2.147483648000000000e+09,-2.147483648000000000e+09,-2.147483648000000000e+09,-2.147483648000000000e+09,-2.147483648000000000e+09,-2.147483648000000000e+09,-2.147483648000000000e+09,-2.147483648000000000e+09,-2.147483648000000000e+09,-2.147483648000000000e+09,1.297032100000000000e+07,1.297032200000000000e+07,1.297032300000000000e+07,1.297032400000000000e+07,1.297032500000000000e+07,1.297032600000000000e+07,1.297032700000000000e+07,1.297032800000000000e+07,1.297032900000000000e+07,1.297033000000000000e+07,1.297033100000000000e+07,1.297033200000000000e+07,1.297033300000000000e+07,1.297033400000000000e+07,1.297033500000000000e+07,1.297033600000000000e+07,1.297033700000000000e+07,1.297033800000000000e+07,1.297033900000000000e+07,1.297034000000000000e+07,1.297034100000000000e+07,1.297034200000000000e+07,1.297034300000000000e+07,1.297034400000000000e+07,1.297034500000000000e+07,1.297034600000000000e+07,1.297034700000000000e+07,1.297034800000000000e+07,1.297034900000000000e+07,1.297035000000000000e+07,1.297035100000000000e+07,1.297035200000000000e+07,1.297035300000000000e+07,1.297035400000000000e+07,1.297035500000000000e+07,1.297035600000000000e+07,1.297035700000000000e+07,1.297035800000000000e+07,1.297035900000000000e+07,1.297036000000000000e+07,1.297036100000000000e+07,1.297036200000000000e+07,1.297036300000000000e+07,1.297036400000000000e+07,1.297036500000000000e+07,1.297036600000000000e+07,1.297036700000000000e+07,1.297036800000000000e+07,1.297036900000000000e+07,1.297037000000000000e+07,1.297037100000000000e+07,1.297037200000000000e+07,1.297037300000000000e+07,1.297037400000000000e+07,1.297037500000000000e+07,1.297037600000000000e+07,1.297037700000000000e+07,1.297037800000000000e+07,-2.147483648000000000e+09
-2.147483648000000000e+09,-2.147483648000000000e+09,-2.147483648000000000e+09,-2.147483648000000000e+09,-2.147483648000000000e+09,-2.147483648000000000e+09,-2.147483648000000000e+09,-2.147483648000000000e+09,-2.147483648000000000e+09,-2.147483648000000000e+09,-2.147483648000000000e+09,-2.147483648000000000e+09,-2.147483648000000000e+09,-2.147483648000000000e+09,-2.147483648000000000e+09,-2.147483648000000000e+09,-2.147483648000000000e+09,-2.147483648000000000e+09,1.297752100000000000e+07,1.297752200000000000e+07,1.297752300000000000e+07,1.297752400000000000e+07,1.297752500000000000e+07,1.297752600000000000e+07,1.297752700000000000e+07,1.297752800000000000e+07,1.297752900000000000e+07,1.297753000000000000e+07,1.297753100000000000e+07,1.297753200000000000e+07,1.297753300000000000e+07,1.297753400000000000e+07,1.297753500000000000e+07,1.297753600000000000e+07,1.297753700000000000e+07,1.297753800000000000e+07,1.297753900000000000e+07,1.297754000000000000e+07,1.297754100000000000e+07,1.297754200000000000e+07,1.297754300000000000e+07,1.297754400000000000e+07,1.297754500000000000e+07,1.297754600000000000e+07,1.297754700000000000e+07,1.297754800000000000e+07,1.297754900000000000e+07,1.297755000000000000e+07,1.297755100000000000e+07,1.297755200000000000e+07,1.297755300000000000e+07,1.297755400000000000e+07,1.297755500000000000e+07,1.297755600000000000e+07,1.297755700000000000e+07,1.297755800000000000e+07,1.297755900000000000e+07,1.297756000000000000e+07,1.297756100000000000e+07,1.297756200000000000e+07,1.297756300000000000e+07,1.297756400000000000e+07,1.297756500000000000e+07,1.297756600000000000e+07,1.297756700000000000e+07,1.297756800000000000e+07,1.297756900000000000e+07,1.297757000000000000e+07,1.297757100000000000e+07,1.297757200000000000e+07,1.297757300000000000e+07,1.297757400000000000e+07,1.297757500000000000e+07,1.297757600000000000e+07,1.297757700000000000e+07,-2.147483648000000000e+09,-2.147483648000000000e+09
-2.147483648000000000e+09,-2.147483648000000000e+09,-2.147483648000000000e+09,-2.147483648000000000e+09,-2.147483648000000000e+09,-2.147483648000000000e+09,-2.147483648000000000e+09,-2.147483648000000000e+09,-2.147483648000000000e+09,-2.147483648000000000e+09,-2.147483648000000000e+09,-2.147483648000000000e+09,-2.147483648000000000e+09,-2.147483648000000000e+09,-2.147483648000000000e+09,-2.147483648000000000e+09,-2.147483648000000000e+09,-2.147483648000000000e+09,-2.147483648000000000e+09,1.298472200000000000e+07,1.298472300000000000e+07,1.298472400000000000e+07,1.298472500000000000e+07,1.298472600000000000e+07,1.298472700000000000e+07,1.298472800000000000e+07,1.298472900000000000e+07,1.298473000000000000e+07,1.298473100000000000e+07,1.298473200000000000e+07,1.298473300000000000e+07,1.298473400000000000e+07,1.298473500000000000e+07,1.298473600000000000e+07,1.298473700000000000e+07,1.298473800000000000e+07,1.298473900000000000e+07,1.298474000000000000e+07,1.298474100000000000e+07,1.298474200000000000e+07,1.298474300000000000e+07,1.298474400000000000e+07,1.298474500000000000e+07,1.298474600000000000e+07,1.298474700000000000e+07,1.298474800000000000e+07,1.298474900000000000e+07,1.298475000000000000e+07,1.298475100000000000e+07,1.298475200000000000e+07,1.298475300000000000e+07,1.298475400000000000e+07,1.298475500000000000e+07,1.298475600000000000e+07,1.298475700000000000e+07,1.298475800000000000e+07,1.298475900000000000e+07,1.298476000000000000e+07,1.298476100000000000e+07,1.298476200000000000e+07,1.298476300000000000e+07,1.298476400000000000e+07,1.298476500000000000e+07,1.298476600000000000e+07,1.298476700000000000e+07,1.298476800000000000e+07,1.298476900000000000e+07,1.298477000000000000e+07,1.298477100000000000e+07,1.298477200000000000e+07,1.298477300000000000e+07,1.298477400000000000e+07,1.298477500000000000e+07,1.298477600000000000e+07,-2.147483648000000000e+09,-2.147483648000000000e+09,-2.147483648000000000e+09
-2.147483648000000000e+09,-2.147483648000000000e+09,-2.147483648000000000e+09,-2.147483648000000000e+09,-2.147483648000000000e+09,-2.147483648000000000e+09,-2.147483648000000000e+09,-2.147483648000000000e+09,-2.147483648000000000e+09,-2.147483648000000000e+09,-2.147483648000000000e+09,-2.147483648000000000e+09,-2.147483648000000000e+09,-2.147483648000000000e+09,-2.147483648000000000e+09,-2.147483648000000000e+09,-2.147483648000000000e+09,-2.147483648000000000e+09,-2.147483648000000000e+09,-2.147483648000000000e+09,1.299192300000000000e+07,1.299192400000000000e+07,1.299192500000000000e+07,1.299192600000000000e+07,1.299192700000000000e+07,1.299192800000000000e+07,1.299192900000000000e+07,1.299193000000000000e+07,1.299193100000000000e+07,1.299193200000000000e+07,1.299193300000000000e+07,1.299193400000000000e+07,1.299193500000000000e+07,1.299193600000000000e+07,1.299193700000000000e+07,1.299193800000000000e+07,1.299193900000000000e+07,1.299194000000000000e+07,1.299194100000000000e+07,1.299194200000000000e+07,1.299194300000000000e+07,1.299194400000000000e+07,1.299194500000000000e+07,1.299194600000000000e+07,1.299194700000000000e+07,1.299194800000000000e+07,1.299194900000000000e+07,1.299195000000000000e+07,1.299195100000000000e+07,1.299195200000000000e+07,1.299195300000000000e+07,1.299195400000000000e+07,1.299195500000000000e+07,1.299195600000000000e+07,1.299195700000000000e+07,1.299195800000000000e+07,1.299195900000000000e+07,1.299196000000000000e+07,1.299196100000000000e+07,1.299196200000000000e+07,1.299196300000000000e+07,1.299196400000000000e+07,1.299196500000000000e+07,1.299196600000000000e+07,1.299196700000000000e+07,1.299196800000000000e+07,1.299196900000000000e+07,1.299197000000000000e+07,1.299197100000000000e+07,1.299197200000000000e+07,1.299197300000000000e+07,1.299197400000000000e+07,1.299197500000000000e+07,-2.147483648000000000e+09,-2.147483648000000000e+09,-2.147483648000000000e+09,-2.147483648000000000e+09
-2.147483648000000000e+09,-2.147483648000000000e+09,-2.147483648000000000e+09,-2.147483648000000000e+09,-2.147483648000000000e+09,-2.147483648000000000e+09,-2.147483648000000000e+09,-2.147483648000000000e+09,-2.147483648000000000e+09,-2.147483648000000000e+09,-2.147483648000000000e+09,-2.147483648000000000e+09,-2.147483648000000000e+09,-2.147483648000000000e+09,-2.147483648000000000e+09,-2.147483648000000000e+09,-2.147483648000000000e+09,-2.147483648000000000e+09,-2.147483648000000000e+09,-2.147483648000000000e+09,1.299912300000000000e+07,1.299912400000000000e+07,1.299912500000000000e+07,1.299912600000000000e+07,1.299912700000000000e+07,1.299912800000000000e+07,1.299912900000000000e+07,1.299913000000000000e+07,1.299913100000000000e+07,1.299913200000000000e+07,1.299913300000000000e+07,1.299913400000000000e+07,1.299913500000000000e+07,1.299913600000000000e+07,1.299913700000000000e+07,1.299913800000000000e+07,1.299913900000000000e+07,1.299914000000000000e+07,1.299914100000000000e+07,1.299914200000000000e+07,1.299914300000000000e+07,1.299914400000000000e+07,1.299914500000000000e+07,1.299914600000000000e+07,1.299914700000000000e+07,1.299914800000000000e+07,1.299914900000000000e+07,1.299915000000000000e+07,1.299915100000000000e+07,1.299915200000000000e+07,1.299915300000000000e+07,1.299915400000000000e+07,1.299915500000000000e+07,1.299915600000000000e+07,1.299915700000000000e+07,1.299915800000000000e+07,1.299915900000000000e+07,1.299916000000000000e+07,1.299916100000000000e+07,1.299916200000000000e+07,1.299916300000000000e+07,1.299916400000000000e+07,1.299916500000000000e+07,1.299916600000000000e+07,1.299916700000000000e+07,1.299916800000000000e+07,1.299916900000000000e+07,1.299917000000000000e+07,1.299917100000000000e+07,1.299917200000000000e+07,1.299917300000000000e+07,1.299917400000000000e+07,-2.147483648000000000e+09,-2.147483648000000000e+09,-2.147483648000000000e+09,-2.147483648000000000e+09,-2.147483648000000000e+09
-2.147483648000000000e+09,-2.147483648000000000e+09,-2.147483648000000000e+09,-2.147483648000000000e+09,-2.147483648000000000e+09,-2.147483648000000000e+09,-2.147483648000000000e+09,-2.147483648000000000e+09,-2.147483648000000000e+09,-2.147483648000000000e+09,-2.147483648000000000e+09,-2.147483648000000000e+09,-2.147483648000000000e+09,-2.147483648000000000e+09,-2.147483648000000000e+09,-2.147483648000000000e+09,-2.147483648000000000e+09,-2.147483648000000000e+09,-2.147483648000000000e+09,1.300632200000000000e+07,1.300632300000000000e+07,1.300632400000000000e+07,1.300632500000000000e+07,1.300632600000000000e+07,1.300632700000000000e+07,1.300632800000000000e+07,1.300632900000000000e+07,1.300633000000000000e+07,1.300633100000000000e+07,1.300633200000000000e+07,1.300633300000000000e+07,1.300633400000000000e+07,1.300633500000000000e+07,1.300633600000000000e+07,1.300633700000000000e+07,1.300633800000000000e+07,1.300633900000000000e+07,1.300634000000000000e+07,1.300634100000000000e+07,1.300634200000000000e+07,1.300634300000000000e+07,1.300634400000000000e+07,1.300634500000000000e+07,1.300634600000000000e+07,1.300634700000000000e+07,1.300634800000000000e+07,1.300634900000000000e+07,1.300635000000000000e+07,1.300635100000000000e+07,1.300635200000000000e+07,1.300635300000000000e+07,1.300635400000000000e+07,1.300635500000000000e+07,1.300635600000000000e+07,1.300635700000000000e+07,1.300635800000000000e+07,1.300635900000000000e+07,1.300636000000000000e+07,1.300636100000000000e+07,1.300636200000000000e+07,1.300636300000000000e+07,1.300636400000000000e+07,1.300636500000000000e+07,1.300636600000000000e+07,1.300636700000000000e+07,1.300636800000000000e+07,1.300636900000000000e+07,1.300637000000000000e+07,1.300637100000000000e+07,1.300637200000000000e+07,1.300637300000000000e+07,-2.147483648000000000e+09,-2.147483648000000000e+09,-2.147483648000000000e+09,-2.147483648000000000e+09,-2.147483648000000000e+09,-2.147483648000000000e+09
-2.147483648000000000e+09,-2.147483648000000000e+09,-2.147483648000000000e+09,-2.147483648000000000e+09,-2.147483648000000000e+09,-2.147483648000000000e+09,-2.147483648000000000e+09,-2.147483648000000000e+09,-2.147483648000000000e+09,-2.147483648000000000e+09,-2.147483648000000000e+09,-2.147483648000000000e+09,-2.147483648000000000e+09,-2.147483648000000000e+09,-2.147483648000000000e+09,-2.147483648000000000e+09,-2.147483648000000000e+09,-2.147483648000000000e+09,-2.147483648000000000e+09,1.301352200000000000e+07,1.301352300000000000e+07,1.301352400000000000e+07,1.301352500000000000e+07,1.301352600000000000e+07,1.301352700000000000e+07,1.301352800000000000e+07,1.301352900000000000e+07,1.301353000000000000e+07,1.301353100000000000e+07,1.301353200000000000e+07,1.301353300000000000e+07,1.301353400000000000e+07,1.301353500000000000e+07,1.301353600000000000e+07,1.301353700000000000e+07,1.301353800000000000e+07,1.301353900000000000e+07,1.301354000000000000e+07,1.301354100000000000e+07,1.301354200000000000e+07,1.301354300000000000e+07,1.301354400000000000e+07,1.301354500000000000e+07,1.301354600000000000e+07,1.301354700000000000e+07,1.301354800000000000e+07,1.301354900000000000e+07,1.301355000000000000e+07,1.301355100000000000e+07,1.301355200000000000e+07,1.301355300000000000e+07,1.301355400000000000e+07,1.301355500000000000e+07,1.301355600000000000e+07,1.301355700000000000e+07,1.301355800000000000e+07,1.301355900000000000e+07,1.301356000000000000e+07,1.301356100000000000e+07,1.301356200000000000e+07,1.301356300000000000e+07,1.301356400000000000e+07,1.301356500000000000e+07,1.301356600000000000e+07,1.301356700000000000e+07,1.301356800000000000e+07,1.301356900000000000e+07,1.301357000000000000e+07,1.301357100000000000e+07,1.301357200000000000e+07,-2.147483648000000000e+09,-2.147483648000000000e+09,-2.147483648000000000e+09,-2.147483648000000000e+09,-2.147483648000000000e+09,-2.147483648000000000e+09,-2.147483648000000000e+09
-2.147483648000000000e+09,-2.147483648000000000e+09,-2.147483648000000000e+09,-2.147483648000000000e+09,-2.147483648000000000e+09,-2.147483648000000000e+09,-2.147483648000000000e+09,-2.147483648000000000e+09,-2.147483648000000000e+09,-2.147483648000000000e+09,-2.147483648000000000e+09,-2.147483648000000000e+09,-2.147483648000000000e+09,-2.147483648000000000e+09,-2.147483648000000000e+09,-2.147483648000000000e+09,-2.147483648000000000e+09,-2.147483648000000000e+09,1.302072100000000000e+07,1.302072200000000000e+07,1.302072300000000000e+07,1.302072400000000000e+07,1.302072500000000000e+07,1.302072600000000000e+07,1.302072700000000000e+07,1.302072800000000000e+07,1.302072900000000000e+07,1.302073000000000000e+07,1.302073100000000000e+07,1.302073200000000000e+07,1.302073300000000000e+07,1.302073400000000000e+07,1.302073500000000000e+07,1.302073600000000000e+07,1.302073700000000000e+07,1.302073800000000000e+07,1.302073900000000000e+07,1.302074000000000000e+07,1.302074100000000000e+07,1.302074200000000000e+07,1.302074300000000000e+07,1.302074400000000000e+07,1.302074500000000000e+07,1.302074600000000000e+07,1.302074700000000000e+07,1.302074800000000000e+07,1.302074900000000000e+07,1.302075000000000000e+07,1.302075100000000000e+07,1.302075200000000000e+07,1.302075300000000000e+07,1.302075400000000000e+07,1.302075500000000000e+07,1.302075600000000000e+07,1.302075700000000000e+07,1.302075800000000000e+07,1.302075900000000000e+07,1.302076000000000000e+07,1.302076100000000000e+07,1.302076200000000000e+07,1.302076300000000000e+07,1.302076400000000000e+07,1.302076500000000000e+07,1.302076600000000000e+07,1.302076700000000000e+07,1.302076800000000000e+07,1.302076900000000000e+07,1.302077000000000000e+07,1.302077100000000000e+07,-2.147483648000000000e+09,-2.147483648000000000e+09,-2.147483648000000000e+09,-2.147483648000000000e+09,-2.147483648000000000e+09,-2.147483648000000000e+09,-2.147483648000000000e+09,-2.147483648000000000e+09
-2.147483648000000000e+09,-2.147483648000000000e+09,-2.147483648000000000e+09,-2.147483648000000000e+09,-2.147483648000000000e+09,-2.147483648000000000e+09,-2.147483648000000000e+09,-2.147483648000000000e+09,-2.147483648000000000e+09,-2.147483648000000000e+09,-2.147483648000000000e+09,-2.147483648000000000e+09,-2.147483648000000000e+09,-2.147483648000000000e+09,-2.147483648000000000e+09,-2.147483648000000000e+09,-2.147483648000000000e+09,1.302792000000000000e+07,1.302792100000000000e+07,1.302792200000000000e+07,1.302792300000000000e+07,1.302792400000000000e+07,1.302792500000000000e+07,1.302792600000000000e+07,1.302792700000000000e+07,1.302792800000000000e+07,1.302792900000000000e+07,1.302793000000000000e+07,1.302793100000000000e+07,1.302793200000000000e+07,1.302793300000000000e+07,1.302793400000000000e+07,1.302793500000000000e+07,1.302793600000000000e+07,1.302793700000000000e+07,1.302793800000000000e+07,1.302793900000000000e+07,1.302794000000000000e+07,1.302794100000000000e+07,1.302794200000000000e+07,1.302794300000000000e+07,1.302794400000000000e+07,1.302794500000000000e+07,1.302794600000000000e+07,1.302794700000000000e+07,1.302794800000000000e+07,1.302794900000000000e+07,1.302795000000000000e+07,1.302795100000000000e+07,1.302795200000000000e+07,1.302795300000000000e+07,1.302795400000000000e+07,1.302795500000000000e+07,1.302795600000000000e+07,1.302795700000000000e+07,1.302795800000000000e+07,1.302795900000000000e+07,1.302796000000000000e+07,1.302796100000000000e+07,1.302796200000000000e+07,1.302796300000000000e+07,1.302796400000000000e+07,1.302796500000000000e+07,1.302796600000000000e+07,1.302796700000000000e+07,1.302796800000000000e+07,1.302796900000000000e+07,1.302797000000000000e+07,1.302797100000000000e+07,-2.147483648000000000e+09,-2.147483648000000000e+09,-2.147483648000000000e+09,-2.147483648000000000e+09,-2.147483648000000000e+09,-2.147483648000000000e+09,-2.147483648000000000e+09,-2.147483648000000000e+09
-2.147483648000000000e+09,-2.147483648000000000e+09,-2.147483648000000000e+09,-2.147483648000000000e+09,-2.147483648000000000e+09,-2.147483648000000000e+09,-2.147483648000000000e+09,-2.147483648000000000e+09,-2.147483648000000000e+09,-2.147483648000000000e+09,-2.147483648000000000e+09,-2.147483648000000000e+09,-2.147483648000000000e+09,-2.147483648000000000e+09,-2.147483648000000000e+09,-2.147483648000000000e+09,1.303511900000000000e+07,1.303512000000000000e+07,1.303512100000000000e+07,1.303512200000000000e+07,1.303512300000000000e+07,1.303512400000000000e+07,1.303512500000000000e+07,1.303512600000000000e+07,1.303512700000000000e+07,1.303512800000000000e+07,1.303512900000000000e+07,1.303513000000000000e+07,1.303513100000000000e+07,1.303513200000000000e+07,1.303513300000000000e+07,1.303513400000000000e+07,1.303513500000000000e+07,1.303513600000000000e+07,1.303513700000000000e+07,1.303513800000000000e+07,1.303513900000000000e+07,1.303514000000000000e+07,1.303514100000000000e+07,1.303514200000000000e+07,1.303514300000000000e+07,1.303514400000000000e+07,1.303514500000000000e+07,1.303514600000000000e+07,1.303514700000000000e+07,1.303514800000000000e+07,1.303514900000000000e+07,1.303515000000000000e+07,1.303515100000000000e+07,1.303515200000000000e+07,1.303515300000000000e+07,1.303515400000000000e+07,1.303515500000000000e+07,1.303515600000000000e+07,1.303515700000000000e+07,1.303515800000000000e+07,1.303515900000000000e+07,1.303516000000000000e+07,1.303516100000000000e+07,1.303516200000000000e+07,1.303516300000000000e+07,1.303516400000000000e+07,1.303516500000000000e+07,1.303516600000000000e+07,1.303516700000000000e+07,1.303516800000000000e+07,1.303516900000000000e+07,1.303517000000000000e+07,-2.147483648000000000e+09,-2.147483648000000000e+09,-2.147483648000000000e+09,-2.147483648000000000e+09,-2.147483648000000000e+09,-2.147483648000000000e+09,-2.147483648000000000e+09,-2.147483648000000000e+09,-2.147483648000000000e+09
-2.147483648000000000e+09,-2.147483648000000000e+09,-2.147483648000000000e+09,-2.147483648000000000e+09,-2.147483648000000000e+09,-2.147483648000000000e+09,-2.147483648000000000e+09,-2.147483648000000000e+09,-2.147483648000000000e+09,-2.147483648000000000e+09,-2.147483648000000000e+09,-2.147483648000000000e+09,-2.147483648000000000e+09,1.304231600000000000e+07,1.304231700000000000e+07,1.304231800000000000e+07,1.304231900000000000e+07,1.304232000000000000e+07,1.304232100000000000e+07,1.304232200000000000e+07,1.304232300000000000e+07,1.304232400000000000e+07,1.304232500000000000e+07,1.304232600000000000e+07,1.304232700000000000e+07,1.304232800000000000e+07,1.304232900000000000e+07,1.304233000000000000e+07,1.304233100000000000e+07,1.304233200000000000e+07,1.304233300000000000e+07,1.304233400000000000e+07,1.304233500000000000e+07,1.304233600000000000e+07,1.304233700000000000e+07,1.304233800000000000e+07,1.304233900000000000e+07,1.304234000000000000e+07,1.304234100000000000e+07,1.304234200000000000e+07,1.304234300000000000e+07,1.304234400000000000e+07,1.304234500000000000e+07,1.304234600000000000e+07,1.304234700000000000e+07,1.304234800000000000e+07,1.304234900000000000e+07,1.304235000000000000e+07,1.304235100000000000e+07,1.304235200000000000e+07,1.304235300000000000e+07,1.304235400000000000e+07,1.304235500000000000e+07,1.304235600000000000e+07,1.304235700000000000e+07,1.304235800000000000e+07,1.304235900000000000e+07,1.304236000000000000e+07,1.304236100000000000e+07,1.304236200000000000e+07,1.304236300000000000e+07,1.304236400000000000e+07,1.304236500000000000e+07,1.304236600000000000e+07,1.304236700000000000e+07,1.304236800000000000e+07,1.304236900000000000e+07,-2.147483648000000000e+09,-2.147483648000000000e+09,-2.147483648000000000e+09,-2.147483648000000000e+09,-2.147483648000000000e+09,-2.147483648000000000e+09,-2.147483648000000000e+09,-2.147483648000000000e+09,-2.147483648000000000e+09,-2.147483648000000000e+09
-2.147483648000000000e+09,-2.147483648000000000e+09,-2.147483648000000000e+09,-2.147483648000000000e+09,-2.147483648000000000e+09,-2.147483648000000000e+09,-2.147483648000000000e+09,-2.147483648000000000e+09,-2.147483648000000000e+09,-2.147483648000000000e+09,-2.147483648000000000e+09,1.304951400000000000e+07,1.304951500000000000e+07,1.304951600000000000e+07,1.304951700000000000e+07,1.304951800000000000e+07,1.304951900000000000e+07,1.304952000000000000e+07,1.304952100000000000e+07,1.304952200000000000e+07,1.304952300000000000e+07,1.304952400000000000e+07,1.304952500000000000e+07,1.304952600000000000e+07,1.304952700000000000e+07,1.304952800000000000e+07,1.304952900000000000e+07,1.304953000000000000e+07,1.304953100000000000e+07,1.304953200000000000e+07,1.304953300000000000e+07,1.304953400000000000e+07,1.304953500000000000e+07,1.304953600000000000e+07,1.304953700000000000e+07,1.304953800000000000e+07,1.304953900000000000e+07,1.304954000000000000e+07,1.304954100000000000e+07,1.304954200000000000e+07,1.304954300000000000e+07,1.304954400000000000e+07,1.304954500000000000e+07,1.304954600000000000e+07,1.304954700000000000e+07,1.304954800000000000e+07,1.304954900000000000e+07,1.304955000000000000e+07,1.304955100000000000e+07,1.304955200000000000e+07,1.304955300000000000e+07,1.304955400000000000e+07,1.304955500000000000e+07,1.304955600000000000e+07,1.304955700000000000e+07,1.304955800000000000e+07,1.304955900000000000e+07,1.304956000000000000e+07,1.304956100000000000e+07,1.304956200000000000e+07,1.304956300000000000e+07,1.304956400000000000e+07,1.304956500000000000e+07,1.304956600000000000e+07,1.304956700000000000e+07,1.304956800000000000e+07,-2.147483648000000000e+09,-2.147483648000000000e+09,-2.147483648000000000e+09,-2.147483648000000000e+09,-2.147483648000000000e+09,-2.147483648000000000e+09,-2.147483648000000000e+09,-2.147483648000000000e+09,-2.147483648000000000e+09,-2.147483648000000000e+09,-2.147483648000000000e+09
-2.147483648000000000e+09,-2.147483648000000000e+09,-2.147483648000000000e+09,-2.147483648000000000e+09,-2.147483648000000000e+09,-2.147483648000000000e+09,-2.147483648000000000e+09,-2.147483648000000000e+09,-2.147483648000000000e+09,1.305671200000000000e+07,1.305671300000000000e+07,1.305671400000000000e+07,1.305671500000000000e+07,1.305671600000000000e+07,1.305671700000000000e+07,1.305671800000000000e+07,1.305671900000000000e+07,1.305672000000000000e+07,1.305672100000000000e+07,1.305672200000000000e+07,1.305672300000000000e+07,1.305672400000000000e+07,1.305672500000000000e+07,1.305672600000000000e+07,1.305672700000000000e+07,1.305672800000000000e+07,1.305672900000000000e+07,1.305673000000000000e+07,1.305673100000000000e+07,1.305673200000000000e+07,1.305673300000000000e+07,1.305673400000000000e+07,1.305673500000000000e+07,1.305673600000000000e+07,1.305673700000000000e+07,1.305673800000000000e+07,1.305673900000000000e+07,1.305674000000000000e+07,1.305674100000000000e+07,1.305674200000000000e+07,1.305674300000000000e+07,1.305674400000000000e+07,1.305674500000000000e+07,1.305674600000000000e+07,1.305674700000000000e+07,1.305674800000000000e+07,1.305674900000000000e+07,1.305675000000000000e+07,1.305675100000000000e+07,1.305675200000000000e+07,1.305675300000000000e+07,1.305675400000000000e+07,1.305675500000000000e+07,1.305675600000000000e+07,1.305675700000000000e+07,1.305675800000000000e+07,1.305675900000000000e+07,1.305676000000000000e+07,1.305676100000000000e+07,1.305676200000000000e+07,1.305676300000000000e+07,1.305676400000000000e+07,1.305676500000000000e+07,1.305676600000000000e+07,1.305676700000000000e+07,-2.147483648000000000e+09,-2.147483648000000000e+09,-2.147483648000000000e+09,-2.147483648000000000e+09,-2.147483648000000000e+09,-2.147483648000000000e+09,-2.147483648000000000e+09,-2.147483648000000000e+09,-2.147483648000000000e+09,-2.147483648000000000e+09,-2.147483648000000000e+09,-2.147483648000000000e+09
-2.147483648000000000e+09,-2.147483648000000000e+09,-2.147483648000000000e+09,-2.147483648000000000e+09,-2.147483648000000000e+09,-2.147483648000000000e+09,1.306390900000000000e+07,1.306391000000000000e+07,1.306391100000000000e+07,1.306391200000000000e+07,1.306391300000000000e+07,1.306391400000000000e+07,1.306391500000000000e+07,1.306391600000000000e+07,1.306391700000000000e+07,1.306391800000000000e+07,1.306391900000000000e+07,1.306392000000000000e+07,1.306392100000000000e+07,1.306392200000000000e+07,1.306392300000000000e+07,1.306392400000000000e+07,1.306392500000000000e+07,1.306392600000000000e+07,1.306392700000000000e+07,1.306392800000000000e+07,1.306392900000000000e+07,1.306393000000000000e+07,1.306393100000000000e+07,1.306393200000000000e+07,1.306393300000000000e+07,1.306393400000000000e+07,1.306393500000000000e+07,1.306393600000000000e+07,1.306393700000000000e+07,1.306393800000000000e+07,1.306393900000000000e+07,1.306394000000000000e+07,1.306394100000000000e+07,1.306394200000000000e+07,1.306394300000000000e+07,1.306394400000000000e+07,1.306394500000000000e+07,1.306394600000000000e+07,1.306394700000000000e+07,1.306394800000000000e+07,1.306394900000000000e+07,1.306395000000000000e+07,1.306395100000000000e+07,1.306395200000000000e+07,1.306395300000000000e+07,1.306395400000000000e+07,1.306395500000000000e+07,1.306395600000000000e+07,1.306395700000000000e+07,1.306395800000000000e+07,1.306395900000000000e+07,1.306396000000000000e+07,1.306396100000000000e+07,1.306396200000000000e+07,1.306396300000000000e+07,1.306396400000000000e+07,1.306396500000000000e+07,1.306396600000000000e+07,-2.147483648000000000e+09,-2.147483648000000000e+09,-2.147483648000000000e+09,-2.147483648000000000e+09,-2.147483648000000000e+09,-2.147483648000000000e+09,-2.147483648000000000e+09,-2.147483648000000000e+09,-2.147483648000000000e+09,-2.147483648000000000e+09,-2.147483648000000000e+09,-2.147483648000000000e+09,-2.147483648000000000e+09
-2.147483648000000000e+09,-2.147483648000000000e+09,-2.147483648000000000e+09,-2.147483648000000000e+09,-2.147483648000000000e+09,1.307110900000000000e+07,1.307110900000000000e+07,1.307111000000000000e+07,1.307111100000000000e+07,1.307111200000000000e+07,1.307111300000000000e+07,1.307111400000000000e+07,1.307111500000000000e+07,1.307111600000000000e+07,1.307111700000000000e+07,1.307111800000000000e+07,1.307111900000000000e+07,1.307112000000000000e+07,1.307112100000000000e+07,1.307112200000000000e+07,1.307112300000000000e+07,1.307112400000000000e+07,1.307112500000000000e+07,1.307112600000000000e+07,1.307112700000000000e+07,1.307112800000000000e+07,1.307112900000000000e+07,1.307113000000000000e+07,1.307113100000000000e+07,1.307113200000000000e+07,1.307113300000000000e+07,1.307113400000000000e+07,1.307113500000000000e+07,1.307113600000000000e+07,1.307113700000000000e+07,1.307113800000000000e+07,1.307113900000000000e+07,1.307114000000000000e+07,1.307114100000000000e+07,1.307114200000000000e+07,1.307114300000000000e+07,1.307114400000000000e+07,1.307114500000000000e+07,1.307114600000000000e+07,1.307114700000000000e+07,1.307114800000000000e+07,1.307114900000000000e+07,1.307115000000000000e+07,1.307115100000000000e+07,1.307115200000000000e+07,1.307115300000000000e+07,1.307115400000000000e+07,1.307115500000000000e+07,1.307115600000000000e+07,1.307115700000000000e+07,1.307115800000000000e+07,1.307115900000000000e+07,1.307116000000000000e+07,1.307116100000000000e+07,1.307116200000000000e+07,1.307116300000000000e+07,1.307116400000000000e+07,1.307116500000000000e+07,-2.147483648000000000e+09,-2.147483648000000000e+09,-2.147483648000000000e+09,-2.147483648000000000e+09,-2.147483648000000000e+09,-2.147483648000000000e+09,-2.147483648000000000e+09,-2.147483648000000000e+09,-2.147483648000000000e+09,-2.147483648000000000e+09,-2.147483648000000000e+09,-2.147483648000000000e+09,-2.147483648000000000e+09,-2.147483648000000000e+09
-2.147483648000000000e+09,-2.147483648000000000e+09,-2.147483648000000000e+09,-2.147483648000000000e+09,-2.147483648000000000e+09,-2.147483648000000000e+09,-2.147483648000000000e+09,-2.147483648000000000e+09,-2.147483648000000000e+09,-2.147483648000000000e+09,-2.147483648000000000e+09,-2.147483648000000000e+09,-2.147483648000000000e+09,-2.147483648000000000e+09,-2.147483648000000000e+09,1.307831800000000000e+07,1.307831900000000000e+07,1.307832000000000000e+07,1.307832100000000000e+07,1.307832200000000000e+07,1.307832300000000000e+07,1.307832400000000000e+07,1.307832500000000000e+07,1.307832600000000000e+07,1.307832700000000000e+07,1.307832800000000000e+07,1.307832900000000000e+07,1.307833000000000000e+07,1.307833100000000000e+07,1.307833200000000000e+07,1.307833300000000000e+07,1.307833400000000000e+07,1.307833500000000000e+07,1.307833600000000000e+07,1.307833700000000000e+07,1.307833800000000000e+07,1.307833900000000000e+07,1.307834000000000000e+07,1.307834100000000000e+07,1.307834200000000000e+07,1.307834300000000000e+07,1.307834400000000000e+07,1.307834500000000000e+07,1.307834600000000000e+07,1.307834700000000000e+07,1.307834800000000000e+07,1.307834900000000000e+07,1.307835000000000000e+07,1.307835100000000000e+07,1.307835200000000000e+07,1.307835300000000000e+07,1.307835400000000000e+07,1.307835500000000000e+07,1.307835600000000000e+07,1.307835700000000000e+07,1.307835800000000000e+07,1.307835900000000000e+07,1.307836000000000000e+07,1.307836100000000000e+07,1.307836200000000000e+07,1.307836300000000000e+07,1.307836400000000000e+07,-2.147483648000000000e+09,-2.147483648000000000e+09,-2.147483648000000000e+09,-2.147483648000000000e+09,-2.147483648000000000e+09,-2.147483648000000000e+09,-2.147483648000000000e+09,-2.147483648000000000e+09,-2.147483648000000000e+09,-2.147483648000000000e+09,-2.147483648000000000e+09,-2.147483648000000000e+09,-2.147483648000000000e+09,-2.147483648000000000e+09,-2.147483648000000000e+09
-2.147483648000000000e+09,-2.147483648000000000e+09,-2.147483648000000000e+09,-2.147483648000000000e+09,-2.147483648000000000e+09,-2.147483648000000000e+09,-2.147483648000000000e+09,-2.147483648000000000e+09,-2.147483648000000000e+09,-2.147483648000000000e+09,-2.147483648000000000e+09,-2.147483648000000000e+09,-2.147483648000000000e+09,-2.147483648000000000e+09,1.308551700000000000e+07,1.308551800000000000e+07,1.308551900000000000e+07,1.308552000000000000e+07,1.308552100000000000e+07,1.308552200000000000e+07,1.308552300000000000e+07,1.308552400000000000e+07,1.308552500000000000e+07,1.308552600000000000e+07,1.308552700000000000e+07,1.308552800000000000e+07,1.308552900000000000e+07,1.308553000000000000e+07,1.308553100000000000e+07,1.308553200000000000e+07,1.308553300000000000e+07,1.308553400000000000e+07,1.308553500000000000e+07,1.308553600000000000e+07,1.308553700000000000e+07,1.308553800000000000e+07,1.308553900000000000e+07,1.308554000000000000e+07,1.308554100000000000e+07,1.308554200000000000e+07,1.308554300000000000e+07,1.308554400000000000e+07,1.308554500000000000e+07,1.308554600000000000e+07,1.308554700000000000e+07,1.308554800000000000e+07,1.308554900000000000e+07,1.308555000000000000e+07,1.308555100000000000e+07,1.308555200000000000e+07,1.308555300000000000e+07,1.308555400000000000e+07,1.308555500000000000e+07,1.308555600000000000e+07,1.308555700000000000e+07,1.308555800000000000e+07,1.308555900000000000e+07,1.308556000000000000e+07,1.308556100000000000e+07,1.308556200000000000e+07,1.308556300000000000e+07,-2.147483648000000000e+09,-2.147483648000000000e+09,-2.147483648000000000e+09,-2.147483648000000000e+09,-2.147483648000000000e+09,-2.147483648000000000e+09,-2.147483648000000000e+09,-2.147483648000000000e+09,-2.147483648000000000e+09,-2.147483648000000000e+09,-2.147483648000000000e+09,-2.147483648000000000e+09,-2.147483648000000000e+09,-2.147483648000000000e+09,-2.147483648000000000e+09,-2.147483648000000000e+09
-2.147483648000000000e+09,-2.147483648000000000e+09,-2.147483648000000000e+09,-2.147483648000000000e+09,-2.147483648000000000e+09,-2.147483648000000000e+09,-2.147483648000000000e+09,-2.147483648000000000e+09,-2.147483648000000000e+09,-2.147483648000000000e+09,-2.147483648000000000e+09,-2.147483648000000000e+09,-2.147483648000000000e+09,1.309271600000000000e+07,1.309271700000000000e+07,1.309271800000000000e+07,1.309271900000000000e+07,1.309272000000000000e+07,1.309272100000000000e+07,1.309272200000000000e+07,1.309272300000000000e+07,1.309272400000000000e+07,1.309272500000000000e+07,1.309272600000000000e+07,1.309272700000000000e+07,1.309272800000000000e+07,1.309272900000000000e+07,1.309273000000000000e+07,1.309273100000000000e+07,1.309273200000000000e+07,1.309273300000000000e+07,1.309273400000000000e+07,1.309273500000000000e+07,1.309273600000000000e+07,1.309273700000000000e+07,1.309273800000000000e+07,1.309273900000000000e+07,1.309274000000000000e+07,1.309274100000000000e+07,1.309274200000000000e+07,1.309274300000000000e+07,1.309274400000000000e+07,1.309274500000000000e+07,1.309274600000000000e+07,1.309274700000000000e+07,1.309274800000000000e+07,1.309274900000000000e+07,1.309275000000000000e+07,1.309275100000000000e+07,1.309275200000000000e+07,1.309275300000000000e+07,1.309275400000000000e+07,1.309275500000000000e+07,1.309275600000000000e+07,1.309275700000000000e+07,1.309275800000000000e+07,1.309275900000000000e+07,1.309276000000000000e+07,1.309276100000000000e+07,1.309276200000000000e+07,1.309276300000000000e+07,-2.147483648000000000e+09,-2.147483648000000000e+09,-2.147483648000000000e+09,-2.147483648000000000e+09,-2.147483648000000000e+09,-2.147483648000000000e+09,-2.147483648000000000e+09,-2.147483648000000000e+09,-2.147483648000000000e+09,-2.147483648000000000e+09,-2.147483648000000000e+09,-2.147483648000000000e+09,-2.147483648000000000e+09,-2.147483648000000000e+09,-2.147483648000000000e+09,-2.147483648000000000e+09
-2.147483648000000000e+09,-2.147483648000000000e+09,-2.147483648000000000e+09,-2.147483648000000000e+09,-2.147483648000000000e+09,-2.147483648000000000e+09,-2.147483648000000000e+09,-2.147483648000000000e+09,-2.147483648000000000e+09,-2.147483648000000000e+09,-2.147483648000000000e+09,-2.147483648000000000e+09,1.309991500000000000e+07,1.309991600000000000e+07,1.309991700000000000e+07,1.309991800000000000e+07,1.309991900000000000e+07,1.309992000000000000e+07,1.309992100000000000e+07,1.309992200000000000e+07,1.309992300000000000e+07,1.309992400000000000e+07,1.309992500000000000e+07,1.309992600000000000e+07,1.309992700000000000e+07,1.309992800000000000e+07,1.309992900000000000e+07,1.309993000000000000e+07,1.309993100000000000e+07,1.309993200000000000e+07,1.309993300000000000e+07,1.309993400000000000e+07,1.309993500000000000e+07,1.309993600000000000e+07,1.309993700000000000e+07,1.309993800000000000e+07,1.309993900000000000e+07,1.309994000000000000e+07,1.309994100000000000e+07,1.309994200000000000e+07,1.309994300000000000e+07,1.309994400000000000e+07,1.309994500000000000e+07,1.309994600000000000e+07,1.309994700000000000e+07,1.309994800000000000e+07,1.309994900000000000e+07,1.309995000000000000e+07,1.309995100000000000e+07,1.309995200000000000e+07,1.309995300000000000e+07,1.309995400000000000e+07,1.309995500000000000e+07,1.309995600000000000e+07,1.309995700000000000e+07,1.309995800000000000e+07,1.309995900000000000e+07,1.309996000000000000e+07,1.309996100000000000e+07,1.309996200000000000e+07,-2.147483648000000000e+09,-2.147483648000000000e+09,-2.147483648000000000e+09,-2.147483648000000000e+09,-2.147483648000000000e+09,-2.147483648000000000e+09,-2.147483648000000000e+09,-2.147483648000000000e+09,-2.147483648000000000e+09,-2.147483648000000000e+09,-2.147483648000000000e+09,-2.147483648000000000e+09,-2.147483648000000000e+09,-2.147483648000000000e+09,-2.147483648000000000e+09,-2.147483648000000000e+09,-2.147483648000000000e+09
-2.147483648000000000e+09,-2.147483648000000000e+09,-2.147483648000000000e+09,-2.147483648000000000e+09,-2.147483648000000000e+09,-2.147483648000000000e+09,-2.147483648000000000e+09,-2.147483648000000000e+09,-2.147483648000000000e+09,-2.147483648000000000e+09,-2.147483648000000000e+09,1.310711400000000000e+07,1.310711500000000000e+07,1.310711600000000000e+07,1.310711700000000000e+07,1.310711800000000000e+07,1.310711900000000000e+07,1.310712000000000000e+07,1.310712100000000000e+07,1.310712200000000000e+07,1.310712300000000000e+07,1.310712400000000000e+07,1.310712500000000000e+07,1.310712600000000000e+07,1.310712700000000000e+07,1.310712800000000000e+07,1.310712900000000000e+07,1.310713000000000000e+07,1.310713100000000000e+07,1.310713200000000000e+07,1.310713300000000000e+07,1.310713400000000000e+07,1.310713500000000000e+07,1.310713600000000000e+07,1.310713700000000000e+07,1.310713800000000000e+07,1.310713900000000000e+07,1.310714000000000000e+07,1.310714100000000000e+07,1.310714200000000000e+07,1.310714300000000000e+07,1.310714400000000000e+07,1.310714500000000000e+07,1.310714600000000000e+07,1.310714700000000000e+07,1.310714800000000000e+07,1.310714900000000000e+07,1.310715000000000000e+07,1.310715100000000000e+07,1.310715200000000000e+07,1.310715300000000000e+07,1.310715400000000000e+07,1.310715500000000000e+07,1.310715600000000000e+07,1.310715700000000000e+07,1.310715800000000000e+07,1.310715900000000000e+07,1.310716000000000000e+07,1.310716100000000000e+07,-2.147483648000000000e+09,-2.147483648000000000e+09,-2.147483648000000000e+09,-2.147483648000000000e+09,-2.147483648000000000e+09,-2.147483648000000000e+09,-2.147483648000000000e+09,-2.147483648000000000e+09,-2.147483648000000000e+09,-2.147483648000000000e+09,-2.147483648000000000e+09,-2.147483648000000000e+09,-2.147483648000000000e+09,-2.147483648000000000e+09,-2.147483648000000000e+09,-2.147483648000000000e+09,-2.147483648000000000e+09,-2.147483648000000000e+09
-2.147483648000000000e+09,-2.147483648000000000e+09,-2.147483648000000000e+09,-2.147483648000000000e+09,-2.147483648000000000e+09,-2.147483648000000000e+09,-2.147483648000000000e+09,-2.147483648000000000e+09,-2.147483648000000000e+09,-2.147483648000000000e+09,1.311431300000000000e+07,1.311431400000000000e+07,1.311431500000000000e+07,1.311431600000000000e+07,1.311431700000000000e+07,1.311431800000000000e+07,1.311431900000000000e+07,1.311432000000000000e+07,1.311432100000000000e+07,1.311432200000000000e+07,1.311432300000000000e+07,1.311432400000000000e+07,1.311432500000000000e+07,1.311432600000000000e+07,1.311432700000000000e+07,1.311432800000000000e+07,1.311432900000000000e+07,1.311433000000000000e+07,1.311433100000000000e+07,1.311433200000000000e+07,1.311433300000000000e+07,1.311433400000000000e+07,1.311433500000000000e+07,1.311433600000000000e+07,1.311433700000000000e+07,1.311433800000000000e+07,1.311433900000000000e+07,1.311434000000000000e+07,1.311434100000000000e+07,1.311434200000000000e+07,1.311434300000000000e+07,1.311434400000000000e+07,1.311434500000000000e+07,1.311434600000000000e+07,1.311434700000000000e+07,1.311434800000000000e+07,1.311434900000000000e+07,1.311435000000000000e+07,1.311435100000000000e+07,1.311435200000000000e+07,1.311435300000000000e+07,1.311435400000000000e+07,1.311435500000000000e+07,1.311435600000000000e+07,1.311435700000000000e+07,1.311435800000000000e+07,1.311435900000000000e+07,1.311436000000000000e+07,-2.147483648000000000e+09,-2.147483648000000000e+09,-2.147483648000000000e+09,-2.147483648000000000e+09,-2.147483648000000000e+09,-2.147483648000000000e+09,-2.147483648000000000e+09,-2.147483648000000000e+09,-2.147483648000000000e+09,-2.147483648000000000e+09,-2.147483648000000000e+09,-2.147483648000000000e+09,-2.147483648000000000e+09,-2.147483648000000000e+09,-2.147483648000000000e+09,-2.147483648000000000e+09,-2.147483648000000000e+09,-2.147483648000000000e+09,-2.147483648000000000e+09
-2.147483648000000000e+09,-2.147483648000000000e+09,-2.147483648000000000e+09,-2.147483648000000000e+09,-2.147483648000000000e+09,-2.147483648000000000e+09,-2.147483648000000000e+09,-2.147483648000000000e+09,-2.147483648000000000e+09,1.312151200000000000e+07,1.312151300000000000e+07,1.312151400000000000e+07,1.312151500000000000e+07,1.312151600000000000e+07,1.312151700000000000e+07,1.312151800000000000e+07,1.312151900000000000e+07,1.312152000000000000e+07,1.312152100000000000e+07,1.312152200000000000e+07,1.312152300000000000e+07,1.312152400000000000e+07,1.312152500000000000e+07,1.312152600000000000e+07,1.312152700000000000e+07,1.312152800000000000e+07,1.312152900000000000e+07,1.312153000000000000e+07,1.312153100000000000e+07,1.312153200000000000e+07,1.312153300000000000e+07,1.312153400000000000e+07,1.312153500000000000e+07,1.312153600000000000e+07,1.312153700000000000e+07,1.312153800000000000e+07,1.312153900000000000e+07,1.312154000000000000e+07,1.312154100000000000e+07,1.312154200000000000e+07,1.312154300000000000e+07,1.312154400000000000e+07,1.312154500000000000e+07,1.312154600000000000e+07,1.312154700000000000e+07,1.312154800000000000e+07,1.312154900000000000e+07,1.312155000000000000e+07,1.312155100000000000e+07,1.312155200000000000e+07,1.312155300000000000e+07,1.312155400000000000e+07,1.312155500000000000e+07,1.312155600000000000e+07,1.312155700000000000e+07,1.312155800000000000e+07,1.312155900000000000e+07,-2.147483648000000000e+09,-2.147483648000000000e+09,-2.147483648000000000e+09,-2.147483648000000000e+09,-2.147483648000000000e+09,-2.147483648000000000e+09,-2.147483648000000000e+09,-2.147483648000000000e+09,-2.147483648000000000e+09,-2.147483648000000000e+09,-2.147483648000000000e+09,-2.147483648000000000e+09,-2.147483648000000000e+09,-2.147483648000000000e+09,-2.147483648000000000e+09,-2.147483648000000000e+09,-2.147483648000000000e+09,-2.147483648000000000e+09,-2.147483648000000000e+09,-2.147483648000000000e+09
-2.147483648000000000e+09,-2.147483648000000000e+09,-2.147483648000000000e+09,-2.147483648000000000e+09,-2.147483648000000000e+09,-2.147483648000000000e+09,-2.147483648000000000e+09,-2.147483648000000000e+09,1.312871100000000000e+07,1.312871200000000000e+07,1.312871300000000000e+07,1.312871400000000000e+07,1.312871500000000000e+07,1.312871600000000000e+07,1.312871700000000000e+07,1.312871800000000000e+07,1.312871900000000000e+07,1.312872000000000000e+07,1.312872100000000000e+07,1.312872200000000000e+07,1.312872300000000000e+07,1.312872400000000000e+07,1.312872500000000000e+07,1.312872600000000000e+07,1.312872700000000000e+07,1.312872800000000000e+07,1.312872900000000000e+07,1.312873000000000000e+07,1.312873100000000000e+07,1.312873200000000000e+07,1.312873300000000000e+07,1.312873400000000000e+07,1.312873500000000000e+07,1.312873600000000000e+07,1.312873700000000000e+07,1.312873800000000000e+07,1.312873900000000000e+07,1.312874000000000000e+07,1.312874100000000000e+07,1.312874200000000000e+07,1.312874300000000000e+07,1.312874400000000000e+07,1.312874500000000000e+07,1.312874600000000000e+07,1.312874700000000000e+07,1.312874800000000000e+07,1.312874900000000000e+07,1.312875000000000000e+07,1.312875100000000000e+07,1.312875200000000000e+07,1.312875300000000000e+07,1.312875400000000000e+07,1.312875500000000000e+07,1.312875600000000000e+07,1.312875700000000000e+07,1.312875800000000000e+07,-2.147483648000000000e+09,-2.147483648000000000e+09,-2.147483648000000000e+09,-2.147483648000000000e+09,-2.147483648000000000e+09,-2.147483648000000000e+09,-2.147483648000000000e+09,-2.147483648000000000e+09,-2.147483648000000000e+09,-2.147483648000000000e+09,-2.147483648000000000e+09,-2.147483648000000000e+09,-2.147483648000000000e+09,-2.147483648000000000e+09,-2.147483648000000000e+09,-2.147483648000000000e+09,-2.147483648000000000e+09,-2.147483648000000000e+09,-2.147483648000000000e+09,-2.147483648000000000e+09,-2.147483648000000000e+09
-2.147483648000000000e+09,-2.147483648000000000e+09,-2.147483648000000000e+09,-2.147483648000000000e+09,-2.147483648000000000e+09,-2.147483648000000000e+09,-2.147483648000000000e+09,-2.147483648000000000e+09,1.313591100000000000e+07,1.313591200000000000e+07,1.313591300000000000e+07,1.313591400000000000e+07,1.313591500000000000e+07,1.313591600000000000e+07,1.313591700000000000e+07,1.313591800000000000e+07,1.313591900000000000e+07,1.313592000000000000e+07,1.313592100000000000e+07,1.313592200000000000e+07,1.313592300000000000e+07,1.313592400000000000e+07,1.313592500000000000e+07,1.313592600000000000e+07,1.313592700000000000e+07,1.313592800000000000e+07,1.313592900000000000e+07,1.313593000000000000e+07,1.313593100000000000e+07,1.313593200000000000e+07,1.313593300000000000e+07,1.313593400000000000e+07,1.313593500000000000e+07,1.313593600000000000e+07,1.313593700000000000e+07,1.313593800000000000e+07,1.313593900000000000e+07,1.313594000000000000e+07,1.313594100000000000e+07,1.313594200000000000e+07,1.313594300000000000e+07,1.313594400000000000e+07,1.313594500000000000e+07,1.313594600000000000e+07,1.313594700000000000e+07,1.313594800000000000e+07,1.313594900000000000e+07,1.313595000000000000e+07,1.313595100000000000e+07,1.313595200000000000e+07,1.313595300000000000e+07,1.313595400000000000e+07,1.313595500000000000e+07,1.313595600000000000e+07,1.313595700000000000e+07,-2.147483648000000000e+09,-2.147483648000000000e+09,-2.147483648000000000e+09,-2.147483648000000000e+09,-2.147483648000000000e+09,-2.147483648000000000e+09,-2.147483648000000000e+09,-2.147483648000000000e+09,-2.147483648000000000e+09,-2.147483648000000000e+09,-2.147483648000000000e+09,-2.147483648000000000e+09,-2.147483648000000000e+09,-2.147483648000000000e+09,-2.147483648000000000e+09,-2.147483648000000000e+09,-2.147483648000000000e+09,-2.147483648000000000e+09,-2.147483648000000000e+09,-2.147483648000000000e+09,-2.147483648000000000e+09,-2.147483648000000000e+09
-2.147483648000000000e+09,-2.147483648000000000e+09,-2.147483648000000000e+09,-2.147483648000000000e+09,-2.147483648000000000e+09,-2.147483648000000000e+09,-2.147483648000000000e+09,1.314311000000000000e+07,1.314311100000000000e+07,1.314311200000000000e+07,1.314311300000000000e+07,1.314311400000000000e+07,1.314311500000000000e+07,1.314311600000000000e+07,1.314311700000000000e+07,1.314311800000000000e+07,1.314311900000000000e+07,1.314312000000000000e+07,1.314312100000000000e+07,1.314312200000000000e+07,1.314312300000000000e+07,1.314312400000000000e+07,1.314312500000000000e+07,1.314312600000000000e+07,1.314312700000000000e+07,1.314312800000000000e+07,1.314312900000000000e+07,1.314313000000000000e+07,1.314313100000000000e+07,1.314313200000000000e+07,1.314313300000000000e+07,1.314313400000000000e+07,1.314313500000000000e+07,1.314313600000000000e+07,1.314313700000000000e+07,1.314313800000000000e+07,1.314313900000000000e+07,1.314314000000000000e+07,1.314314100000000000e+07,1.314314200000000000e+07,1.314314300000000000e+07,1.314314400000000000e+07,1.314314500000000000e+07,1.314314600000000000e+07,1.314314700000000000e+07,1.314314800000000000e+07,1.314314900000000000e+07,1.314315000000000000e+07,1.314315100000000000e+07,1.314315200000000000e+07,1.314315300000000000e+07,1.314315400000000000e+07,1.314315500000000000e+07,1.314315600000000000e+07,-2.147483648000000000e+09,-2.147483648000000000e+09,-2.147483648000000000e+09,-2.147483648000000000e+09,-2.147483648000000000e+09,-2.147483648000000000e+09,-2.147483648000000000e+09,-2.147483648000000000e+09,-2.147483648000000000e+09,-2.147483648000000000e+09,-2.147483648000000000e+09,-2.147483648000000000e+09,-2.147483648000000000e+09,-2.147483648000000000e+09,-2.147483648000000000e+09,-2.147483648000000000e+09,-2.147483648000000000e+09,-2.147483648000000000e+09,-2.147483648000000000e+09,-2.147483648000000000e+09,-2.147483648000000000e+09,-2.147483648000000000e+09,-2.147483648000000000e+09
-2.147483648000000000e+09,-2.147483648000000000e+09,-2.147483648000000000e+09,-2.147483648000000000e+09,-2.147483648000000000e+09,-2.147483648000000000e+09,1.315030900000000000e+07,1.315031000000000000e+07,1.315031100000000000e+07,1.315031200000000000e+07,1.315031300000000000e+07,1.315031400000000000e+07,1.315031500000000000e+07,1.315031600000000000e+07,1.315031700000000000e+07,1.315031800000000000e+07,1.315031900000000000e+07,1.315032000000000000e+07,1.315032100000000000e+07,1.315032200000000000e+07,1.315032300000000000e+07,1.315032400000000000e+07,1.315032500000000000e+07,1.315032600000000000e+07,1.315032700000000000e+07,1.315032800000000000e+07,1.315032900000000000e+07,1.315033000000000000e+07,1.315033100000000000e+07,1.315033200000000000e+07,1.315033300000000000e+07,1.315033400000000000e+07,1.315033500000000000e+07,1.315033600000000000e+07,1.315033700000000000e+07,1.315033800000000000e+07,1.315033900000000000e+07,1.315034000000000000e+07,1.315034100000000000e+07,1.315034200000000000e+07,1.315034300000000000e+07,1.315034400000000000e+07,1.315034500000000000e+07,1.315034600000000000e+07,1.315034700000000000e+07,1.315034800000000000e+07,1.315034900000000000e+07,1.315035000000000000e+07,1.315035100000000000e+07,1.315035200000000000e+07,1.315035300000000000e+07,1.315035400000000000e+07,1.315035500000000000e+07,-2.147483648000000000e+09,-2.147483648000000000e+09,-2.147483648000000000e+09,-2.147483648000000000e+09,-2.147483648000000000e+09,-2.147483648000000000e+09,-2.147483648000000000e+09,-2.147483648000000000e+09,-2.147483648000000000e+09,-2.147483648000000000e+09,-2.147483648000000000e+09,-2.147483648000000000e+09,-2.147483648000000000e+09,-2.147483648000000000e+09,-2.147483648000000000e+09,-2.147483648000000000e+09,-2.147483648000000000e+09,-2.147483648000000000e+09,-2.147483648000000000e+09,-2.147483648000000000e+09,-2.147483648000000000e+09,-2.147483648000000000e+09,-2.147483648000000000e+09,-2.147483648000000000e+09
-2.147483648000000000e+09,-2.147483648000000000e+09,-2.147483648000000000e+09,-2.147483648000000000e+09,-2.147483648000000000e+09,1.315750900000000000e+07,1.315750900000000000e+07,1.315751000000000000e+07,1.315751100000000000e+07,1.315751200000000000e+07,1.315751300000000000e+07,1.315751400000000000e+07,1.315751500000000000e+07,1.315751600000000000e+07,1.315751700000000000e+07,1.315751800000000000e+07,1.315751900000000000e+07,1.315752000000000000e+07,1.315752100000000000e+07,1.315752200000000000e+07,1.315752300000000000e+07,1.315752400000000000e+07,1.315752500000000000e+07,1.315752600000000000e+07,1.315752700000000000e+07,1.315752800000000000e+07,1.315752900000000000e+07,1.315753000000000000e+07,1.315753100000000000e+07,1.315753200000000000e+07,1.315753300000000000e+07,1.315753400000000000e+07,1.315753500000000000e+07,1.315753600000000000e+07,-2.147483648000000000e+09,-2.147483648000000000e+09,-2.147483648000000000e+09,-2.147483648000000000e+09,-2.147483648000000000e+09,-2.147483648000000000e+09,-2.147483648000000000e+09,-2.147483648000000000e+09,-2.147483648000000000e+09,-2.147483648000000000e+09,-2.147483648000000000e+09,-2.147483648000000000e+09,-2.147483648000000000e+09,-2.147483648000000000e+09,-2.147483648000000000e+09,-2.147483648000000000e+09,-2.147483648000000000e+09,-2.147483648000000000e+09,-2.147483648000000000e+09,-2.147483648000000000e+09,-2.147483648000000000e+09,-2.147483648000000000e+09,-2.147483648000000000e+09,-2.147483648000000000e+09,-2.147483648000000000e+09,-2.147483648000000000e+09,-2.147483648000000000e+09,-2.147483648000000000e+09,-2.147483648000000000e+09,-2.147483648000000000e+09,-2.147483648000000000e+09,-2.147483648000000000e+09,-2.147483648000000000e+09,-2.147483648000000000e+09,-2.147483648000000000e+09,-2.147483648000000000e+09,-2.147483648000000000e+09,-2.147483648000000000e+09,-2.147483648000000000e+09,-2.147483648000000000e+09,-2.147483648000000000e+09,-2.147483648000000000e+09,-2.147483648000000000e+09
-2.147483648000000000e+09,-2.147483648000000000e+09,-2.147483648000000000e+09,-2.147483648000000000e+09,1.316470800000000000e+07,1.316470900000000000e+07,1.316470900000000000e+07,1.316471000000000000e+07,1.316471100000000000e+07,1.316471200000000000e+07,1.316471300000000000e+07,1.316471400000000000e+07,1.316471500000000000e+07,1.316471600000000000e+07,1.316471700000000000e+07,1.316471800000000000e+07,1.316471900000000000e+07,1.316472000000000000e+07,1.316472100000000000e+07,1.316472200000000000e+07,1.316472300000000000e+07,1.316472400000000000e+07,1.316472500000000000e+07,1.316472600000000000e+07,1.316472700000000000e+07,1.316472800000000000e+07,1.316472900000000000e+07,1.316473000000000000e+07,1.316473100000000000e+07,1.316473200000000000e+07,1.316473300000000000e+07,1.316473400000000000e+07,1.316473500000000000e+07,-2.147483648000000000e+09,-2.147483648000000000e+09,-2.147483648000000000e+09,-2.147483648000000000e+09,-2.147483648000000000e+09,-2.147483648000000000e+09,-2.147483648000000000e+09,-2.147483648000000000e+09,-2.147483648000000000e+09,-2.147483648000000000e+09,-2.147483648000000000e+09,-2.147483648000000000e+09,-2.147483648000000000e+09,-2.147483648000000000e+09,-2.147483648000000000e+09,-2.147483648000000000e+09,-2.147483648000000000e+09,-2.147483648000000000e+09,-2.147483648000000000e+09,-2.147483648000000000e+09,-2.147483648000000000e+09,-2.147483648000000000e+09,-2.147483648000000000e+09,-2.147483648000000000e+09,-2.147483648000000000e+09,-2.147483648000000000e+09,-2.147483648000000000e+09,-2.147483648000000000e+09,-2.147483648000000000e+09,-2.147483648000000000e+09,-2.147483648000000000e+09,-2.147483648000000000e+09,-2.147483648000000000e+09,-2.147483648000000000e+09,-2.147483648000000000e+09,-2.147483648000000000e+09,-2.147483648000000000e+09,-2.147483648000000000e+09,-2.147483648000000000e+09,-2.147483648000000000e+09,-2.147483648000000000e+09,-2.147483648000000000e+09,-2.147483648000000000e+09,-2.147483648000000000e+09
-2.147483648000000000e+09,-2.147483648000000000e+09,-2.147483648000000000e+09,1.317190700000000000e+07,1.317190800000000000e+07,1.317190900000000000e+07,-2.147483648000000000e+09,-2.147483648000000000e+09,-2.147483648000000000e+09,-2.147483648000000000e+09,-2.147483648000000000e+09,1.317191400000000000e+07,1.317191500000000000e+07,1.317191600000000000e+07,1.317191700000000000e+07,1.317191800000000000e+07,1.317191900000000000e+07,1.317192000000000000e+07,1.317192100000000000e+07,1.317192200000000000e+07,1.317192300000000000e+07,1.317192400000000000e+07,1.317192500000000000e+07,1.317192600000000000e+07,1.317192700000000000e+07,1.317192800000000000e+07,1.317192900000000000e+07,1.317193000000000000e+07,1.317193100000000000e+07,1.317193200000000000e+07,1.317193300000000000e+07,-2.147483648000000000e+09,-2.147483648000000000e+09,-2.147483648000000000e+09,-2.147483648000000000e+09,-2.147483648000000000e+09,-2.147483648000000000e+09,-2.147483648000000000e+09,-2.147483648000000000e+09,-2.147483648000000000e+09,-2.147483648000000000e+09,-2.147483648000000000e+09,-2.147483648000000000e+09,-2.147483648000000000e+09,-2.147483648000000000e+09,-2.147483648000000000e+09,-2.147483648000000000e+09,-2.147483648000000000e+09,-2.147483648000000000e+09,-2.147483648000000000e+09,-2.147483648000000000e+09,-2.147483648000000000e+09,-2.147483648000000000e+09,-2.147483648000000000e+09,-2.147483648000000000e+09,-2.147483648000000000e+09,-2.147483648000000000e+09,-2.147483648000000000e+09,-2.147483648000000000e+09,-2.147483648000000000e+09,-2.147483648000000000e+09,-2.147483648000000000e+09,-2.147483648000000000e+09,-2.147483648000000000e+09,-2.147483648000000000e+09,-2.147483648000000000e+09,-2.147483648000000000e+09,-2.147483648000000000e+09,-2.147483648000000000e+09,-2.147483648000000000e+09,-2.147483648000000000e+09,-2.147483648000000000e+09,-2.147483648000000000e+09,-2.147483648000000000e+09,-2.147483648000000000e+09,-2.147483648000000000e+09,-2.147483648000000000e+09
-2.147483648000000000e+09,-2.147483648000000000e+09,1.317910600000000000e+07,1.317910700000000000e+07,1.317910800000000000e+07,1.317910900000000000e+07,-2.147483648000000000e+09,-2.147483648000000000e+09,-2.147483648000000000e+09,-2.147483648000000000e+09,-2.147483648000000000e+09,1.317911400000000000e+07,1.317911500000000000e+07,1.317911600000000000e+07,1.317911700000000000e+07,1.317911800000000000e+07,1.317911900000000000e+07,1.317912000000000000e+07,1.317912100000000000e+07,1.317912200000000000e+07,1.317912300000000000e+07,1.317912400000000000e+07,1.317912500000000000e+07,1.317912600000000000e+07,1.317912700000000000e+07,1.317912800000000000e+07,1.317912900000000000e+07,1.317913000000000000e+07,-2.147483648000000000e+09,-2.147483648000000000e+09,-2.147483648000000000e+09,-2.147483648000000000e+09,-2.147483648000000000e+09,-2.147483648000000000e+09,-2.147483648000000000e+09,-2.147483648000000000e+09,-2.147483648000000000e+09,-2.147483648000000000e+09,-2.147483648000000000e+09,-2.147483648000000000e+09,-2.147483648000000000e+09,-2.147483648000000000e+09,-2.147483648000000000e+09,-2.147483648000000000e+09,-2.147483648000000000e+09,-2.147483648000000000e+09,-2.147483648000000000e+09,-2.147483648000000000e+09,-2.147483648000000000e+09,-2.147483648000000000e+09,-2.147483648000000000e+09,-2.147483648000000000e+09,-2.147483648000000000e+09,-2.147483648000000000e+09,-2.147483648000000000e+09,-2.147483648000000000e+09,-2.147483648000000000e+09,-2.147483648000000000e+09,-2.147483648000000000e+09,-2.147483648000000000e+09,-2.147483648000000000e+09,-2.147483648000000000e+09,-2.147483648000000000e+09,-2.147483648000000000e+09,-2.147483648000000000e+09,-2.147483648000000000e+09,-2.147483648000000000e+09,-2.147483648000000000e+09,-2.147483648000000000e+09,-2.147483648000000000e+09,-2.147483648000000000e+09,-2.147483648000000000e+09,-2.147483648000000000e+09,-2.147483648000000000e+09,-2.147483648000000000e+09,-2.147483648000000000e+09,-2.147483648000000000e+09
-2.147483648000000000e+09,1.318630500000000000e+07,1.318630600000000000e+07,1.318630700000000000e+07,-2.147483648000000000e+09,-2.147483648000000000e+09,-2.147483648000000000e+09,-2.147483648000000000e+09,-2.147483648000000000e+09,-2.147483648000000000e+09,-2.147483648000000000e+09,1.318631400000000000e+07,1.318631500000000000e+07,1.318631600000000000e+07,1.318631700000000000e+07,1.318631800000000000e+07,1.318631900000000000e+07,1.318632000000000000e+07,1.318632100000000000e+07,1.318632200000000000e+07,1.318632300000000000e+07,1.318632400000000000e+07,1.318632500000000000e+07,1.318632600000000000e+07,1.318632700000000000e+07,1.318632800000000000e+07,-2.147483648000000000e+09,-2.147483648000000000e+09,-2.147483648000000000e+09,-2.147483648000000000e+09,-2.147483648000000000e+09,-2.147483648000000000e+09,-2.147483648000000000e+09,-2.147483648000000000e+09,-2.147483648000000000e+09,-2.147483648000000000e+09,-2.147483648000000000e+09,-2.147483648000000000e+09,-2.147483648000000000e+09,-2.147483648000000000e+09,-2.147483648000000000e+09,-2.147483648000000000e+09,-2.147483648000000000e+09,-2.147483648000000000e+09,-2.147483648000000000e+09,-2.147483648000000000e+09,-2.147483648000000000e+09,-2.147483648000000000e+09,-2.147483648000000000e+09,-2.147483648000000000e+09,-2.147483648000000000e+09,-2.147483648000000000e+09,-2.147483648000000000e+09,-2.147483648000000000e+09,-2.147483648000000000e+09,-2.147483648000000000e+09,-2.147483648000000000e+09,-2.147483648000000000e+09,-2.147483648000000000e+09,-2.147483648000000000e+09,-2.147483648000000000e+09,-2.147483648000000000e+09,-2.147483648000000000e+09,-2.147483648000000000e+09,-2.147483648000000000e+09,-2.147483648000000000e+09,-2.147483648000000000e+09,-2.147483648000000000e+09,-2.147483648000000000e+09,-2.147483648000000000e+09,-2.147483648000000000e+09,-2.147483648000000000e+09,-2.147483648000000000e+09,-2.147483648000000000e+09,-2.147483648000000000e+09,-2.147483648000000000e+09,-2.147483648000000000e+09
-2.147483648000000000e+09,1.319350500000000000e+07,-2.147483648000000000e+09,-2.147483648000000000e+09,-2.147483648000000000e+09,-2.147483648000000000e+09,-2.147483648000000000e+09,-2.147483648000000000e+09,-2.147483648000000000e+09,-2.147483648000000000e+09,-2.147483648000000000e+09,-2.147483648000000000e+09,1.319351500000000000e+07,1.319351600000000000e+07,1.319351700000000000e+07,1.319351800000000000e+07,1.319351900000000000e+07,1.319352000000000000e+07,1.319352100000000000e+07,1.319352200000000000e+07,1.319352300000000000e+07,1.319352400000000000e+07,1.319352500000000000e+07,1.319352600000000000e+07,1.319352700000000000e+07,-2.147483648000000000e+09,-2.147483648000000000e+09,-2.147483648000000000e+09,-2.147483648000000000e+09,-2.147483648000000000e+09,-2.147483648000000000e+09,-2.147483648000000000e+09,-2.147483648000000000e+09,-2.147483648000000000e+09,-2.147483648000000000e+09,-2.147483648000000000e+09,-2.147483648000000000e+09,-2.147483648000000000e+09,-2.147483648000000000e+09,-2.147483648000000000e+09,-2.147483648000000000e+09,-2.147483648000000000e+09,-2.147483648000000000e+09,-2.147483648000000000e+09,-2.147483648000000000e+09,-2.147483648000000000e+09,-2.147483648000000000e+09,-2.147483648000000000e+09,-2.147483648000000000e+09,-2.147483648000000000e+09,-2.147483648000000000e+09,-2.147483648000000000e+09,-2.147483648000000000e+09,-2.147483648000000000e+09,-2.147483648000000000e+09,-2.147483648000000000e+09,-2.147483648000000000e+09,-2.147483648000000000e+09,-2.147483648000000000e+09,-2.147483648000000000e+09,-2.147483648000000000e+09,-2.147483648000000000e+09,-2.147483648000000000e+09,-2.147483648000000000e+09,-2.147483648000000000e+09,-2.147483648000000000e+09,-2.147483648000000000e+09,-2.147483648000000000e+09,-2.147483648000000000e+09,-2.147483648000000000e+09,-2.147483648000000000e+09,-2.147483648000000000e+09,-2.147483648000000000e+09,-2.147483648000000000e+09,-2.147483648000000000e+09,-2.147483648000000000e+09,-2.147483648000000000e+09
-2.147483648000000000e+09,-2.147483648000000000e+09,-2.147483648000000000e+09,-2.147483648000000000e+09,-2.147483648000000000e+09,-2.147483648000000000e+09,-2.147483648000000000e+09,-2.147483648000000000e+09,-2.147483648000000000e+09,-2.147483648000000000e+09,-2.147483648000000000e+09,-2.147483648000000000e+09,-2.147483648000000000e+09,-2.147483648000000000e+09,1.320071700000000000e+07,1.320071800000000000e+07,1.320071900000000000e+07,1.320072000000000000e+07,1.320072100000000000e+07,1.320072200000000000e+07,1.320072300000000000e+07,1.320072400000000000e+07,-2.147483648000000000e+09,-2.147483648000000000e+09,-2.147483648000000000e+09,-2.147483648000000000e+09,-2.147483648000000000e+09,-2.147483648000000000e+09,-2.147483648000000000e+09,-2.147483648000000000e+09,-2.147483648000000000e+09,-2.147483648000000000e+09,-2.147483648000000000e+09,-2.147483648000000000e+09,-2.147483648000000000e+09,-2.147483648000000000e+09,-2.147483648000000000e+09,-2.147483648000000000e+09,-2.147483648000000000e+09,-2.147483648000000000e+09,-2.147483648000000000e+09,-2.147483648000000000e+09,-2.147483648000000000e+09,-2.147483648000000000e+09,-2.147483648000000000e+09,-2.147483648000000000e+09,-2.147483648000000000e+09,-2.147483648000000000e+09,-2.147483648000000000e+09,-2.147483648000000000e+09,-2.147483648000000000e+09,-2.147483648000000000e+09,-2.147483648000000000e+09,-2.147483648000000000e+09,-2.147483648000000000e+09,-2.147483648000000000e+09,-2.147483648000000000e+09,-2.147483648000000000e+09,-2.147483648000000000e+09,-2.147483648000000000e+09,-2.147483648000000000e+09,-2.147483648000000000e+09,-2.147483648000000000e+09,-2.147483648000000000e+09,-2.147483648000000000e+09,-2.147483648000000000e+09,-2.147483648000000000e+09,-2.147483648000000000e+09,-2.147483648000000000e+09,-2.147483648000000000e+09,-2.147483648000000000e+09,-2.147483648000000000e+09,-2.147483648000000000e+09,-2.147483648000000000e+09,-2.147483648000000000e+09,-2.147483648000000000e+09,-2.147483648000000000e+09
-2.147483648000000000e+09,-2.147483648000000000e+09,-2.147483648000000000e+09,-2.147483648000000000e+09,-2.147483648000000000e+09,-2.147483648000000000e+09,-2.147483648000000000e+09,-2.147483648000000000e+09,-2.147483648000000000e+09,-2.147483648000000000e+09,-2.147483648000000000e+09,-2.147483648000000000e+09,-2.147483648000000000e+09,-2.147483648000000000e+09,1.320791700000000000e+07,1.320791800000000000e+07,-2.147483648000000000e+09,1.320792000000000000e+07,-2.147483648000000000e+09,-2.147483648000000000e+09,-2.147483648000000000e+09,-2.147483648000000000e+09,-2.147483648000000000e+09,-2.147483648000000000e+09,-2.147483648000000000e+09,-2.147483648000000000e+09,-2.147483648000000000e+09,-2.147483648000000000e+09,-2.147483648000000000e+09,-2.147483648000000000e+09,-2.147483648000000000e+09,-2.147483648000000000e+09,-2.147483648000000000e+09,-2.147483648000000000e+09,-2.147483648000000000e+09,-2.147483648000000000e+09,-2.147483648000000000e+09,-2.147483648000000000e+09,-2.147483648000000000e+09,-2.147483648000000000e+09,-2.147483648000000000e+09,-2.147483648000000000e+09,-2.147483648000000000e+09,-2.147483648000000000e+09,-2.147483648000000000e+09,-2.147483648000000000e+09,-2.147483648000000000e+09,-2.147483648000000000e+09,-2.147483648000000000e+09,-2.147483648000000000e+09,-2.147483648000000000e+09,-2.147483648000000000e+09,-2.147483648000000000e+09,-2.147483648000000000e+09,-2.147483648000000000e+09,-2.147483648000000000e+09,-2.147483648000000000e+09,-2.147483648000000000e+09,-2.147483648000000000e+09,-2.147483648000000000e+09,-2.147483648000000000e+09,-2.147483648000000000e+09,-2.147483648000000000e+09,-2.147483648000000000e+09,-2.147483648000000000e+09,-2.147483648000000000e+09,-2.147483648000000000e+09,-2.147483648000000000e+09,-2.147483648000000000e+09,-2.147483648000000000e+09,-2.147483648000000000e+09,-2.147483648000000000e+09,-2.147483648000000000e+09,-2.147483648000000000e+09,-2.147483648000000000e+09,-2.147483648000000000e+09,-2.147483648000000000e+09
