-2.147483648000000000e+09,-2.147483648000000000e+09,-2.147483648000000000e+09,-2.147483648000000000e+09,-2.147483648000000000e+09,-2.147483648000000000e+09,-2.147483648000000000e+09,-2.147483648000000000e+09,-2.147483648000000000e+09,-2.147483648000000000e+09,-2.147483648000000000e+09,-2.147483648000000000e+09,-2.147483648000000000e+09,-2.147483648000000000e+09,-2.147483648000000000e+09,-2.147483648000000000e+09,-2.147483648000000000e+09,-2.147483648000000000e+09,-2.147483648000000000e+09,-2.147483648000000000e+09,-2.147483648000000000e+09,-2.147483648000000000e+09,-2.147483648000000000e+09,-2.147483648000000000e+09,-2.147483648000000000e+09,-2.147483648000000000e+09,-2.147483648000000000e+09,1.045180800000000000e+07,1.045180900000000000e+07,-2.147483648000000000e+09,-2.147483648000000000e+09,-2.147483648000000000e+09,-2.147483648000000000e+09,-2.147483648000000000e+09,-2.147483648000000000e+09,-2.147483648000000000e+09,-2.147483648000000000e+09,-2.147483648000000000e+09,-2.147483648000000000e+09,-2.147483648000000000e+09,-2.147483648000000000e+09,-2.147483648000000000e+09,-2.147483648000000000e+09,-2.147483648000000000e+09,-2.147483648000000000e+09,-2.147483648000000000e+09,-2.147483648000000000e+09,-2.147483648000000000e+09,-2.147483648000000000e+09
-2.147483648000000000e+09,-2.147483648000000000e+09,-2.147483648000000000e+09,-2.147483648000000000e+09,-2.147483648000000000e+09,-2.147483648000000000e+09,-2.147483648000000000e+09,-2.147483648000000000e+09,-2.147483648000000000e+09,-2.147483648000000000e+09,-2.147483648000000000e+09,-2.147483648000000000e+09,-2.147483648000000000e+09,-2.147483648000000000e+09,-2.147483648000000000e+09,-2.147483648000000000e+09,-2.147483648000000000e+09,-2.147483648000000000e+09,-2.147483648000000000e+09,-2.147483648000000000e+09,-2.147483648000000000e+09,-2.147483648000000000e+09,-2.147483648000000000e+09,-2.147483648000000000e+09,-2.147483648000000000e+09,-2.147483648000000000e+09,1.045900700000000000e+07,1.045900800000000000e+07,1.045900900000000000e+07,1.045901000000000000e+07,1.045901100000000000e+07,-2.147483648000000000e+09,-2.147483648000000000e+09,-2.147483648000000000e+09,-2.147483648000000000e+09,-2.147483648000000000e+09,-2.147483648000000000e+09,-2.147483648000000000e+09,-2.147483648000000000e+09,-2.147483648000000000e+09,-2.147483648000000000e+09,-2.147483648000000000e+09,-2.147483648000000000e+09,-2.147483648000000000e+09,-2.147483648000000000e+09,-2.147483648000000000e+09,-2.147483648000000000e+09,-2.147483648000000000e+09,-2.147483648000000000e+09
-2.147483648000000000e+09,-2.147483648000000000e+09,-2.147483648000000000e+09,-2.147483648000000000e+09,-2.147483648000000000e+09,-2.147483648000000000e+09,-2.147483648000000000e+09,-2.147483648000000000e+09,-2.147483648000000000e+09,-2.147483648000000000e+09,-2.147483648000000000e+09,-2.147483648000000000e+09,-2.147483648000000000e+09,-2.147483648000000000e+09,-2.147483648000000000e+09,-2.147483648000000000e+09,-2.147483648000000000e+09,-2.147483648000000000e+09,-2.147483648000000000e+09,-2.147483648000000000e+09,-2.147483648000000000e+09,-2.147483648000000000e+09,-2.147483648000000000e+09,-2.147483648000000000e+09,1.046620500000000000e+07,1.046620600000000000e+07,1.046620700000000000e+07,1.046620800000000000e+07,1.046620900000000000e+07,1.046621000000000000e+07,1.046621100000000000e+07,-2.147483648000000000e+09,-2.147483648000000000e+09,-2.147483648000000000e+09,-2.147483648000000000e+09,-2.147483648000000000e+09,-2.147483648000000000e+09,-2.147483648000000000e+09,-2.147483648000000000e+09,-2.147483648000000000e+09,-2.147483648000000000e+09,-2.147483648000000000e+09,-2.147483648000000000e+09,-2.147483648000000000e+09,-2.147483648000000000e+09,-2.147483648000000000e+09,-2.147483648000000000e+09,-2.147483648000000000e+09,-2.147483648000000000e+09
-2.147483648000000000e+09,-2.147483648000000000e+09,-2.147483648000000000e+09,-2.147483648000000000e+09,-2.147483648000000000e+09,-2.147483648000000000e+09,-2.147483648000000000e+09,-2.147483648000000000e+09,-2.147483648000000000e+09,-2.147483648000000000e+09,-2.147483648000000000e+09,-2.147483648000000000e+09,-2.147483648000000000e+09,-2.147483648000000000e+09,-2.147483648000000000e+09,-2.147483648000000000e+09,-2.147483648000000000e+09,-2.147483648000000000e+09,-2.147483648000000000e+09,-2.147483648000000000e+09,-2.147483648000000000e+09,-2.147483648000000000e+09,-2.147483648000000000e+09,1.047340400000000000e+07,1.047340500000000000e+07,1.047340600000000000e+07,1.047340700000000000e+07,1.047340800000000000e+07,1.047340900000000000e+07,1.047341000000000000e+07,-2.147483648000000000e+09,-2.147483648000000000e+09,-2.147483648000000000e+09,-2.147483648000000000e+09,-2.147483648000000000e+09,-2.147483648000000000e+09,-2.147483648000000000e+09,-2.147483648000000000e+09,-2.147483648000000000e+09,-2.147483648000000000e+09,-2.147483648000000000e+09,-2.147483648000000000e+09,-2.147483648000000000e+09,-2.147483648000000000e+09,-2.147483648000000000e+09,-2.147483648000000000e+09,-2.147483648000000000e+09,-2.147483648000000000e+09,-2.147483648000000000e+09
-2.147483648000000000e+09,-2.147483648000000000e+09,-2.147483648000000000e+09,-2.147483648000000000e+09,-2.147483648000000000e+09,-2.147483648000000000e+09,-2.147483648000000000e+09,-2.147483648000000000e+09,-2.147483648000000000e+09,-2.147483648000000000e+09,-2.147483648000000000e+09,-2.147483648000000000e+09,-2.147483648000000000e+09,-2.147483648000000000e+09,-2.147483648000000000e+09,-2.147483648000000000e+09,-2.147483648000000000e+09,-2.147483648000000000e+09,-2.147483648000000000e+09,-2.147483648000000000e+09,-2.147483648000000000e+09,-2.147483648000000000e+09,1.048060300000000000e+07,1.048060400000000000e+07,1.048060500000000000e+07,1.048060600000000000e+07,1.048060700000000000e+07,1.048060800000000000e+07,1.048060900000000000e+07,1.048061000000000000e+07,-2.147483648000000000e+09,-2.147483648000000000e+09,-2.147483648000000000e+09,-2.147483648000000000e+09,-2.147483648000000000e+09,-2.147483648000000000e+09,-2.147483648000000000e+09,-2.147483648000000000e+09,-2.147483648000000000e+09,-2.147483648000000000e+09,-2.147483648000000000e+09,-2.147483648000000000e+09,-2.147483648000000000e+09,-2.147483648000000000e+09,-2.147483648000000000e+09,-2.147483648000000000e+09,-2.147483648000000000e+09,-2.147483648000000000e+09,-2.147483648000000000e+09
-2.147483648000000000e+09,-2.147483648000000000e+09,-2.147483648000000000e+09,-2.147483648000000000e+09,-2.147483648000000000e+09,-2.147483648000000000e+09,-2.147483648000000000e+09,-2.147483648000000000e+09,-2.147483648000000000e+09,-2.147483648000000000e+09,-2.147483648000000000e+09,-2.147483648000000000e+09,-2.147483648000000000e+09,-2.147483648000000000e+09,-2.147483648000000000e+09,-2.147483648000000000e+09,-2.147483648000000000e+09,-2.147483648000000000e+09,-2.147483648000000000e+09,-2.147483648000000000e+09,1.048780100000000000e+07,1.048780200000000000e+07,1.048780300000000000e+07,1.048780400000000000e+07,1.048780500000000000e+07,1.048780600000000000e+07,1.048780700000000000e+07,1.048780800000000000e+07,1.048780900000000000e+07,1.048781000000000000e+07,-2.147483648000000000e+09,-2.147483648000000000e+09,-2.147483648000000000e+09,-2.147483648000000000e+09,-2.147483648000000000e+09,-2.147483648000000000e+09,-2.147483648000000000e+09,-2.147483648000000000e+09,-2.147483648000000000e+09,-2.147483648000000000e+09,-2.147483648000000000e+09,-2.147483648000000000e+09,-2.147483648000000000e+09,-2.147483648000000000e+09,-2.147483648000000000e+09,-2.147483648000000000e+09,-2.147483648000000000e+09,-2.147483648000000000e+09,-2.147483648000000000e+09
-2.147483648000000000e+09,-2.147483648000000000e+09,-2.147483648000000000e+09,-2.147483648000000000e+09,-2.147483648000000000e+09,-2.147483648000000000e+09,-2.147483648000000000e+09,-2.147483648000000000e+09,-2.147483648000000000e+09,-2.147483648000000000e+09,-2.147483648000000000e+09,-2.147483648000000000e+09,-2.147483648000000000e+09,-2.147483648000000000e+09,-2.147483648000000000e+09,-2.147483648000000000e+09,-2.147483648000000000e+09,-2.147483648000000000e+09,-2.147483648000000000e+09,1.049500000000000000e+07,1.049500100000000000e+07,1.049500200000000000e+07,1.049500300000000000e+07,1.049500400000000000e+07,1.049500500000000000e+07,1.049500600000000000e+07,1.049500700000000000e+07,1.049500800000000000e+07,1.049500900000000000e+07,1.049501000000000000e+07,1.049501100000000000e+07,1.049501200000000000e+07,-2.147483648000000000e+09,-2.147483648000000000e+09,-2.147483648000000000e+09,-2.147483648000000000e+09,-2.147483648000000000e+09,-2.147483648000000000e+09,-2.147483648000000000e+09,-2.147483648000000000e+09,-2.147483648000000000e+09,-2.147483648000000000e+09,-2.147483648000000000e+09,-2.147483648000000000e+09,-2.147483648000000000e+09,-2.147483648000000000e+09,-2.147483648000000000e+09,-2.147483648000000000e+09,-2.147483648000000000e+09
-2.147483648000000000e+09,-2.147483648000000000e+09,-2.147483648000000000e+09,-2.147483648000000000e+09,-2.147483648000000000e+09,-2.147483648000000000e+09,-2.147483648000000000e+09,-2.147483648000000000e+09,-2.147483648000000000e+09,-2.147483648000000000e+09,-2.147483648000000000e+09,-2.147483648000000000e+09,-2.147483648000000000e+09,-2.147483648000000000e+09,-2.147483648000000000e+09,-2.147483648000000000e+09,-2.147483648000000000e+09,-2.147483648000000000e+09,1.050219900000000000e+07,1.050220000000000000e+07,1.050220100000000000e+07,1.050220200000000000e+07,1.050220300000000000e+07,1.050220400000000000e+07,1.050220500000000000e+07,1.050220600000000000e+07,1.050220700000000000e+07,1.050220800000000000e+07,1.050220900000000000e+07,1.050221000000000000e+07,1.050221100000000000e+07,1.050221200000000000e+07,1.050221300000000000e+07,-2.147483648000000000e+09,-2.147483648000000000e+09,-2.147483648000000000e+09,-2.147483648000000000e+09,-2.147483648000000000e+09,-2.147483648000000000e+09,-2.147483648000000000e+09,-2.147483648000000000e+09,-2.147483648000000000e+09,-2.147483648000000000e+09,-2.147483648000000000e+09,-2.147483648000000000e+09,-2.147483648000000000e+09,-2.147483648000000000e+09,-2.147483648000000000e+09,-2.147483648000000000e+09
-2.147483648000000000e+09,-2.147483648000000000e+09,-2.147483648000000000e+09,-2.147483648000000000e+09,-2.147483648000000000e+09,-2.147483648000000000e+09,-2.147483648000000000e+09,-2.147483648000000000e+09,-2.147483648000000000e+09,-2.147483648000000000e+09,-2.147483648000000000e+09,-2.147483648000000000e+09,-2.147483648000000000e+09,-2.147483648000000000e+09,-2.147483648000000000e+09,-2.147483648000000000e+09,1.050939700000000000e+07,1.050939800000000000e+07,1.050939900000000000e+07,1.050940000000000000e+07,1.050940100000000000e+07,1.050940200000000000e+07,1.050940300000000000e+07,1.050940400000000000e+07,1.050940500000000000e+07,1.050940600000000000e+07,1.050940700000000000e+07,1.050940800000000000e+07,1.050940900000000000e+07,1.050941000000000000e+07,1.050941100000000000e+07,1.050941200000000000e+07,1.050941300000000000e+07,-2.147483648000000000e+09,-2.147483648000000000e+09,-2.147483648000000000e+09,-2.147483648000000000e+09,-2.147483648000000000e+09,-2.147483648000000000e+09,-2.147483648000000000e+09,-2.147483648000000000e+09,-2.147483648000000000e+09,-2.147483648000000000e+09,-2.147483648000000000e+09,-2.147483648000000000e+09,-2.147483648000000000e+09,-2.147483648000000000e+09,-2.147483648000000000e+09,-2.147483648000000000e+09
-2.147483648000000000e+09,-2.147483648000000000e+09,-2.147483648000000000e+09,-2.147483648000000000e+09,-2.147483648000000000e+09,-2.147483648000000000e+09,-2.147483648000000000e+09,-2.147483648000000000e+09,-2.147483648000000000e+09,-2.147483648000000000e+09,-2.147483648000000000e+09,-2.147483648000000000e+09,-2.147483648000000000e+09,-2.147483648000000000e+09,-2.147483648000000000e+09,1.051659600000000000e+07,1.051659700000000000e+07,1.051659800000000000e+07,1.051659900000000000e+07,1.051660000000000000e+07,1.051660100000000000e+07,1.051660200000000000e+07,1.051660300000000000e+07,1.051660400000000000e+07,1.051660500000000000e+07,1.051660600000000000e+07,1.051660700000000000e+07,1.051660800000000000e+07,1.051660900000000000e+07,1.051661000000000000e+07,1.051661100000000000e+07,1.051661200000000000e+07,-2.147483648000000000e+09,-2.147483648000000000e+09,-2.147483648000000000e+09,-2.147483648000000000e+09,-2.147483648000000000e+09,-2.147483648000000000e+09,-2.147483648000000000e+09,-2.147483648000000000e+09,-2.147483648000000000e+09,-2.147483648000000000e+09,-2.147483648000000000e+09,-2.147483648000000000e+09,-2.147483648000000000e+09,-2.147483648000000000e+09,-2.147483648000000000e+09,-2.147483648000000000e+09,-2.147483648000000000e+09
-2.147483648000000000e+09,-2.147483648000000000e+09,-2.147483648000000000e+09,-2.147483648000000000e+09,-2.147483648000000000e+09,-2.147483648000000000e+09,-2.147483648000000000e+09,-2.147483648000000000e+09,-2.147483648000000000e+09,-2.147483648000000000e+09,-2.147483648000000000e+09,-2.147483648000000000e+09,-2.147483648000000000e+09,-2.147483648000000000e+09,1.052379500000000000e+07,1.052379600000000000e+07,1.052379700000000000e+07,1.052379800000000000e+07,1.052379900000000000e+07,1.052380000000000000e+07,1.052380100000000000e+07,1.052380200000000000e+07,1.052380300000000000e+07,1.052380400000000000e+07,1.052380500000000000e+07,1.052380600000000000e+07,1.052380700000000000e+07,1.052380800000000000e+07,1.052380900000000000e+07,1.052381000000000000e+07,1.052381100000000000e+07,1.052381200000000000e+07,-2.147483648000000000e+09,-2.147483648000000000e+09,-2.147483648000000000e+09,-2.147483648000000000e+09,-2.147483648000000000e+09,-2.147483648000000000e+09,-2.147483648000000000e+09,-2.147483648000000000e+09,-2.147483648000000000e+09,-2.147483648000000000e+09,-2.147483648000000000e+09,-2.147483648000000000e+09,-2.147483648000000000e+09,-2.147483648000000000e+09,-2.147483648000000000e+09,-2.147483648000000000e+09,-2.147483648000000000e+09
-2.147483648000000000e+09,-2.147483648000000000e+09,-2.147483648000000000e+09,-2.147483648000000000e+09,-2.147483648000000000e+09,-2.147483648000000000e+09,-2.147483648000000000e+09,-2.147483648000000000e+09,-2.147483648000000000e+09,-2.147483648000000000e+09,-2.147483648000000000e+09,-2.147483648000000000e+09,1.053099300000000000e+07,1.053099400000000000e+07,1.053099500000000000e+07,1.053099600000000000e+07,1.053099700000000000e+07,1.053099800000000000e+07,1.053099900000000000e+07,1.053100000000000000e+07,1.053100100000000000e+07,1.053100200000000000e+07,1.053100300000000000e+07,1.053100400000000000e+07,1.053100500000000000e+07,1.053100600000000000e+07,1.053100700000000000e+07,1.053100800000000000e+07,1.053100900000000000e+07,1.053101000000000000e+07,1.053101100000000000e+07,1.053101200000000000e+07,-2.147483648000000000e+09,-2.147483648000000000e+09,-2.147483648000000000e+09,-2.147483648000000000e+09,-2.147483648000000000e+09,-2.147483648000000000e+09,-2.147483648000000000e+09,-2.147483648000000000e+09,-2.147483648000000000e+09,-2.147483648000000000e+09,-2.147483648000000000e+09,-2.147483648000000000e+09,-2.147483648000000000e+09,-2.147483648000000000e+09,-2.147483648000000000e+09,-2.147483648000000000e+09,-2.147483648000000000e+09
-2.147483648000000000e+09,-2.147483648000000000e+09,-2.147483648000000000e+09,-2.147483648000000000e+09,-2.147483648000000000e+09,-2.147483648000000000e+09,-2.147483648000000000e+09,-2.147483648000000000e+09,-2.147483648000000000e+09,-2.147483648000000000e+09,-2.147483648000000000e+09,1.053819200000000000e+07,1.053819300000000000e+07,1.053819400000000000e+07,1.053819500000000000e+07,1.053819600000000000e+07,1.053819700000000000e+07,1.053819800000000000e+07,1.053819900000000000e+07,1.053820000000000000e+07,1.053820100000000000e+07,1.053820200000000000e+07,1.053820300000000000e+07,1.053820400000000000e+07,1.053820500000000000e+07,1.053820600000000000e+07,1.053820700000000000e+07,1.053820800000000000e+07,1.053820900000000000e+07,1.053821000000000000e+07,1.053821100000000000e+07,1.053821200000000000e+07,-2.147483648000000000e+09,-2.147483648000000000e+09,-2.147483648000000000e+09,-2.147483648000000000e+09,-2.147483648000000000e+09,-2.147483648000000000e+09,-2.147483648000000000e+09,-2.147483648000000000e+09,-2.147483648000000000e+09,-2.147483648000000000e+09,-2.147483648000000000e+09,-2.147483648000000000e+09,-2.147483648000000000e+09,-2.147483648000000000e+09,-2.147483648000000000e+09,-2.147483648000000000e+09,-2.147483648000000000e+09
-2.147483648000000000e+09,-2.147483648000000000e+09,-2.147483648000000000e+09,-2.147483648000000000e+09,-2.147483648000000000e+09,-2.147483648000000000e+09,-2.147483648000000000e+09,-2.147483648000000000e+09,-2.147483648000000000e+09,-2.147483648000000000e+09,1.054539100000000000e+07,1.054539200000000000e+07,1.054539300000000000e+07,1.054539400000000000e+07,1.054539500000000000e+07,1.054539600000000000e+07,1.054539700000000000e+07,1.054539800000000000e+07,1.054539900000000000e+07,1.054540000000000000e+07,1.054540100000000000e+07,1.054540200000000000e+07,1.054540300000000000e+07,1.054540400000000000e+07,1.054540500000000000e+07,1.054540600000000000e+07,1.054540700000000000e+07,1.054540800000000000e+07,1.054540900000000000e+07,1.054541000000000000e+07,1.054541100000000000e+07,-2.147483648000000000e+09,-2.147483648000000000e+09,-2.147483648000000000e+09,-2.147483648000000000e+09,-2.147483648000000000e+09,-2.147483648000000000e+09,-2.147483648000000000e+09,-2.147483648000000000e+09,-2.147483648000000000e+09,-2.147483648000000000e+09,-2.147483648000000000e+09,-2.147483648000000000e+09,-2.147483648000000000e+09,-2.147483648000000000e+09,-2.147483648000000000e+09,-2.147483648000000000e+09,-2.147483648000000000e+09,-2.147483648000000000e+09
-2.147483648000000000e+09,-2.147483648000000000e+09,-2.147483648000000000e+09,-2.147483648000000000e+09,-2.147483648000000000e+09,-2.147483648000000000e+09,-2.147483648000000000e+09,-2.147483648000000000e+09,1.055258900000000000e+07,1.055259000000000000e+07,1.055259100000000000e+07,1.055259200000000000e+07,1.055259300000000000e+07,1.055259400000000000e+07,1.055259500000000000e+07,1.055259600000000000e+07,1.055259700000000000e+07,1.055259800000000000e+07,1.055259900000000000e+07,1.055260000000000000e+07,1.055260100000000000e+07,1.055260200000000000e+07,1.055260300000000000e+07,1.055260400000000000e+07,1.055260500000000000e+07,1.055260600000000000e+07,1.055260700000000000e+07,1.055260800000000000e+07,1.055260900000000000e+07,1.055261000000000000e+07,1.055261100000000000e+07,-2.147483648000000000e+09,-2.147483648000000000e+09,-2.147483648000000000e+09,-2.147483648000000000e+09,-2.147483648000000000e+09,-2.147483648000000000e+09,-2.147483648000000000e+09,-2.147483648000000000e+09,-2.147483648000000000e+09,-2.147483648000000000e+09,-2.147483648000000000e+09,-2.147483648000000000e+09,-2.147483648000000000e+09,-2.147483648000000000e+09,-2.147483648000000000e+09,-2.147483648000000000e+09,-2.147483648000000000e+09,-2.147483648000000000e+09
-2.147483648000000000e+09,-2.147483648000000000e+09,-2.147483648000000000e+09,-2.147483648000000000e+09,-2.147483648000000000e+09,-2.147483648000000000e+09,-2.147483648000000000e+09,1.055978800000000000e+07,1.055978900000000000e+07,1.055979000000000000e+07,1.055979100000000000e+07,1.055979200000000000e+07,1.055979300000000000e+07,1.055979400000000000e+07,1.055979500000000000e+07,1.055979600000000000e+07,1.055979700000000000e+07,1.055979800000000000e+07,1.055979900000000000e+07,1.055980000000000000e+07,1.055980100000000000e+07,1.055980200000000000e+07,1.055980300000000000e+07,1.055980400000000000e+07,1.055980500000000000e+07,1.055980600000000000e+07,1.055980700000000000e+07,1.055980800000000000e+07,1.055980900000000000e+07,1.055981000000000000e+07,-2.147483648000000000e+09,-2.147483648000000000e+09,-2.147483648000000000e+09,-2.147483648000000000e+09,-2.147483648000000000e+09,-2.147483648000000000e+09,-2.147483648000000000e+09,-2.147483648000000000e+09,-2.147483648000000000e+09,-2.147483648000000000e+09,-2.147483648000000000e+09,-2.147483648000000000e+09,-2.147483648000000000e+09,-2.147483648000000000e+09,-2.147483648000000000e+09,-2.147483648000000000e+09,-2.147483648000000000e+09,-2.147483648000000000e+09,-2.147483648000000000e+09
-2.147483648000000000e+09,-2.147483648000000000e+09,-2.147483648000000000e+09,-2.147483648000000000e+09,-2.147483648000000000e+09,1.056698600000000000e+07,1.056698700000000000e+07,1.056698800000000000e+07,1.056698900000000000e+07,1.056699000000000000e+07,1.056699100000000000e+07,1.056699200000000000e+07,1.056699300000000000e+07,1.056699400000000000e+07,1.056699500000000000e+07,1.056699600000000000e+07,1.056699700000000000e+07,1.056699800000000000e+07,1.056699900000000000e+07,1.056700000000000000e+07,1.056700100000000000e+07,1.056700200000000000e+07,1.056700300000000000e+07,1.056700400000000000e+07,1.056700500000000000e+07,1.056700600000000000e+07,1.056700700000000000e+07,1.056700800000000000e+07,1.056700900000000000e+07,1.056701000000000000e+07,-2.147483648000000000e+09,-2.147483648000000000e+09,-2.147483648000000000e+09,-2.147483648000000000e+09,-2.147483648000000000e+09,-2.147483648000000000e+09,-2.147483648000000000e+09,-2.147483648000000000e+09,-2.147483648000000000e+09,-2.147483648000000000e+09,-2.147483648000000000e+09,-2.147483648000000000e+09,-2.147483648000000000e+09,-2.147483648000000000e+09,-2.147483648000000000e+09,-2.147483648000000000e+09,-2.147483648000000000e+09,-2.147483648000000000e+09,-2.147483648000000000e+09
-2.147483648000000000e+09,-2.147483648000000000e+09,-2.147483648000000000e+09,-2.147483648000000000e+09,1.057418500000000000e+07,1.057418600000000000e+07,1.057418700000000000e+07,1.057418800000000000e+07,1.057418900000000000e+07,1.057419000000000000e+07,1.057419100000000000e+07,1.057419200000000000e+07,1.057419300000000000e+07,1.057419400000000000e+07,1.057419500000000000e+07,1.057419600000000000e+07,1.057419700000000000e+07,1.057419800000000000e+07,1.057419900000000000e+07,1.057420000000000000e+07,1.057420100000000000e+07,1.057420200000000000e+07,1.057420300000000000e+07,1.057420400000000000e+07,1.057420500000000000e+07,1.057420600000000000e+07,1.057420700000000000e+07,1.057420800000000000e+07,1.057420900000000000e+07,1.057421000000000000e+07,1.057421100000000000e+07,-2.147483648000000000e+09,-2.147483648000000000e+09,-2.147483648000000000e+09,-2.147483648000000000e+09,-2.147483648000000000e+09,-2.147483648000000000e+09,-2.147483648000000000e+09,-2.147483648000000000e+09,-2.147483648000000000e+09,-2.147483648000000000e+09,-2.147483648000000000e+09,-2.147483648000000000e+09,-2.147483648000000000e+09,-2.147483648000000000e+09,-2.147483648000000000e+09,-2.147483648000000000e+09,-2.147483648000000000e+09,-2.147483648000000000e+09
-2.147483648000000000e+09,-2.147483648000000000e+09,-2.147483648000000000e+09,1.058138400000000000e+07,1.058138500000000000e+07,1.058138600000000000e+07,1.058138700000000000e+07,1.058138800000000000e+07,1.058138900000000000e+07,1.058139000000000000e+07,1.058139100000000000e+07,1.058139200000000000e+07,1.058139300000000000e+07,1.058139400000000000e+07,1.058139500000000000e+07,1.058139600000000000e+07,1.058139700000000000e+07,1.058139800000000000e+07,1.058139900000000000e+07,1.058140000000000000e+07,1.058140100000000000e+07,1.058140200000000000e+07,1.058140300000000000e+07,1.058140400000000000e+07,1.058140500000000000e+07,1.058140600000000000e+07,1.058140700000000000e+07,1.058140800000000000e+07,1.058140900000000000e+07,1.058141000000000000e+07,1.058141100000000000e+07,1.058141200000000000e+07,1.058141300000000000e+07,1.058141400000000000e+07,1.058141500000000000e+07,-2.147483648000000000e+09,-2.147483648000000000e+09,-2.147483648000000000e+09,-2.147483648000000000e+09,-2.147483648000000000e+09,-2.147483648000000000e+09,-2.147483648000000000e+09,-2.147483648000000000e+09,-2.147483648000000000e+09,-2.147483648000000000e+09,-2.147483648000000000e+09,-2.147483648000000000e+09,-2.147483648000000000e+09,-2.147483648000000000e+09
-2.147483648000000000e+09,-2.147483648000000000e+09,-2.147483648000000000e+09,1.058858400000000000e+07,1.058858500000000000e+07,1.058858600000000000e+07,1.058858700000000000e+07,1.058858800000000000e+07,1.058858900000000000e+07,1.058859000000000000e+07,1.058859100000000000e+07,1.058859200000000000e+07,1.058859300000000000e+07,1.058859400000000000e+07,1.058859500000000000e+07,1.058859600000000000e+07,1.058859700000000000e+07,1.058859800000000000e+07,1.058859900000000000e+07,1.058860000000000000e+07,1.058860100000000000e+07,1.058860200000000000e+07,1.058860300000000000e+07,1.058860400000000000e+07,1.058860500000000000e+07,1.058860600000000000e+07,1.058860700000000000e+07,1.058860800000000000e+07,1.058860900000000000e+07,1.058861000000000000e+07,1.058861100000000000e+07,1.058861200000000000e+07,1.058861300000000000e+07,1.058861400000000000e+07,1.058861500000000000e+07,-2.147483648000000000e+09,-2.147483648000000000e+09,-2.147483648000000000e+09,-2.147483648000000000e+09,-2.147483648000000000e+09,-2.147483648000000000e+09,-2.147483648000000000e+09,-2.147483648000000000e+09,-2.147483648000000000e+09,-2.147483648000000000e+09,-2.147483648000000000e+09,-2.147483648000000000e+09,-2.147483648000000000e+09,-2.147483648000000000e+09
-2.147483648000000000e+09,-2.147483648000000000e+09,-2.147483648000000000e+09,-2.147483648000000000e+09,1.059578500000000000e+07,1.059578600000000000e+07,1.059578700000000000e+07,1.059578800000000000e+07,1.059578900000000000e+07,1.059579000000000000e+07,1.059579100000000000e+07,1.059579200000000000e+07,1.059579300000000000e+07,1.059579400000000000e+07,1.059579500000000000e+07,1.059579600000000000e+07,1.059579700000000000e+07,1.059579800000000000e+07,1.059579900000000000e+07,1.059580000000000000e+07,1.059580100000000000e+07,1.059580200000000000e+07,1.059580300000000000e+07,1.059580400000000000e+07,1.059580500000000000e+07,1.059580600000000000e+07,1.059580700000000000e+07,1.059580800000000000e+07,1.059580900000000000e+07,1.059581000000000000e+07,1.059581100000000000e+07,1.059581200000000000e+07,1.059581300000000000e+07,1.059581400000000000e+07,1.059581500000000000e+07,-2.147483648000000000e+09,-2.147483648000000000e+09,-2.147483648000000000e+09,-2.147483648000000000e+09,-2.147483648000000000e+09,-2.147483648000000000e+09,-2.147483648000000000e+09,-2.147483648000000000e+09,-2.147483648000000000e+09,-2.147483648000000000e+09,-2.147483648000000000e+09,-2.147483648000000000e+09,-2.147483648000000000e+09,-2.147483648000000000e+09
-2.147483648000000000e+09,-2.147483648000000000e+09,-2.147483648000000000e+09,-2.147483648000000000e+09,1.060298500000000000e+07,1.060298600000000000e+07,1.060298700000000000e+07,1.060298800000000000e+07,1.060298900000000000e+07,1.060299000000000000e+07,1.060299100000000000e+07,1.060299200000000000e+07,1.060299300000000000e+07,1.060299400000000000e+07,1.060299500000000000e+07,1.060299600000000000e+07,1.060299700000000000e+07,1.060299800000000000e+07,1.060299900000000000e+07,1.060300000000000000e+07,1.060300100000000000e+07,1.060300200000000000e+07,1.060300300000000000e+07,1.060300400000000000e+07,1.060300500000000000e+07,1.060300600000000000e+07,1.060300700000000000e+07,1.060300800000000000e+07,1.060300900000000000e+07,1.060301000000000000e+07,1.060301100000000000e+07,1.060301200000000000e+07,1.060301300000000000e+07,1.060301400000000000e+07,1.060301500000000000e+07,1.060301600000000000e+07,-2.147483648000000000e+09,-2.147483648000000000e+09,-2.147483648000000000e+09,-2.147483648000000000e+09,-2.147483648000000000e+09,-2.147483648000000000e+09,-2.147483648000000000e+09,-2.147483648000000000e+09,-2.147483648000000000e+09,-2.147483648000000000e+09,-2.147483648000000000e+09,-2.147483648000000000e+09,-2.147483648000000000e+09
-2.147483648000000000e+09,-2.147483648000000000e+09,-2.147483648000000000e+09,-2.147483648000000000e+09,-2.147483648000000000e+09,1.061018600000000000e+07,1.061018700000000000e+07,1.061018800000000000e+07,1.061018900000000000e+07,1.061019000000000000e+07,1.061019100000000000e+07,1.061019200000000000e+07,1.061019300000000000e+07,1.061019400000000000e+07,1.061019500000000000e+07,1.061019600000000000e+07,1.061019700000000000e+07,1.061019800000000000e+07,1.061019900000000000e+07,1.061020000000000000e+07,1.061020100000000000e+07,1.061020200000000000e+07,1.061020300000000000e+07,1.061020400000000000e+07,1.061020500000000000e+07,1.061020600000000000e+07,1.061020700000000000e+07,1.061020800000000000e+07,1.061020900000000000e+07,1.061021000000000000e+07,1.061021100000000000e+07,1.061021200000000000e+07,1.061021300000000000e+07,1.061021400000000000e+07,1.061021500000000000e+07,1.061021600000000000e+07,1.061021700000000000e+07,1.061021800000000000e+07,-2.147483648000000000e+09,-2.147483648000000000e+09,-2.147483648000000000e+09,-2.147483648000000000e+09,-2.147483648000000000e+09,-2.147483648000000000e+09,-2.147483648000000000e+09,-2.147483648000000000e+09,-2.147483648000000000e+09,-2.147483648000000000e+09,-2.147483648000000000e+09
-2.147483648000000000e+09,-2.147483648000000000e+09,-2.147483648000000000e+09,-2.147483648000000000e+09,-2.147483648000000000e+09,1.061738600000000000e+07,1.061738700000000000e+07,1.061738800000000000e+07,1.061738900000000000e+07,1.061739000000000000e+07,1.061739100000000000e+07,1.061739200000000000e+07,1.061739300000000000e+07,1.061739400000000000e+07,1.061739500000000000e+07,1.061739600000000000e+07,1.061739700000000000e+07,1.061739800000000000e+07,1.061739900000000000e+07,1.061740000000000000e+07,1.061740100000000000e+07,1.061740200000000000e+07,1.061740300000000000e+07,1.061740400000000000e+07,1.061740500000000000e+07,1.061740600000000000e+07,1.061740700000000000e+07,1.061740800000000000e+07,1.061740900000000000e+07,1.061741000000000000e+07,1.061741100000000000e+07,1.061741200000000000e+07,1.061741300000000000e+07,1.061741400000000000e+07,1.061741500000000000e+07,1.061741600000000000e+07,1.061741700000000000e+07,1.061741800000000000e+07,1.061741900000000000e+07,1.061742000000000000e+07,1.061742100000000000e+07,-2.147483648000000000e+09,-2.147483648000000000e+09,-2.147483648000000000e+09,-2.147483648000000000e+09,-2.147483648000000000e+09,1.061742700000000000e+07,-2.147483648000000000e+09,-2.147483648000000000e+09
-2.147483648000000000e+09,-2.147483648000000000e+09,-2.147483648000000000e+09,-2.147483648000000000e+09,-2.147483648000000000e+09,1.062458600000000000e+07,1.062458700000000000e+07,1.062458800000000000e+07,1.062458900000000000e+07,1.062459000000000000e+07,1.062459100000000000e+07,1.062459200000000000e+07,1.062459300000000000e+07,1.062459400000000000e+07,1.062459500000000000e+07,1.062459600000000000e+07,1.062459700000000000e+07,1.062459800000000000e+07,1.062459900000000000e+07,1.062460000000000000e+07,1.062460100000000000e+07,1.062460200000000000e+07,1.062460300000000000e+07,1.062460400000000000e+07,1.062460500000000000e+07,1.062460600000000000e+07,1.062460700000000000e+07,1.062460800000000000e+07,1.062460900000000000e+07,1.062461000000000000e+07,1.062461100000000000e+07,1.062461200000000000e+07,1.062461300000000000e+07,1.062461400000000000e+07,1.062461500000000000e+07,1.062461600000000000e+07,1.062461700000000000e+07,1.062461800000000000e+07,1.062461900000000000e+07,1.062462000000000000e+07,1.062462100000000000e+07,1.062462200000000000e+07,1.062462300000000000e+07,1.062462400000000000e+07,1.062462500000000000e+07,1.062462600000000000e+07,1.062462700000000000e+07,1.062462800000000000e+07,-2.147483648000000000e+09
-2.147483648000000000e+09,-2.147483648000000000e+09,-2.147483648000000000e+09,1.063178400000000000e+07,1.063178500000000000e+07,1.063178600000000000e+07,1.063178700000000000e+07,1.063178800000000000e+07,1.063178900000000000e+07,1.063179000000000000e+07,1.063179100000000000e+07,1.063179200000000000e+07,1.063179300000000000e+07,1.063179400000000000e+07,1.063179500000000000e+07,1.063179600000000000e+07,1.063179700000000000e+07,1.063179800000000000e+07,1.063179900000000000e+07,1.063180000000000000e+07,1.063180100000000000e+07,1.063180200000000000e+07,1.063180300000000000e+07,1.063180400000000000e+07,1.063180500000000000e+07,1.063180600000000000e+07,1.063180700000000000e+07,1.063180800000000000e+07,1.063180900000000000e+07,1.063181000000000000e+07,1.063181100000000000e+07,1.063181200000000000e+07,1.063181300000000000e+07,1.063181400000000000e+07,1.063181500000000000e+07,1.063181600000000000e+07,1.063181700000000000e+07,1.063181800000000000e+07,1.063181900000000000e+07,1.063182000000000000e+07,1.063182100000000000e+07,1.063182200000000000e+07,1.063182300000000000e+07,1.063182400000000000e+07,1.063182500000000000e+07,1.063182600000000000e+07,1.063182700000000000e+07,-2.147483648000000000e+09,-2.147483648000000000e+09
-2.147483648000000000e+09,-2.147483648000000000e+09,1.063898300000000000e+07,1.063898400000000000e+07,1.063898500000000000e+07,1.063898600000000000e+07,1.063898700000000000e+07,1.063898800000000000e+07,1.063898900000000000e+07,1.063899000000000000e+07,1.063899100000000000e+07,1.063899200000000000e+07,1.063899300000000000e+07,1.063899400000000000e+07,1.063899500000000000e+07,1.063899600000000000e+07,1.063899700000000000e+07,1.063899800000000000e+07,-2.147483648000000000e+09,-2.147483648000000000e+09,1.063900100000000000e+07,1.063900200000000000e+07,1.063900300000000000e+07,1.063900400000000000e+07,1.063900500000000000e+07,1.063900600000000000e+07,1.063900700000000000e+07,1.063900800000000000e+07,1.063900900000000000e+07,1.063901000000000000e+07,1.063901100000000000e+07,1.063901200000000000e+07,1.063901300000000000e+07,1.063901400000000000e+07,1.063901500000000000e+07,1.063901600000000000e+07,1.063901700000000000e+07,1.063901800000000000e+07,1.063901900000000000e+07,1.063902000000000000e+07,1.063902100000000000e+07,1.063902200000000000e+07,1.063902300000000000e+07,1.063902400000000000e+07,1.063902500000000000e+07,1.063902600000000000e+07,-2.147483648000000000e+09,-2.147483648000000000e+09,-2.147483648000000000e+09
1.064618100000000000e+07,1.064618200000000000e+07,1.064618300000000000e+07,1.064618400000000000e+07,1.064618500000000000e+07,1.064618600000000000e+07,1.064618700000000000e+07,1.064618800000000000e+07,1.064618900000000000e+07,1.064619000000000000e+07,1.064619100000000000e+07,1.064619200000000000e+07,1.064619300000000000e+07,1.064619400000000000e+07,1.064619500000000000e+07,1.064619600000000000e+07,-2.147483648000000000e+09,-2.147483648000000000e+09,-2.147483648000000000e+09,-2.147483648000000000e+09,1.064620100000000000e+07,1.064620200000000000e+07,1.064620300000000000e+07,1.064620400000000000e+07,1.064620500000000000e+07,1.064620600000000000e+07,1.064620700000000000e+07,1.064620800000000000e+07,1.064620900000000000e+07,1.064621000000000000e+07,1.064621100000000000e+07,1.064621200000000000e+07,1.064621300000000000e+07,1.064621400000000000e+07,1.064621500000000000e+07,1.064621600000000000e+07,1.064621700000000000e+07,1.064621800000000000e+07,1.064621900000000000e+07,1.064622000000000000e+07,1.064622100000000000e+07,1.064622200000000000e+07,1.064622300000000000e+07,1.064622400000000000e+07,1.064622500000000000e+07,-2.147483648000000000e+09,-2.147483648000000000e+09,-2.147483648000000000e+09,-2.147483648000000000e+09
-2.147483648000000000e+09,-2.147483648000000000e+09,1.065338300000000000e+07,1.065338400000000000e+07,1.065338500000000000e+07,1.065338600000000000e+07,1.065338700000000000e+07,1.065338800000000000e+07,1.065338900000000000e+07,1.065339000000000000e+07,1.065339100000000000e+07,1.065339200000000000e+07,1.065339300000000000e+07,1.065339400000000000e+07,-2.147483648000000000e+09,-2.147483648000000000e+09,-2.147483648000000000e+09,-2.147483648000000000e+09,-2.147483648000000000e+09,-2.147483648000000000e+09,1.065340100000000000e+07,1.065340200000000000e+07,1.065340300000000000e+07,1.065340400000000000e+07,1.065340500000000000e+07,1.065340600000000000e+07,1.065340700000000000e+07,1.065340800000000000e+07,1.065340900000000000e+07,1.065341000000000000e+07,1.065341100000000000e+07,1.065341200000000000e+07,1.065341300000000000e+07,1.065341400000000000e+07,1.065341500000000000e+07,1.065341600000000000e+07,1.065341700000000000e+07,1.065341800000000000e+07,1.065341900000000000e+07,1.065342000000000000e+07,1.065342100000000000e+07,1.065342200000000000e+07,1.065342300000000000e+07,1.065342400000000000e+07,-2.147483648000000000e+09,-2.147483648000000000e+09,-2.147483648000000000e+09,-2.147483648000000000e+09,-2.147483648000000000e+09
-2.147483648000000000e+09,-2.147483648000000000e+09,1.066058300000000000e+07,1.066058400000000000e+07,1.066058500000000000e+07,1.066058600000000000e+07,1.066058700000000000e+07,1.066058800000000000e+07,1.066058900000000000e+07,1.066059000000000000e+07,1.066059100000000000e+07,1.066059200000000000e+07,1.066059300000000000e+07,-2.147483648000000000e+09,-2.147483648000000000e+09,-2.147483648000000000e+09,-2.147483648000000000e+09,-2.147483648000000000e+09,-2.147483648000000000e+09,-2.147483648000000000e+09,-2.147483648000000000e+09,1.066060200000000000e+07,1.066060300000000000e+07,1.066060400000000000e+07,1.066060500000000000e+07,1.066060600000000000e+07,1.066060700000000000e+07,1.066060800000000000e+07,1.066060900000000000e+07,1.066061000000000000e+07,1.066061100000000000e+07,1.066061200000000000e+07,1.066061300000000000e+07,1.066061400000000000e+07,1.066061500000000000e+07,1.066061600000000000e+07,1.066061700000000000e+07,1.066061800000000000e+07,1.066061900000000000e+07,1.066062000000000000e+07,1.066062100000000000e+07,1.066062200000000000e+07,1.066062300000000000e+07,-2.147483648000000000e+09,-2.147483648000000000e+09,-2.147483648000000000e+09,-2.147483648000000000e+09,-2.147483648000000000e+09,-2.147483648000000000e+09
-2.147483648000000000e+09,-2.147483648000000000e+09,1.066778300000000000e+07,1.066778400000000000e+07,1.066778500000000000e+07,1.066778600000000000e+07,1.066778700000000000e+07,1.066778800000000000e+07,1.066778900000000000e+07,1.066779000000000000e+07,1.066779100000000000e+07,1.066779200000000000e+07,1.066779300000000000e+07,-2.147483648000000000e+09,-2.147483648000000000e+09,-2.147483648000000000e+09,-2.147483648000000000e+09,-2.147483648000000000e+09,-2.147483648000000000e+09,-2.147483648000000000e+09,-2.147483648000000000e+09,1.066780200000000000e+07,1.066780300000000000e+07,1.066780400000000000e+07,1.066780500000000000e+07,1.066780600000000000e+07,1.066780700000000000e+07,1.066780800000000000e+07,1.066780900000000000e+07,1.066781000000000000e+07,1.066781100000000000e+07,1.066781200000000000e+07,1.066781300000000000e+07,1.066781400000000000e+07,1.066781500000000000e+07,1.066781600000000000e+07,1.066781700000000000e+07,1.066781800000000000e+07,1.066781900000000000e+07,1.066782000000000000e+07,1.066782100000000000e+07,1.066782200000000000e+07,-2.147483648000000000e+09,-2.147483648000000000e+09,-2.147483648000000000e+09,-2.147483648000000000e+09,-2.147483648000000000e+09,-2.147483648000000000e+09,-2.147483648000000000e+09
-2.147483648000000000e+09,-2.147483648000000000e+09,-2.147483648000000000e+09,1.067498400000000000e+07,1.067498500000000000e+07,1.067498600000000000e+07,1.067498700000000000e+07,1.067498800000000000e+07,1.067498900000000000e+07,1.067499000000000000e+07,1.067499100000000000e+07,1.067499200000000000e+07,1.067499300000000000e+07,-2.147483648000000000e+09,-2.147483648000000000e+09,-2.147483648000000000e+09,-2.147483648000000000e+09,-2.147483648000000000e+09,-2.147483648000000000e+09,-2.147483648000000000e+09,-2.147483648000000000e+09,1.067500200000000000e+07,1.067500300000000000e+07,1.067500400000000000e+07,1.067500500000000000e+07,1.067500600000000000e+07,1.067500700000000000e+07,1.067500800000000000e+07,1.067500900000000000e+07,1.067501000000000000e+07,1.067501100000000000e+07,1.067501200000000000e+07,1.067501300000000000e+07,1.067501400000000000e+07,1.067501500000000000e+07,1.067501600000000000e+07,1.067501700000000000e+07,1.067501800000000000e+07,1.067501900000000000e+07,1.067502000000000000e+07,1.067502100000000000e+07,-2.147483648000000000e+09,-2.147483648000000000e+09,-2.147483648000000000e+09,-2.147483648000000000e+09,-2.147483648000000000e+09,-2.147483648000000000e+09,-2.147483648000000000e+09,-2.147483648000000000e+09
-2.147483648000000000e+09,-2.147483648000000000e+09,-2.147483648000000000e+09,-2.147483648000000000e+09,-2.147483648000000000e+09,-2.147483648000000000e+09,1.068218700000000000e+07,1.068218800000000000e+07,1.068218900000000000e+07,1.068219000000000000e+07,1.068219100000000000e+07,1.068219200000000000e+07,-2.147483648000000000e+09,-2.147483648000000000e+09,-2.147483648000000000e+09,-2.147483648000000000e+09,-2.147483648000000000e+09,-2.147483648000000000e+09,-2.147483648000000000e+09,-2.147483648000000000e+09,-2.147483648000000000e+09,-2.147483648000000000e+09,-2.147483648000000000e+09,1.068220400000000000e+07,1.068220500000000000e+07,1.068220600000000000e+07,1.068220700000000000e+07,1.068220800000000000e+07,1.068220900000000000e+07,1.068221000000000000e+07,1.068221100000000000e+07,1.068221200000000000e+07,1.068221300000000000e+07,1.068221400000000000e+07,1.068221500000000000e+07,1.068221600000000000e+07,1.068221700000000000e+07,1.068221800000000000e+07,1.068221900000000000e+07,1.068222000000000000e+07,-2.147483648000000000e+09,-2.147483648000000000e+09,-2.147483648000000000e+09,-2.147483648000000000e+09,-2.147483648000000000e+09,-2.147483648000000000e+09,-2.147483648000000000e+09,-2.147483648000000000e+09,-2.147483648000000000e+09
-2.147483648000000000e+09,-2.147483648000000000e+09,-2.147483648000000000e+09,-2.147483648000000000e+09,-2.147483648000000000e+09,-2.147483648000000000e+09,-2.147483648000000000e+09,1.068938800000000000e+07,1.068938900000000000e+07,1.068939000000000000e+07,-2.147483648000000000e+09,-2.147483648000000000e+09,-2.147483648000000000e+09,-2.147483648000000000e+09,-2.147483648000000000e+09,-2.147483648000000000e+09,-2.147483648000000000e+09,-2.147483648000000000e+09,-2.147483648000000000e+09,-2.147483648000000000e+09,-2.147483648000000000e+09,-2.147483648000000000e+09,1.068940300000000000e+07,1.068940400000000000e+07,1.068940500000000000e+07,1.068940600000000000e+07,1.068940700000000000e+07,1.068940800000000000e+07,1.068940900000000000e+07,1.068941000000000000e+07,1.068941100000000000e+07,1.068941200000000000e+07,1.068941300000000000e+07,1.068941400000000000e+07,1.068941500000000000e+07,1.068941600000000000e+07,1.068941700000000000e+07,1.068941800000000000e+07,1.068941900000000000e+07,-2.147483648000000000e+09,-2.147483648000000000e+09,-2.147483648000000000e+09,-2.147483648000000000e+09,-2.147483648000000000e+09,-2.147483648000000000e+09,-2.147483648000000000e+09,-2.147483648000000000e+09,-2.147483648000000000e+09,-2.147483648000000000e+09
-2.147483648000000000e+09,-2.147483648000000000e+09,-2.147483648000000000e+09,-2.147483648000000000e+09,-2.147483648000000000e+09,-2.147483648000000000e+09,-2.147483648000000000e+09,-2.147483648000000000e+09,-2.147483648000000000e+09,-2.147483648000000000e+09,-2.147483648000000000e+09,-2.147483648000000000e+09,-2.147483648000000000e+09,-2.147483648000000000e+09,-2.147483648000000000e+09,-2.147483648000000000e+09,-2.147483648000000000e+09,-2.147483648000000000e+09,-2.147483648000000000e+09,-2.147483648000000000e+09,-2.147483648000000000e+09,-2.147483648000000000e+09,1.069660300000000000e+07,1.069660400000000000e+07,1.069660500000000000e+07,1.069660600000000000e+07,1.069660700000000000e+07,1.069660800000000000e+07,1.069660900000000000e+07,1.069661000000000000e+07,1.069661100000000000e+07,1.069661200000000000e+07,1.069661300000000000e+07,1.069661400000000000e+07,1.069661500000000000e+07,1.069661600000000000e+07,1.069661700000000000e+07,1.069661800000000000e+07,-2.147483648000000000e+09,-2.147483648000000000e+09,-2.147483648000000000e+09,-2.147483648000000000e+09,-2.147483648000000000e+09,-2.147483648000000000e+09,-2.147483648000000000e+09,-2.147483648000000000e+09,-2.147483648000000000e+09,-2.147483648000000000e+09,-2.147483648000000000e+09
-2.147483648000000000e+09,-2.147483648000000000e+09,-2.147483648000000000e+09,-2.147483648000000000e+09,-2.147483648000000000e+09,-2.147483648000000000e+09,-2.147483648000000000e+09,-2.147483648000000000e+09,-2.147483648000000000e+09,-2.147483648000000000e+09,-2.147483648000000000e+09,-2.147483648000000000e+09,-2.147483648000000000e+09,-2.147483648000000000e+09,-2.147483648000000000e+09,-2.147483648000000000e+09,-2.147483648000000000e+09,-2.147483648000000000e+09,-2.147483648000000000e+09,-2.147483648000000000e+09,-2.147483648000000000e+09,1.070380200000000000e+07,1.070380300000000000e+07,-2.147483648000000000e+09,-2.147483648000000000e+09,-2.147483648000000000e+09,-2.147483648000000000e+09,1.070380800000000000e+07,1.070380900000000000e+07,1.070381000000000000e+07,1.070381100000000000e+07,1.070381200000000000e+07,1.070381300000000000e+07,1.070381400000000000e+07,1.070381500000000000e+07,1.070381600000000000e+07,1.070381700000000000e+07,1.070381800000000000e+07,-2.147483648000000000e+09,-2.147483648000000000e+09,-2.147483648000000000e+09,-2.147483648000000000e+09,-2.147483648000000000e+09,-2.147483648000000000e+09,-2.147483648000000000e+09,-2.147483648000000000e+09,-2.147483648000000000e+09,-2.147483648000000000e+09,-2.147483648000000000e+09
-2.147483648000000000e+09,-2.147483648000000000e+09,-2.147483648000000000e+09,-2.147483648000000000e+09,-2.147483648000000000e+09,-2.147483648000000000e+09,-2.147483648000000000e+09,-2.147483648000000000e+09,-2.147483648000000000e+09,-2.147483648000000000e+09,-2.147483648000000000e+09,-2.147483648000000000e+09,-2.147483648000000000e+09,-2.147483648000000000e+09,-2.147483648000000000e+09,-2.147483648000000000e+09,-2.147483648000000000e+09,-2.147483648000000000e+09,-2.147483648000000000e+09,-2.147483648000000000e+09,-2.147483648000000000e+09,-2.147483648000000000e+09,-2.147483648000000000e+09,-2.147483648000000000e+09,-2.147483648000000000e+09,-2.147483648000000000e+09,-2.147483648000000000e+09,1.071100800000000000e+07,1.071100900000000000e+07,1.071101000000000000e+07,1.071101100000000000e+07,1.071101200000000000e+07,1.071101300000000000e+07,1.071101400000000000e+07,1.071101500000000000e+07,1.071101600000000000e+07,1.071101700000000000e+07,1.071101800000000000e+07,-2.147483648000000000e+09,-2.147483648000000000e+09,-2.147483648000000000e+09,-2.147483648000000000e+09,-2.147483648000000000e+09,-2.147483648000000000e+09,-2.147483648000000000e+09,-2.147483648000000000e+09,-2.147483648000000000e+09,-2.147483648000000000e+09,-2.147483648000000000e+09
-2.147483648000000000e+09,-2.147483648000000000e+09,-2.147483648000000000e+09,-2.147483648000000000e+09,-2.147483648000000000e+09,-2.147483648000000000e+09,-2.147483648000000000e+09,-2.147483648000000000e+09,-2.147483648000000000e+09,-2.147483648000000000e+09,-2.147483648000000000e+09,-2.147483648000000000e+09,-2.147483648000000000e+09,-2.147483648000000000e+09,-2.147483648000000000e+09,-2.147483648000000000e+09,-2.147483648000000000e+09,-2.147483648000000000e+09,-2.147483648000000000e+09,-2.147483648000000000e+09,-2.147483648000000000e+09,-2.147483648000000000e+09,-2.147483648000000000e+09,-2.147483648000000000e+09,-2.147483648000000000e+09,-2.147483648000000000e+09,-2.147483648000000000e+09,1.071820800000000000e+07,1.071820900000000000e+07,1.071821000000000000e+07,1.071821100000000000e+07,1.071821200000000000e+07,1.071821300000000000e+07,1.071821400000000000e+07,1.071821500000000000e+07,1.071821600000000000e+07,1.071821700000000000e+07,1.071821800000000000e+07,-2.147483648000000000e+09,-2.147483648000000000e+09,-2.147483648000000000e+09,-2.147483648000000000e+09,-2.147483648000000000e+09,-2.147483648000000000e+09,-2.147483648000000000e+09,-2.147483648000000000e+09,-2.147483648000000000e+09,-2.147483648000000000e+09,-2.147483648000000000e+09
-2.147483648000000000e+09,-2.147483648000000000e+09,-2.147483648000000000e+09,-2.147483648000000000e+09,-2.147483648000000000e+09,-2.147483648000000000e+09,-2.147483648000000000e+09,-2.147483648000000000e+09,-2.147483648000000000e+09,-2.147483648000000000e+09,-2.147483648000000000e+09,-2.147483648000000000e+09,-2.147483648000000000e+09,-2.147483648000000000e+09,-2.147483648000000000e+09,-2.147483648000000000e+09,-2.147483648000000000e+09,-2.147483648000000000e+09,-2.147483648000000000e+09,-2.147483648000000000e+09,-2.147483648000000000e+09,-2.147483648000000000e+09,-2.147483648000000000e+09,-2.147483648000000000e+09,-2.147483648000000000e+09,-2.147483648000000000e+09,-2.147483648000000000e+09,-2.147483648000000000e+09,-2.147483648000000000e+09,-2.147483648000000000e+09,-2.147483648000000000e+09,1.072541200000000000e+07,1.072541300000000000e+07,1.072541400000000000e+07,1.072541500000000000e+07,1.072541600000000000e+07,1.072541700000000000e+07,1.072541800000000000e+07,-2.147483648000000000e+09,-2.147483648000000000e+09,-2.147483648000000000e+09,-2.147483648000000000e+09,-2.147483648000000000e+09,-2.147483648000000000e+09,-2.147483648000000000e+09,-2.147483648000000000e+09,-2.147483648000000000e+09,-2.147483648000000000e+09,-2.147483648000000000e+09
-2.147483648000000000e+09,-2.147483648000000000e+09,-2.147483648000000000e+09,-2.147483648000000000e+09,-2.147483648000000000e+09,-2.147483648000000000e+09,-2.147483648000000000e+09,-2.147483648000000000e+09,-2.147483648000000000e+09,-2.147483648000000000e+09,-2.147483648000000000e+09,-2.147483648000000000e+09,-2.147483648000000000e+09,-2.147483648000000000e+09,-2.147483648000000000e+09,-2.147483648000000000e+09,-2.147483648000000000e+09,-2.147483648000000000e+09,-2.147483648000000000e+09,-2.147483648000000000e+09,-2.147483648000000000e+09,-2.147483648000000000e+09,-2.147483648000000000e+09,-2.147483648000000000e+09,-2.147483648000000000e+09,-2.147483648000000000e+09,-2.147483648000000000e+09,-2.147483648000000000e+09,-2.147483648000000000e+09,-2.147483648000000000e+09,-2.147483648000000000e+09,1.073261200000000000e+07,1.073261300000000000e+07,1.073261400000000000e+07,1.073261500000000000e+07,1.073261600000000000e+07,1.073261700000000000e+07,-2.147483648000000000e+09,-2.147483648000000000e+09,-2.147483648000000000e+09,-2.147483648000000000e+09,-2.147483648000000000e+09,-2.147483648000000000e+09,-2.147483648000000000e+09,-2.147483648000000000e+09,-2.147483648000000000e+09,-2.147483648000000000e+09,-2.147483648000000000e+09,-2.147483648000000000e+09
-2.147483648000000000e+09,-2.147483648000000000e+09,-2.147483648000000000e+09,-2.147483648000000000e+09,-2.147483648000000000e+09,-2.147483648000000000e+09,-2.147483648000000000e+09,-2.147483648000000000e+09,-2.147483648000000000e+09,-2.147483648000000000e+09,-2.147483648000000000e+09,-2.147483648000000000e+09,-2.147483648000000000e+09,-2.147483648000000000e+09,-2.147483648000000000e+09,-2.147483648000000000e+09,-2.147483648000000000e+09,-2.147483648000000000e+09,-2.147483648000000000e+09,-2.147483648000000000e+09,-2.147483648000000000e+09,-2.147483648000000000e+09,-2.147483648000000000e+09,-2.147483648000000000e+09,-2.147483648000000000e+09,-2.147483648000000000e+09,-2.147483648000000000e+09,-2.147483648000000000e+09,-2.147483648000000000e+09,-2.147483648000000000e+09,-2.147483648000000000e+09,-2.147483648000000000e+09,1.073981300000000000e+07,1.073981400000000000e+07,1.073981500000000000e+07,-2.147483648000000000e+09,-2.147483648000000000e+09,-2.147483648000000000e+09,-2.147483648000000000e+09,-2.147483648000000000e+09,-2.147483648000000000e+09,-2.147483648000000000e+09,-2.147483648000000000e+09,-2.147483648000000000e+09,-2.147483648000000000e+09,-2.147483648000000000e+09,-2.147483648000000000e+09,-2.147483648000000000e+09,-2.147483648000000000e+09
