-2.147483648000000000e+09,-2.147483648000000000e+09,-2.147483648000000000e+09,-2.147483648000000000e+09,-2.147483648000000000e+09,-2.147483648000000000e+09,-2.147483648000000000e+09,-2.147483648000000000e+09,-2.147483648000000000e+09,-2.147483648000000000e+09,-2.147483648000000000e+09,-2.147483648000000000e+09,-2.147483648000000000e+09,-2.147483648000000000e+09,-2.147483648000000000e+09,-2.147483648000000000e+09,-2.147483648000000000e+09,-2.147483648000000000e+09,-2.147483648000000000e+09,-2.147483648000000000e+09,-2.147483648000000000e+09,-2.147483648000000000e+09,-2.147483648000000000e+09,-2.147483648000000000e+09,-2.147483648000000000e+09,-2.147483648000000000e+09,-2.147483648000000000e+09,-2.147483648000000000e+09,-2.147483648000000000e+09,-2.147483648000000000e+09,-2.147483648000000000e+09,-2.147483648000000000e+09,-2.147483648000000000e+09,-2.147483648000000000e+09,-2.147483648000000000e+09,-2.147483648000000000e+09,-2.147483648000000000e+09,9.356579000000000000e+06,9.356580000000000000e+06,9.356581000000000000e+06,9.356582000000000000e+06,9.356583000000000000e+06,9.356584000000000000e+06,9.356585000000000000e+06,9.356586000000000000e+06,9.356587000000000000e+06,9.356588000000000000e+06,9.356589000000000000e+06,9.356590000000000000e+06,9.356591000000000000e+06,9.356592000000000000e+06,9.356593000000000000e+06,9.356594000000000000e+06,9.356595000000000000e+06,9.356596000000000000e+06,9.356597000000000000e+06,9.356598000000000000e+06,9.356599000000000000e+06,9.356600000000000000e+06,9.356601000000000000e+06,9.356602000000000000e+06,9.356603000000000000e+06,9.356604000000000000e+06,9.356605000000000000e+06,9.356606000000000000e+06,9.356607000000000000e+06,9.356608000000000000e+06,9.356609000000000000e+06,9.356610000000000000e+06,9.356611000000000000e+06,9.356612000000000000e+06,9.356613000000000000e+06,9.356614000000000000e+06,9.356615000000000000e+06,9.356616000000000000e+06,9.356617000000000000e+06
-2.147483648000000000e+09,-2.147483648000000000e+09,-2.147483648000000000e+09,-2.147483648000000000e+09,-2.147483648000000000e+09,-2.147483648000000000e+09,-2.147483648000000000e+09,-2.147483648000000000e+09,-2.147483648000000000e+09,-2.147483648000000000e+09,-2.147483648000000000e+09,-2.147483648000000000e+09,-2.147483648000000000e+09,-2.147483648000000000e+09,-2.147483648000000000e+09,-2.147483648000000000e+09,-2.147483648000000000e+09,-2.147483648000000000e+09,-2.147483648000000000e+09,-2.147483648000000000e+09,-2.147483648000000000e+09,-2.147483648000000000e+09,-2.147483648000000000e+09,-2.147483648000000000e+09,-2.147483648000000000e+09,-2.147483648000000000e+09,-2.147483648000000000e+09,-2.147483648000000000e+09,-2.147483648000000000e+09,-2.147483648000000000e+09,-2.147483648000000000e+09,-2.147483648000000000e+09,-2.147483648000000000e+09,-2.147483648000000000e+09,-2.147483648000000000e+09,-2.147483648000000000e+09,9.363778000000000000e+06,9.363779000000000000e+06,9.363780000000000000e+06,9.363781000000000000e+06,9.363782000000000000e+06,9.363783000000000000e+06,9.363784000000000000e+06,9.363785000000000000e+06,9.363786000000000000e+06,9.363787000000000000e+06,9.363788000000000000e+06,9.363789000000000000e+06,9.363790000000000000e+06,9.363791000000000000e+06,9.363792000000000000e+06,9.363793000000000000e+06,9.363794000000000000e+06,9.363795000000000000e+06,9.363796000000000000e+06,9.363797000000000000e+06,9.363798000000000000e+06,9.363799000000000000e+06,9.363800000000000000e+06,9.363801000000000000e+06,9.363802000000000000e+06,9.363803000000000000e+06,9.363804000000000000e+06,9.363805000000000000e+06,9.363806000000000000e+06,9.363807000000000000e+06,9.363808000000000000e+06,9.363809000000000000e+06,9.363810000000000000e+06,9.363811000000000000e+06,9.363812000000000000e+06,9.363813000000000000e+06,9.363814000000000000e+06,9.363815000000000000e+06,9.363816000000000000e+06,-2.147483648000000000e+09
-2.147483648000000000e+09,-2.147483648000000000e+09,-2.147483648000000000e+09,-2.147483648000000000e+09,-2.147483648000000000e+09,-2.147483648000000000e+09,-2.147483648000000000e+09,-2.147483648000000000e+09,-2.147483648000000000e+09,-2.147483648000000000e+09,-2.147483648000000000e+09,-2.147483648000000000e+09,-2.147483648000000000e+09,-2.147483648000000000e+09,-2.147483648000000000e+09,-2.147483648000000000e+09,-2.147483648000000000e+09,-2.147483648000000000e+09,-2.147483648000000000e+09,-2.147483648000000000e+09,-2.147483648000000000e+09,-2.147483648000000000e+09,-2.147483648000000000e+09,-2.147483648000000000e+09,-2.147483648000000000e+09,-2.147483648000000000e+09,-2.147483648000000000e+09,-2.147483648000000000e+09,-2.147483648000000000e+09,-2.147483648000000000e+09,-2.147483648000000000e+09,-2.147483648000000000e+09,-2.147483648000000000e+09,-2.147483648000000000e+09,-2.147483648000000000e+09,9.370977000000000000e+06,9.370978000000000000e+06,9.370979000000000000e+06,9.370980000000000000e+06,9.370981000000000000e+06,9.370982000000000000e+06,9.370983000000000000e+06,9.370984000000000000e+06,9.370985000000000000e+06,9.370986000000000000e+06,9.370987000000000000e+06,9.370988000000000000e+06,9.370989000000000000e+06,9.370990000000000000e+06,9.370991000000000000e+06,9.370992000000000000e+06,9.370993000000000000e+06,9.370994000000000000e+06,9.370995000000000000e+06,9.370996000000000000e+06,9.370997000000000000e+06,9.370998000000000000e+06,9.370999000000000000e+06,9.371000000000000000e+06,9.371001000000000000e+06,9.371002000000000000e+06,9.371003000000000000e+06,9.371004000000000000e+06,9.371005000000000000e+06,9.371006000000000000e+06,9.371007000000000000e+06,9.371008000000000000e+06,9.371009000000000000e+06,9.371010000000000000e+06,9.371011000000000000e+06,9.371012000000000000e+06,9.371013000000000000e+06,9.371014000000000000e+06,9.371015000000000000e+06,-2.147483648000000000e+09,-2.147483648000000000e+09
-2.147483648000000000e+09,-2.147483648000000000e+09,-2.147483648000000000e+09,-2.147483648000000000e+09,-2.147483648000000000e+09,-2.147483648000000000e+09,-2.147483648000000000e+09,-2.147483648000000000e+09,-2.147483648000000000e+09,-2.147483648000000000e+09,-2.147483648000000000e+09,-2.147483648000000000e+09,-2.147483648000000000e+09,-2.147483648000000000e+09,-2.147483648000000000e+09,-2.147483648000000000e+09,-2.147483648000000000e+09,-2.147483648000000000e+09,-2.147483648000000000e+09,-2.147483648000000000e+09,-2.147483648000000000e+09,-2.147483648000000000e+09,-2.147483648000000000e+09,-2.147483648000000000e+09,-2.147483648000000000e+09,-2.147483648000000000e+09,-2.147483648000000000e+09,-2.147483648000000000e+09,-2.147483648000000000e+09,-2.147483648000000000e+09,-2.147483648000000000e+09,-2.147483648000000000e+09,-2.147483648000000000e+09,-2.147483648000000000e+09,9.378176000000000000e+06,9.378177000000000000e+06,9.378178000000000000e+06,9.378179000000000000e+06,9.378180000000000000e+06,9.378181000000000000e+06,9.378182000000000000e+06,9.378183000000000000e+06,9.378184000000000000e+06,9.378185000000000000e+06,9.378186000000000000e+06,9.378187000000000000e+06,9.378188000000000000e+06,9.378189000000000000e+06,9.378190000000000000e+06,9.378191000000000000e+06,9.378192000000000000e+06,9.378193000000000000e+06,9.378194000000000000e+06,9.378195000000000000e+06,9.378196000000000000e+06,9.378197000000000000e+06,9.378198000000000000e+06,9.378199000000000000e+06,9.378200000000000000e+06,9.378201000000000000e+06,9.378202000000000000e+06,9.378203000000000000e+06,9.378204000000000000e+06,9.378205000000000000e+06,9.378206000000000000e+06,9.378207000000000000e+06,9.378208000000000000e+06,9.378209000000000000e+06,9.378210000000000000e+06,9.378211000000000000e+06,9.378212000000000000e+06,9.378213000000000000e+06,9.378214000000000000e+06,-2.147483648000000000e+09,-2.147483648000000000e+09,-2.147483648000000000e+09
-2.147483648000000000e+09,-2.147483648000000000e+09,-2.147483648000000000e+09,-2.147483648000000000e+09,-2.147483648000000000e+09,-2.147483648000000000e+09,-2.147483648000000000e+09,-2.147483648000000000e+09,-2.147483648000000000e+09,-2.147483648000000000e+09,-2.147483648000000000e+09,-2.147483648000000000e+09,-2.147483648000000000e+09,-2.147483648000000000e+09,-2.147483648000000000e+09,-2.147483648000000000e+09,-2.147483648000000000e+09,-2.147483648000000000e+09,-2.147483648000000000e+09,-2.147483648000000000e+09,-2.147483648000000000e+09,-2.147483648000000000e+09,-2.147483648000000000e+09,-2.147483648000000000e+09,-2.147483648000000000e+09,-2.147483648000000000e+09,-2.147483648000000000e+09,-2.147483648000000000e+09,-2.147483648000000000e+09,-2.147483648000000000e+09,-2.147483648000000000e+09,-2.147483648000000000e+09,-2.147483648000000000e+09,9.385375000000000000e+06,9.385376000000000000e+06,9.385377000000000000e+06,9.385378000000000000e+06,9.385379000000000000e+06,9.385380000000000000e+06,9.385381000000000000e+06,9.385382000000000000e+06,9.385383000000000000e+06,9.385384000000000000e+06,9.385385000000000000e+06,9.385386000000000000e+06,9.385387000000000000e+06,9.385388000000000000e+06,9.385389000000000000e+06,9.385390000000000000e+06,9.385391000000000000e+06,9.385392000000000000e+06,9.385393000000000000e+06,9.385394000000000000e+06,9.385395000000000000e+06,9.385396000000000000e+06,9.385397000000000000e+06,9.385398000000000000e+06,9.385399000000000000e+06,9.385400000000000000e+06,9.385401000000000000e+06,9.385402000000000000e+06,9.385403000000000000e+06,9.385404000000000000e+06,9.385405000000000000e+06,9.385406000000000000e+06,9.385407000000000000e+06,9.385408000000000000e+06,9.385409000000000000e+06,9.385410000000000000e+06,9.385411000000000000e+06,9.385412000000000000e+06,9.385413000000000000e+06,-2.147483648000000000e+09,-2.147483648000000000e+09,-2.147483648000000000e+09,-2.147483648000000000e+09
-2.147483648000000000e+09,-2.147483648000000000e+09,-2.147483648000000000e+09,-2.147483648000000000e+09,-2.147483648000000000e+09,-2.147483648000000000e+09,-2.147483648000000000e+09,-2.147483648000000000e+09,-2.147483648000000000e+09,-2.147483648000000000e+09,-2.147483648000000000e+09,-2.147483648000000000e+09,-2.147483648000000000e+09,-2.147483648000000000e+09,-2.147483648000000000e+09,-2.147483648000000000e+09,-2.147483648000000000e+09,-2.147483648000000000e+09,-2.147483648000000000e+09,-2.147483648000000000e+09,-2.147483648000000000e+09,-2.147483648000000000e+09,-2.147483648000000000e+09,-2.147483648000000000e+09,-2.147483648000000000e+09,-2.147483648000000000e+09,-2.147483648000000000e+09,-2.147483648000000000e+09,-2.147483648000000000e+09,-2.147483648000000000e+09,-2.147483648000000000e+09,-2.147483648000000000e+09,9.392574000000000000e+06,9.392575000000000000e+06,9.392576000000000000e+06,9.392577000000000000e+06,9.392578000000000000e+06,9.392579000000000000e+06,9.392580000000000000e+06,9.392581000000000000e+06,9.392582000000000000e+06,9.392583000000000000e+06,9.392584000000000000e+06,9.392585000000000000e+06,9.392586000000000000e+06,9.392587000000000000e+06,9.392588000000000000e+06,9.392589000000000000e+06,9.392590000000000000e+06,9.392591000000000000e+06,9.392592000000000000e+06,9.392593000000000000e+06,9.392594000000000000e+06,9.392595000000000000e+06,9.392596000000000000e+06,9.392597000000000000e+06,9.392598000000000000e+06,9.392599000000000000e+06,9.392600000000000000e+06,9.392601000000000000e+06,9.392602000000000000e+06,9.392603000000000000e+06,9.392604000000000000e+06,9.392605000000000000e+06,9.392606000000000000e+06,9.392607000000000000e+06,9.392608000000000000e+06,9.392609000000000000e+06,9.392610000000000000e+06,9.392611000000000000e+06,9.392612000000000000e+06,-2.147483648000000000e+09,-2.147483648000000000e+09,-2.147483648000000000e+09,-2.147483648000000000e+09,-2.147483648000000000e+09
-2.147483648000000000e+09,-2.147483648000000000e+09,-2.147483648000000000e+09,-2.147483648000000000e+09,-2.147483648000000000e+09,-2.147483648000000000e+09,-2.147483648000000000e+09,-2.147483648000000000e+09,-2.147483648000000000e+09,-2.147483648000000000e+09,-2.147483648000000000e+09,-2.147483648000000000e+09,-2.147483648000000000e+09,-2.147483648000000000e+09,-2.147483648000000000e+09,-2.147483648000000000e+09,-2.147483648000000000e+09,-2.147483648000000000e+09,-2.147483648000000000e+09,-2.147483648000000000e+09,-2.147483648000000000e+09,-2.147483648000000000e+09,-2.147483648000000000e+09,-2.147483648000000000e+09,-2.147483648000000000e+09,-2.147483648000000000e+09,-2.147483648000000000e+09,-2.147483648000000000e+09,-2.147483648000000000e+09,-2.147483648000000000e+09,-2.147483648000000000e+09,-2.147483648000000000e+09,9.399774000000000000e+06,9.399775000000000000e+06,9.399776000000000000e+06,9.399777000000000000e+06,9.399778000000000000e+06,9.399779000000000000e+06,9.399780000000000000e+06,9.399781000000000000e+06,9.399782000000000000e+06,9.399783000000000000e+06,9.399784000000000000e+06,9.399785000000000000e+06,9.399786000000000000e+06,9.399787000000000000e+06,9.399788000000000000e+06,9.399789000000000000e+06,9.399790000000000000e+06,9.399791000000000000e+06,9.399792000000000000e+06,9.399793000000000000e+06,9.399794000000000000e+06,9.399795000000000000e+06,9.399796000000000000e+06,9.399797000000000000e+06,9.399798000000000000e+06,9.399799000000000000e+06,9.399800000000000000e+06,9.399801000000000000e+06,9.399802000000000000e+06,9.399803000000000000e+06,9.399804000000000000e+06,9.399805000000000000e+06,9.399806000000000000e+06,9.399807000000000000e+06,9.399808000000000000e+06,9.399809000000000000e+06,9.399810000000000000e+06,9.399811000000000000e+06,-2.147483648000000000e+09,-2.147483648000000000e+09,-2.147483648000000000e+09,-2.147483648000000000e+09,-2.147483648000000000e+09,-2.147483648000000000e+09
-2.147483648000000000e+09,-2.147483648000000000e+09,-2.147483648000000000e+09,-2.147483648000000000e+09,-2.147483648000000000e+09,-2.147483648000000000e+09,-2.147483648000000000e+09,-2.147483648000000000e+09,-2.147483648000000000e+09,-2.147483648000000000e+09,-2.147483648000000000e+09,-2.147483648000000000e+09,-2.147483648000000000e+09,-2.147483648000000000e+09,-2.147483648000000000e+09,-2.147483648000000000e+09,-2.147483648000000000e+09,-2.147483648000000000e+09,-2.147483648000000000e+09,-2.147483648000000000e+09,-2.147483648000000000e+09,-2.147483648000000000e+09,-2.147483648000000000e+09,-2.147483648000000000e+09,-2.147483648000000000e+09,-2.147483648000000000e+09,-2.147483648000000000e+09,-2.147483648000000000e+09,-2.147483648000000000e+09,-2.147483648000000000e+09,-2.147483648000000000e+09,9.406973000000000000e+06,9.406974000000000000e+06,9.406975000000000000e+06,9.406976000000000000e+06,9.406977000000000000e+06,9.406978000000000000e+06,9.406979000000000000e+06,9.406980000000000000e+06,9.406981000000000000e+06,9.406982000000000000e+06,9.406983000000000000e+06,9.406984000000000000e+06,9.406985000000000000e+06,9.406986000000000000e+06,9.406987000000000000e+06,9.406988000000000000e+06,9.406989000000000000e+06,9.406990000000000000e+06,9.406991000000000000e+06,9.406992000000000000e+06,9.406993000000000000e+06,9.406994000000000000e+06,9.406995000000000000e+06,9.406996000000000000e+06,9.406997000000000000e+06,9.406998000000000000e+06,9.406999000000000000e+06,9.407000000000000000e+06,9.407001000000000000e+06,9.407002000000000000e+06,9.407003000000000000e+06,9.407004000000000000e+06,9.407005000000000000e+06,9.407006000000000000e+06,9.407007000000000000e+06,9.407008000000000000e+06,9.407009000000000000e+06,9.407010000000000000e+06,-2.147483648000000000e+09,-2.147483648000000000e+09,-2.147483648000000000e+09,-2.147483648000000000e+09,-2.147483648000000000e+09,-2.147483648000000000e+09,-2.147483648000000000e+09
-2.147483648000000000e+09,-2.147483648000000000e+09,-2.147483648000000000e+09,-2.147483648000000000e+09,-2.147483648000000000e+09,-2.147483648000000000e+09,-2.147483648000000000e+09,-2.147483648000000000e+09,-2.147483648000000000e+09,-2.147483648000000000e+09,-2.147483648000000000e+09,-2.147483648000000000e+09,-2.147483648000000000e+09,-2.147483648000000000e+09,-2.147483648000000000e+09,-2.147483648000000000e+09,-2.147483648000000000e+09,-2.147483648000000000e+09,-2.147483648000000000e+09,-2.147483648000000000e+09,-2.147483648000000000e+09,-2.147483648000000000e+09,-2.147483648000000000e+09,-2.147483648000000000e+09,-2.147483648000000000e+09,-2.147483648000000000e+09,-2.147483648000000000e+09,-2.147483648000000000e+09,-2.147483648000000000e+09,-2.147483648000000000e+09,9.414172000000000000e+06,9.414173000000000000e+06,9.414174000000000000e+06,9.414175000000000000e+06,9.414176000000000000e+06,9.414177000000000000e+06,9.414178000000000000e+06,9.414179000000000000e+06,9.414180000000000000e+06,9.414181000000000000e+06,9.414182000000000000e+06,9.414183000000000000e+06,9.414184000000000000e+06,9.414185000000000000e+06,9.414186000000000000e+06,9.414187000000000000e+06,9.414188000000000000e+06,9.414189000000000000e+06,9.414190000000000000e+06,9.414191000000000000e+06,9.414192000000000000e+06,9.414193000000000000e+06,9.414194000000000000e+06,9.414195000000000000e+06,9.414196000000000000e+06,9.414197000000000000e+06,9.414198000000000000e+06,9.414199000000000000e+06,9.414200000000000000e+06,9.414201000000000000e+06,9.414202000000000000e+06,9.414203000000000000e+06,9.414204000000000000e+06,9.414205000000000000e+06,9.414206000000000000e+06,9.414207000000000000e+06,9.414208000000000000e+06,9.414209000000000000e+06,-2.147483648000000000e+09,-2.147483648000000000e+09,-2.147483648000000000e+09,-2.147483648000000000e+09,-2.147483648000000000e+09,-2.147483648000000000e+09,-2.147483648000000000e+09,-2.147483648000000000e+09
-2.147483648000000000e+09,-2.147483648000000000e+09,-2.147483648000000000e+09,-2.147483648000000000e+09,-2.147483648000000000e+09,-2.147483648000000000e+09,-2.147483648000000000e+09,-2.147483648000000000e+09,-2.147483648000000000e+09,-2.147483648000000000e+09,-2.147483648000000000e+09,-2.147483648000000000e+09,-2.147483648000000000e+09,-2.147483648000000000e+09,-2.147483648000000000e+09,-2.147483648000000000e+09,-2.147483648000000000e+09,-2.147483648000000000e+09,-2.147483648000000000e+09,-2.147483648000000000e+09,-2.147483648000000000e+09,-2.147483648000000000e+09,-2.147483648000000000e+09,-2.147483648000000000e+09,-2.147483648000000000e+09,-2.147483648000000000e+09,-2.147483648000000000e+09,-2.147483648000000000e+09,-2.147483648000000000e+09,9.421371000000000000e+06,9.421372000000000000e+06,9.421373000000000000e+06,9.421374000000000000e+06,9.421375000000000000e+06,9.421376000000000000e+06,9.421377000000000000e+06,9.421378000000000000e+06,9.421379000000000000e+06,9.421380000000000000e+06,9.421381000000000000e+06,9.421382000000000000e+06,9.421383000000000000e+06,9.421384000000000000e+06,9.421385000000000000e+06,9.421386000000000000e+06,9.421387000000000000e+06,9.421388000000000000e+06,9.421389000000000000e+06,9.421390000000000000e+06,9.421391000000000000e+06,9.421392000000000000e+06,9.421393000000000000e+06,9.421394000000000000e+06,9.421395000000000000e+06,9.421396000000000000e+06,9.421397000000000000e+06,9.421398000000000000e+06,9.421399000000000000e+06,9.421400000000000000e+06,9.421401000000000000e+06,9.421402000000000000e+06,9.421403000000000000e+06,9.421404000000000000e+06,9.421405000000000000e+06,9.421406000000000000e+06,9.421407000000000000e+06,9.421408000000000000e+06,-2.147483648000000000e+09,-2.147483648000000000e+09,-2.147483648000000000e+09,-2.147483648000000000e+09,-2.147483648000000000e+09,-2.147483648000000000e+09,-2.147483648000000000e+09,-2.147483648000000000e+09,-2.147483648000000000e+09
-2.147483648000000000e+09,-2.147483648000000000e+09,-2.147483648000000000e+09,-2.147483648000000000e+09,-2.147483648000000000e+09,-2.147483648000000000e+09,-2.147483648000000000e+09,-2.147483648000000000e+09,-2.147483648000000000e+09,-2.147483648000000000e+09,-2.147483648000000000e+09,-2.147483648000000000e+09,-2.147483648000000000e+09,-2.147483648000000000e+09,-2.147483648000000000e+09,-2.147483648000000000e+09,-2.147483648000000000e+09,-2.147483648000000000e+09,-2.147483648000000000e+09,-2.147483648000000000e+09,-2.147483648000000000e+09,-2.147483648000000000e+09,-2.147483648000000000e+09,-2.147483648000000000e+09,-2.147483648000000000e+09,-2.147483648000000000e+09,-2.147483648000000000e+09,-2.147483648000000000e+09,9.428570000000000000e+06,9.428571000000000000e+06,9.428572000000000000e+06,9.428573000000000000e+06,9.428574000000000000e+06,9.428575000000000000e+06,9.428576000000000000e+06,9.428577000000000000e+06,9.428578000000000000e+06,9.428579000000000000e+06,9.428580000000000000e+06,9.428581000000000000e+06,9.428582000000000000e+06,9.428583000000000000e+06,9.428584000000000000e+06,9.428585000000000000e+06,9.428586000000000000e+06,9.428587000000000000e+06,9.428588000000000000e+06,9.428589000000000000e+06,9.428590000000000000e+06,9.428591000000000000e+06,9.428592000000000000e+06,9.428593000000000000e+06,9.428594000000000000e+06,9.428595000000000000e+06,9.428596000000000000e+06,9.428597000000000000e+06,9.428598000000000000e+06,9.428599000000000000e+06,9.428600000000000000e+06,9.428601000000000000e+06,9.428602000000000000e+06,9.428603000000000000e+06,9.428604000000000000e+06,9.428605000000000000e+06,9.428606000000000000e+06,9.428607000000000000e+06,-2.147483648000000000e+09,-2.147483648000000000e+09,-2.147483648000000000e+09,-2.147483648000000000e+09,-2.147483648000000000e+09,-2.147483648000000000e+09,-2.147483648000000000e+09,-2.147483648000000000e+09,-2.147483648000000000e+09,-2.147483648000000000e+09
-2.147483648000000000e+09,-2.147483648000000000e+09,-2.147483648000000000e+09,-2.147483648000000000e+09,-2.147483648000000000e+09,-2.147483648000000000e+09,-2.147483648000000000e+09,-2.147483648000000000e+09,-2.147483648000000000e+09,-2.147483648000000000e+09,-2.147483648000000000e+09,-2.147483648000000000e+09,-2.147483648000000000e+09,-2.147483648000000000e+09,-2.147483648000000000e+09,-2.147483648000000000e+09,-2.147483648000000000e+09,-2.147483648000000000e+09,-2.147483648000000000e+09,-2.147483648000000000e+09,-2.147483648000000000e+09,-2.147483648000000000e+09,-2.147483648000000000e+09,-2.147483648000000000e+09,-2.147483648000000000e+09,-2.147483648000000000e+09,-2.147483648000000000e+09,9.435769000000000000e+06,9.435770000000000000e+06,9.435771000000000000e+06,9.435772000000000000e+06,9.435773000000000000e+06,9.435774000000000000e+06,9.435775000000000000e+06,9.435776000000000000e+06,9.435777000000000000e+06,9.435778000000000000e+06,9.435779000000000000e+06,9.435780000000000000e+06,9.435781000000000000e+06,9.435782000000000000e+06,9.435783000000000000e+06,9.435784000000000000e+06,9.435785000000000000e+06,9.435786000000000000e+06,9.435787000000000000e+06,9.435788000000000000e+06,9.435789000000000000e+06,9.435790000000000000e+06,9.435791000000000000e+06,9.435792000000000000e+06,9.435793000000000000e+06,9.435794000000000000e+06,9.435795000000000000e+06,9.435796000000000000e+06,9.435797000000000000e+06,9.435798000000000000e+06,9.435799000000000000e+06,9.435800000000000000e+06,9.435801000000000000e+06,9.435802000000000000e+06,9.435803000000000000e+06,9.435804000000000000e+06,9.435805000000000000e+06,9.435806000000000000e+06,-2.147483648000000000e+09,-2.147483648000000000e+09,-2.147483648000000000e+09,-2.147483648000000000e+09,-2.147483648000000000e+09,-2.147483648000000000e+09,-2.147483648000000000e+09,-2.147483648000000000e+09,-2.147483648000000000e+09,-2.147483648000000000e+09,-2.147483648000000000e+09
-2.147483648000000000e+09,-2.147483648000000000e+09,-2.147483648000000000e+09,-2.147483648000000000e+09,-2.147483648000000000e+09,-2.147483648000000000e+09,-2.147483648000000000e+09,-2.147483648000000000e+09,-2.147483648000000000e+09,-2.147483648000000000e+09,-2.147483648000000000e+09,-2.147483648000000000e+09,-2.147483648000000000e+09,-2.147483648000000000e+09,-2.147483648000000000e+09,-2.147483648000000000e+09,-2.147483648000000000e+09,-2.147483648000000000e+09,-2.147483648000000000e+09,-2.147483648000000000e+09,-2.147483648000000000e+09,-2.147483648000000000e+09,-2.147483648000000000e+09,-2.147483648000000000e+09,-2.147483648000000000e+09,-2.147483648000000000e+09,9.442968000000000000e+06,9.442969000000000000e+06,9.442970000000000000e+06,9.442971000000000000e+06,9.442972000000000000e+06,9.442973000000000000e+06,9.442974000000000000e+06,9.442975000000000000e+06,9.442976000000000000e+06,9.442977000000000000e+06,9.442978000000000000e+06,9.442979000000000000e+06,9.442980000000000000e+06,9.442981000000000000e+06,9.442982000000000000e+06,9.442983000000000000e+06,9.442984000000000000e+06,9.442985000000000000e+06,9.442986000000000000e+06,9.442987000000000000e+06,9.442988000000000000e+06,9.442989000000000000e+06,9.442990000000000000e+06,9.442991000000000000e+06,9.442992000000000000e+06,9.442993000000000000e+06,9.442994000000000000e+06,9.442995000000000000e+06,9.442996000000000000e+06,9.442997000000000000e+06,9.442998000000000000e+06,9.442999000000000000e+06,9.443000000000000000e+06,9.443001000000000000e+06,9.443002000000000000e+06,9.443003000000000000e+06,9.443004000000000000e+06,9.443005000000000000e+06,-2.147483648000000000e+09,-2.147483648000000000e+09,-2.147483648000000000e+09,-2.147483648000000000e+09,-2.147483648000000000e+09,-2.147483648000000000e+09,-2.147483648000000000e+09,-2.147483648000000000e+09,-2.147483648000000000e+09,-2.147483648000000000e+09,-2.147483648000000000e+09,-2.147483648000000000e+09
-2.147483648000000000e+09,-2.147483648000000000e+09,-2.147483648000000000e+09,-2.147483648000000000e+09,-2.147483648000000000e+09,-2.147483648000000000e+09,-2.147483648000000000e+09,-2.147483648000000000e+09,-2.147483648000000000e+09,-2.147483648000000000e+09,-2.147483648000000000e+09,-2.147483648000000000e+09,-2.147483648000000000e+09,-2.147483648000000000e+09,-2.147483648000000000e+09,-2.147483648000000000e+09,-2.147483648000000000e+09,-2.147483648000000000e+09,-2.147483648000000000e+09,-2.147483648000000000e+09,-2.147483648000000000e+09,-2.147483648000000000e+09,-2.147483648000000000e+09,-2.147483648000000000e+09,-2.147483648000000000e+09,9.450167000000000000e+06,9.450168000000000000e+06,9.450169000000000000e+06,9.450170000000000000e+06,9.450171000000000000e+06,9.450172000000000000e+06,9.450173000000000000e+06,9.450174000000000000e+06,9.450175000000000000e+06,9.450176000000000000e+06,9.450177000000000000e+06,9.450178000000000000e+06,9.450179000000000000e+06,9.450180000000000000e+06,9.450181000000000000e+06,9.450182000000000000e+06,9.450183000000000000e+06,9.450184000000000000e+06,9.450185000000000000e+06,9.450186000000000000e+06,9.450187000000000000e+06,9.450188000000000000e+06,9.450189000000000000e+06,9.450190000000000000e+06,9.450191000000000000e+06,9.450192000000000000e+06,9.450193000000000000e+06,9.450194000000000000e+06,9.450195000000000000e+06,9.450196000000000000e+06,9.450197000000000000e+06,9.450198000000000000e+06,9.450199000000000000e+06,9.450200000000000000e+06,9.450201000000000000e+06,9.450202000000000000e+06,9.450203000000000000e+06,9.450204000000000000e+06,-2.147483648000000000e+09,-2.147483648000000000e+09,-2.147483648000000000e+09,-2.147483648000000000e+09,-2.147483648000000000e+09,-2.147483648000000000e+09,-2.147483648000000000e+09,-2.147483648000000000e+09,-2.147483648000000000e+09,-2.147483648000000000e+09,-2.147483648000000000e+09,-2.147483648000000000e+09,-2.147483648000000000e+09
-2.147483648000000000e+09,-2.147483648000000000e+09,-2.147483648000000000e+09,-2.147483648000000000e+09,-2.147483648000000000e+09,-2.147483648000000000e+09,-2.147483648000000000e+09,-2.147483648000000000e+09,-2.147483648000000000e+09,-2.147483648000000000e+09,-2.147483648000000000e+09,-2.147483648000000000e+09,-2.147483648000000000e+09,-2.147483648000000000e+09,-2.147483648000000000e+09,-2.147483648000000000e+09,-2.147483648000000000e+09,-2.147483648000000000e+09,-2.147483648000000000e+09,-2.147483648000000000e+09,-2.147483648000000000e+09,-2.147483648000000000e+09,-2.147483648000000000e+09,-2.147483648000000000e+09,9.457366000000000000e+06,9.457367000000000000e+06,9.457368000000000000e+06,9.457369000000000000e+06,9.457370000000000000e+06,9.457371000000000000e+06,9.457372000000000000e+06,9.457373000000000000e+06,9.457374000000000000e+06,9.457375000000000000e+06,9.457376000000000000e+06,9.457377000000000000e+06,9.457378000000000000e+06,9.457379000000000000e+06,9.457380000000000000e+06,9.457381000000000000e+06,9.457382000000000000e+06,9.457383000000000000e+06,9.457384000000000000e+06,9.457385000000000000e+06,9.457386000000000000e+06,9.457387000000000000e+06,9.457388000000000000e+06,9.457389000000000000e+06,9.457390000000000000e+06,9.457391000000000000e+06,9.457392000000000000e+06,9.457393000000000000e+06,9.457394000000000000e+06,9.457395000000000000e+06,9.457396000000000000e+06,9.457397000000000000e+06,9.457398000000000000e+06,9.457399000000000000e+06,9.457400000000000000e+06,9.457401000000000000e+06,9.457402000000000000e+06,9.457403000000000000e+06,9.457404000000000000e+06,-2.147483648000000000e+09,-2.147483648000000000e+09,-2.147483648000000000e+09,-2.147483648000000000e+09,-2.147483648000000000e+09,-2.147483648000000000e+09,-2.147483648000000000e+09,-2.147483648000000000e+09,-2.147483648000000000e+09,-2.147483648000000000e+09,-2.147483648000000000e+09,-2.147483648000000000e+09,-2.147483648000000000e+09
-2.147483648000000000e+09,-2.147483648000000000e+09,-2.147483648000000000e+09,-2.147483648000000000e+09,-2.147483648000000000e+09,-2.147483648000000000e+09,-2.147483648000000000e+09,-2.147483648000000000e+09,-2.147483648000000000e+09,-2.147483648000000000e+09,-2.147483648000000000e+09,-2.147483648000000000e+09,-2.147483648000000000e+09,-2.147483648000000000e+09,-2.147483648000000000e+09,-2.147483648000000000e+09,-2.147483648000000000e+09,-2.147483648000000000e+09,-2.147483648000000000e+09,-2.147483648000000000e+09,-2.147483648000000000e+09,-2.147483648000000000e+09,-2.147483648000000000e+09,9.464565000000000000e+06,9.464566000000000000e+06,9.464567000000000000e+06,9.464568000000000000e+06,9.464569000000000000e+06,9.464570000000000000e+06,9.464571000000000000e+06,9.464572000000000000e+06,9.464573000000000000e+06,9.464574000000000000e+06,9.464575000000000000e+06,9.464576000000000000e+06,9.464577000000000000e+06,9.464578000000000000e+06,9.464579000000000000e+06,9.464580000000000000e+06,9.464581000000000000e+06,9.464582000000000000e+06,9.464583000000000000e+06,9.464584000000000000e+06,9.464585000000000000e+06,9.464586000000000000e+06,9.464587000000000000e+06,9.464588000000000000e+06,9.464589000000000000e+06,9.464590000000000000e+06,9.464591000000000000e+06,9.464592000000000000e+06,9.464593000000000000e+06,9.464594000000000000e+06,9.464595000000000000e+06,9.464596000000000000e+06,9.464597000000000000e+06,9.464598000000000000e+06,9.464599000000000000e+06,9.464600000000000000e+06,9.464601000000000000e+06,9.464602000000000000e+06,9.464603000000000000e+06,-2.147483648000000000e+09,-2.147483648000000000e+09,-2.147483648000000000e+09,-2.147483648000000000e+09,-2.147483648000000000e+09,-2.147483648000000000e+09,-2.147483648000000000e+09,-2.147483648000000000e+09,-2.147483648000000000e+09,-2.147483648000000000e+09,-2.147483648000000000e+09,-2.147483648000000000e+09,-2.147483648000000000e+09,-2.147483648000000000e+09
-2.147483648000000000e+09,-2.147483648000000000e+09,-2.147483648000000000e+09,-2.147483648000000000e+09,-2.147483648000000000e+09,-2.147483648000000000e+09,-2.147483648000000000e+09,-2.147483648000000000e+09,-2.147483648000000000e+09,-2.147483648000000000e+09,-2.147483648000000000e+09,-2.147483648000000000e+09,-2.147483648000000000e+09,-2.147483648000000000e+09,-2.147483648000000000e+09,-2.147483648000000000e+09,-2.147483648000000000e+09,-2.147483648000000000e+09,-2.147483648000000000e+09,-2.147483648000000000e+09,-2.147483648000000000e+09,-2.147483648000000000e+09,9.471764000000000000e+06,9.471765000000000000e+06,9.471766000000000000e+06,9.471767000000000000e+06,9.471768000000000000e+06,9.471769000000000000e+06,9.471770000000000000e+06,9.471771000000000000e+06,9.471772000000000000e+06,9.471773000000000000e+06,9.471774000000000000e+06,9.471775000000000000e+06,9.471776000000000000e+06,9.471777000000000000e+06,9.471778000000000000e+06,9.471779000000000000e+06,9.471780000000000000e+06,9.471781000000000000e+06,9.471782000000000000e+06,9.471783000000000000e+06,9.471784000000000000e+06,9.471785000000000000e+06,9.471786000000000000e+06,9.471787000000000000e+06,9.471788000000000000e+06,9.471789000000000000e+06,9.471790000000000000e+06,9.471791000000000000e+06,9.471792000000000000e+06,9.471793000000000000e+06,9.471794000000000000e+06,9.471795000000000000e+06,9.471796000000000000e+06,9.471797000000000000e+06,9.471798000000000000e+06,9.471799000000000000e+06,9.471800000000000000e+06,9.471801000000000000e+06,9.471802000000000000e+06,-2.147483648000000000e+09,-2.147483648000000000e+09,-2.147483648000000000e+09,-2.147483648000000000e+09,-2.147483648000000000e+09,-2.147483648000000000e+09,-2.147483648000000000e+09,-2.147483648000000000e+09,-2.147483648000000000e+09,-2.147483648000000000e+09,-2.147483648000000000e+09,-2.147483648000000000e+09,-2.147483648000000000e+09,-2.147483648000000000e+09,-2.147483648000000000e+09
-2.147483648000000000e+09,-2.147483648000000000e+09,-2.147483648000000000e+09,-2.147483648000000000e+09,-2.147483648000000000e+09,-2.147483648000000000e+09,-2.147483648000000000e+09,-2.147483648000000000e+09,-2.147483648000000000e+09,-2.147483648000000000e+09,-2.147483648000000000e+09,-2.147483648000000000e+09,-2.147483648000000000e+09,-2.147483648000000000e+09,-2.147483648000000000e+09,-2.147483648000000000e+09,-2.147483648000000000e+09,-2.147483648000000000e+09,-2.147483648000000000e+09,-2.147483648000000000e+09,-2.147483648000000000e+09,9.478963000000000000e+06,9.478964000000000000e+06,9.478965000000000000e+06,9.478966000000000000e+06,9.478967000000000000e+06,9.478968000000000000e+06,9.478969000000000000e+06,9.478970000000000000e+06,9.478971000000000000e+06,9.478972000000000000e+06,9.478973000000000000e+06,9.478974000000000000e+06,9.478975000000000000e+06,9.478976000000000000e+06,9.478977000000000000e+06,9.478978000000000000e+06,9.478979000000000000e+06,9.478980000000000000e+06,9.478981000000000000e+06,9.478982000000000000e+06,9.478983000000000000e+06,9.478984000000000000e+06,9.478985000000000000e+06,9.478986000000000000e+06,9.478987000000000000e+06,9.478988000000000000e+06,9.478989000000000000e+06,9.478990000000000000e+06,9.478991000000000000e+06,9.478992000000000000e+06,9.478993000000000000e+06,9.478994000000000000e+06,9.478995000000000000e+06,9.478996000000000000e+06,9.478997000000000000e+06,9.478998000000000000e+06,9.478999000000000000e+06,9.479000000000000000e+06,9.479001000000000000e+06,-2.147483648000000000e+09,-2.147483648000000000e+09,-2.147483648000000000e+09,-2.147483648000000000e+09,-2.147483648000000000e+09,-2.147483648000000000e+09,-2.147483648000000000e+09,-2.147483648000000000e+09,-2.147483648000000000e+09,-2.147483648000000000e+09,-2.147483648000000000e+09,-2.147483648000000000e+09,-2.147483648000000000e+09,-2.147483648000000000e+09,-2.147483648000000000e+09,-2.147483648000000000e+09
-2.147483648000000000e+09,-2.147483648000000000e+09,-2.147483648000000000e+09,-2.147483648000000000e+09,-2.147483648000000000e+09,-2.147483648000000000e+09,-2.147483648000000000e+09,-2.147483648000000000e+09,-2.147483648000000000e+09,-2.147483648000000000e+09,-2.147483648000000000e+09,-2.147483648000000000e+09,-2.147483648000000000e+09,-2.147483648000000000e+09,-2.147483648000000000e+09,-2.147483648000000000e+09,-2.147483648000000000e+09,-2.147483648000000000e+09,-2.147483648000000000e+09,-2.147483648000000000e+09,9.486162000000000000e+06,9.486163000000000000e+06,9.486164000000000000e+06,9.486165000000000000e+06,9.486166000000000000e+06,9.486167000000000000e+06,9.486168000000000000e+06,9.486169000000000000e+06,9.486170000000000000e+06,9.486171000000000000e+06,9.486172000000000000e+06,9.486173000000000000e+06,9.486174000000000000e+06,9.486175000000000000e+06,9.486176000000000000e+06,9.486177000000000000e+06,9.486178000000000000e+06,9.486179000000000000e+06,9.486180000000000000e+06,9.486181000000000000e+06,9.486182000000000000e+06,9.486183000000000000e+06,9.486184000000000000e+06,9.486185000000000000e+06,9.486186000000000000e+06,9.486187000000000000e+06,9.486188000000000000e+06,9.486189000000000000e+06,9.486190000000000000e+06,9.486191000000000000e+06,9.486192000000000000e+06,9.486193000000000000e+06,9.486194000000000000e+06,9.486195000000000000e+06,9.486196000000000000e+06,9.486197000000000000e+06,9.486198000000000000e+06,9.486199000000000000e+06,9.486200000000000000e+06,-2.147483648000000000e+09,-2.147483648000000000e+09,-2.147483648000000000e+09,-2.147483648000000000e+09,-2.147483648000000000e+09,-2.147483648000000000e+09,-2.147483648000000000e+09,-2.147483648000000000e+09,-2.147483648000000000e+09,-2.147483648000000000e+09,-2.147483648000000000e+09,-2.147483648000000000e+09,-2.147483648000000000e+09,-2.147483648000000000e+09,-2.147483648000000000e+09,-2.147483648000000000e+09,-2.147483648000000000e+09
-2.147483648000000000e+09,-2.147483648000000000e+09,-2.147483648000000000e+09,-2.147483648000000000e+09,-2.147483648000000000e+09,-2.147483648000000000e+09,-2.147483648000000000e+09,-2.147483648000000000e+09,-2.147483648000000000e+09,-2.147483648000000000e+09,-2.147483648000000000e+09,-2.147483648000000000e+09,-2.147483648000000000e+09,-2.147483648000000000e+09,-2.147483648000000000e+09,-2.147483648000000000e+09,-2.147483648000000000e+09,-2.147483648000000000e+09,-2.147483648000000000e+09,9.493361000000000000e+06,9.493362000000000000e+06,9.493363000000000000e+06,9.493364000000000000e+06,9.493365000000000000e+06,9.493366000000000000e+06,9.493367000000000000e+06,9.493368000000000000e+06,9.493369000000000000e+06,9.493370000000000000e+06,9.493371000000000000e+06,9.493372000000000000e+06,9.493373000000000000e+06,9.493374000000000000e+06,9.493375000000000000e+06,9.493376000000000000e+06,9.493377000000000000e+06,9.493378000000000000e+06,9.493379000000000000e+06,9.493380000000000000e+06,9.493381000000000000e+06,9.493382000000000000e+06,9.493383000000000000e+06,9.493384000000000000e+06,9.493385000000000000e+06,9.493386000000000000e+06,9.493387000000000000e+06,9.493388000000000000e+06,9.493389000000000000e+06,9.493390000000000000e+06,9.493391000000000000e+06,9.493392000000000000e+06,9.493393000000000000e+06,9.493394000000000000e+06,9.493395000000000000e+06,9.493396000000000000e+06,9.493397000000000000e+06,9.493398000000000000e+06,9.493399000000000000e+06,-2.147483648000000000e+09,-2.147483648000000000e+09,-2.147483648000000000e+09,-2.147483648000000000e+09,-2.147483648000000000e+09,-2.147483648000000000e+09,-2.147483648000000000e+09,-2.147483648000000000e+09,-2.147483648000000000e+09,-2.147483648000000000e+09,-2.147483648000000000e+09,-2.147483648000000000e+09,-2.147483648000000000e+09,-2.147483648000000000e+09,-2.147483648000000000e+09,-2.147483648000000000e+09,-2.147483648000000000e+09,-2.147483648000000000e+09
-2.147483648000000000e+09,-2.147483648000000000e+09,-2.147483648000000000e+09,-2.147483648000000000e+09,-2.147483648000000000e+09,-2.147483648000000000e+09,-2.147483648000000000e+09,-2.147483648000000000e+09,-2.147483648000000000e+09,-2.147483648000000000e+09,-2.147483648000000000e+09,-2.147483648000000000e+09,-2.147483648000000000e+09,-2.147483648000000000e+09,-2.147483648000000000e+09,-2.147483648000000000e+09,-2.147483648000000000e+09,-2.147483648000000000e+09,9.500560000000000000e+06,9.500561000000000000e+06,9.500562000000000000e+06,9.500563000000000000e+06,9.500564000000000000e+06,9.500565000000000000e+06,9.500566000000000000e+06,9.500567000000000000e+06,9.500568000000000000e+06,9.500569000000000000e+06,9.500570000000000000e+06,9.500571000000000000e+06,9.500572000000000000e+06,9.500573000000000000e+06,9.500574000000000000e+06,9.500575000000000000e+06,9.500576000000000000e+06,9.500577000000000000e+06,9.500578000000000000e+06,9.500579000000000000e+06,9.500580000000000000e+06,9.500581000000000000e+06,9.500582000000000000e+06,9.500583000000000000e+06,9.500584000000000000e+06,9.500585000000000000e+06,9.500586000000000000e+06,9.500587000000000000e+06,9.500588000000000000e+06,9.500589000000000000e+06,9.500590000000000000e+06,9.500591000000000000e+06,9.500592000000000000e+06,9.500593000000000000e+06,9.500594000000000000e+06,9.500595000000000000e+06,9.500596000000000000e+06,9.500597000000000000e+06,9.500598000000000000e+06,-2.147483648000000000e+09,-2.147483648000000000e+09,-2.147483648000000000e+09,-2.147483648000000000e+09,-2.147483648000000000e+09,-2.147483648000000000e+09,-2.147483648000000000e+09,-2.147483648000000000e+09,-2.147483648000000000e+09,-2.147483648000000000e+09,-2.147483648000000000e+09,-2.147483648000000000e+09,-2.147483648000000000e+09,-2.147483648000000000e+09,-2.147483648000000000e+09,-2.147483648000000000e+09,-2.147483648000000000e+09,-2.147483648000000000e+09,-2.147483648000000000e+09
-2.147483648000000000e+09,-2.147483648000000000e+09,-2.147483648000000000e+09,-2.147483648000000000e+09,-2.147483648000000000e+09,-2.147483648000000000e+09,-2.147483648000000000e+09,-2.147483648000000000e+09,-2.147483648000000000e+09,-2.147483648000000000e+09,-2.147483648000000000e+09,-2.147483648000000000e+09,-2.147483648000000000e+09,-2.147483648000000000e+09,-2.147483648000000000e+09,-2.147483648000000000e+09,-2.147483648000000000e+09,9.507759000000000000e+06,9.507760000000000000e+06,9.507761000000000000e+06,9.507762000000000000e+06,9.507763000000000000e+06,9.507764000000000000e+06,9.507765000000000000e+06,9.507766000000000000e+06,9.507767000000000000e+06,9.507768000000000000e+06,9.507769000000000000e+06,9.507770000000000000e+06,9.507771000000000000e+06,9.507772000000000000e+06,9.507773000000000000e+06,9.507774000000000000e+06,9.507775000000000000e+06,9.507776000000000000e+06,9.507777000000000000e+06,9.507778000000000000e+06,9.507779000000000000e+06,9.507780000000000000e+06,9.507781000000000000e+06,9.507782000000000000e+06,9.507783000000000000e+06,9.507784000000000000e+06,9.507785000000000000e+06,9.507786000000000000e+06,9.507787000000000000e+06,9.507788000000000000e+06,9.507789000000000000e+06,9.507790000000000000e+06,9.507791000000000000e+06,9.507792000000000000e+06,9.507793000000000000e+06,9.507794000000000000e+06,9.507795000000000000e+06,9.507796000000000000e+06,9.507797000000000000e+06,-2.147483648000000000e+09,-2.147483648000000000e+09,-2.147483648000000000e+09,-2.147483648000000000e+09,-2.147483648000000000e+09,-2.147483648000000000e+09,-2.147483648000000000e+09,-2.147483648000000000e+09,-2.147483648000000000e+09,-2.147483648000000000e+09,-2.147483648000000000e+09,-2.147483648000000000e+09,-2.147483648000000000e+09,-2.147483648000000000e+09,-2.147483648000000000e+09,-2.147483648000000000e+09,-2.147483648000000000e+09,-2.147483648000000000e+09,-2.147483648000000000e+09,-2.147483648000000000e+09
-2.147483648000000000e+09,-2.147483648000000000e+09,-2.147483648000000000e+09,-2.147483648000000000e+09,-2.147483648000000000e+09,-2.147483648000000000e+09,-2.147483648000000000e+09,-2.147483648000000000e+09,-2.147483648000000000e+09,-2.147483648000000000e+09,-2.147483648000000000e+09,-2.147483648000000000e+09,-2.147483648000000000e+09,-2.147483648000000000e+09,-2.147483648000000000e+09,-2.147483648000000000e+09,9.514958000000000000e+06,9.514959000000000000e+06,9.514960000000000000e+06,9.514961000000000000e+06,9.514962000000000000e+06,9.514963000000000000e+06,9.514964000000000000e+06,9.514965000000000000e+06,9.514966000000000000e+06,9.514967000000000000e+06,9.514968000000000000e+06,9.514969000000000000e+06,9.514970000000000000e+06,9.514971000000000000e+06,9.514972000000000000e+06,9.514973000000000000e+06,9.514974000000000000e+06,9.514975000000000000e+06,9.514976000000000000e+06,9.514977000000000000e+06,9.514978000000000000e+06,9.514979000000000000e+06,9.514980000000000000e+06,9.514981000000000000e+06,9.514982000000000000e+06,9.514983000000000000e+06,9.514984000000000000e+06,9.514985000000000000e+06,9.514986000000000000e+06,9.514987000000000000e+06,9.514988000000000000e+06,9.514989000000000000e+06,9.514990000000000000e+06,9.514991000000000000e+06,9.514992000000000000e+06,9.514993000000000000e+06,9.514994000000000000e+06,9.514995000000000000e+06,9.514996000000000000e+06,-2.147483648000000000e+09,-2.147483648000000000e+09,-2.147483648000000000e+09,-2.147483648000000000e+09,-2.147483648000000000e+09,-2.147483648000000000e+09,-2.147483648000000000e+09,-2.147483648000000000e+09,-2.147483648000000000e+09,-2.147483648000000000e+09,-2.147483648000000000e+09,-2.147483648000000000e+09,-2.147483648000000000e+09,-2.147483648000000000e+09,-2.147483648000000000e+09,-2.147483648000000000e+09,-2.147483648000000000e+09,-2.147483648000000000e+09,-2.147483648000000000e+09,-2.147483648000000000e+09,-2.147483648000000000e+09
-2.147483648000000000e+09,-2.147483648000000000e+09,-2.147483648000000000e+09,-2.147483648000000000e+09,-2.147483648000000000e+09,-2.147483648000000000e+09,-2.147483648000000000e+09,-2.147483648000000000e+09,-2.147483648000000000e+09,-2.147483648000000000e+09,-2.147483648000000000e+09,-2.147483648000000000e+09,-2.147483648000000000e+09,-2.147483648000000000e+09,-2.147483648000000000e+09,9.522157000000000000e+06,9.522158000000000000e+06,9.522159000000000000e+06,9.522160000000000000e+06,9.522161000000000000e+06,9.522162000000000000e+06,9.522163000000000000e+06,9.522164000000000000e+06,9.522165000000000000e+06,9.522166000000000000e+06,9.522167000000000000e+06,9.522168000000000000e+06,9.522169000000000000e+06,9.522170000000000000e+06,9.522171000000000000e+06,9.522172000000000000e+06,9.522173000000000000e+06,9.522174000000000000e+06,9.522175000000000000e+06,9.522176000000000000e+06,9.522177000000000000e+06,9.522178000000000000e+06,9.522179000000000000e+06,9.522180000000000000e+06,9.522181000000000000e+06,9.522182000000000000e+06,9.522183000000000000e+06,9.522184000000000000e+06,9.522185000000000000e+06,9.522186000000000000e+06,9.522187000000000000e+06,9.522188000000000000e+06,9.522189000000000000e+06,9.522190000000000000e+06,9.522191000000000000e+06,9.522192000000000000e+06,9.522193000000000000e+06,9.522194000000000000e+06,9.522195000000000000e+06,-2.147483648000000000e+09,-2.147483648000000000e+09,-2.147483648000000000e+09,-2.147483648000000000e+09,-2.147483648000000000e+09,-2.147483648000000000e+09,-2.147483648000000000e+09,-2.147483648000000000e+09,-2.147483648000000000e+09,-2.147483648000000000e+09,-2.147483648000000000e+09,-2.147483648000000000e+09,-2.147483648000000000e+09,-2.147483648000000000e+09,-2.147483648000000000e+09,-2.147483648000000000e+09,-2.147483648000000000e+09,-2.147483648000000000e+09,-2.147483648000000000e+09,-2.147483648000000000e+09,-2.147483648000000000e+09,-2.147483648000000000e+09
-2.147483648000000000e+09,-2.147483648000000000e+09,-2.147483648000000000e+09,-2.147483648000000000e+09,-2.147483648000000000e+09,-2.147483648000000000e+09,-2.147483648000000000e+09,-2.147483648000000000e+09,-2.147483648000000000e+09,-2.147483648000000000e+09,-2.147483648000000000e+09,-2.147483648000000000e+09,-2.147483648000000000e+09,-2.147483648000000000e+09,9.529356000000000000e+06,9.529357000000000000e+06,9.529358000000000000e+06,9.529359000000000000e+06,9.529360000000000000e+06,9.529361000000000000e+06,9.529362000000000000e+06,9.529363000000000000e+06,9.529364000000000000e+06,9.529365000000000000e+06,9.529366000000000000e+06,9.529367000000000000e+06,9.529368000000000000e+06,9.529369000000000000e+06,9.529370000000000000e+06,9.529371000000000000e+06,9.529372000000000000e+06,9.529373000000000000e+06,9.529374000000000000e+06,9.529375000000000000e+06,9.529376000000000000e+06,9.529377000000000000e+06,9.529378000000000000e+06,9.529379000000000000e+06,9.529380000000000000e+06,9.529381000000000000e+06,9.529382000000000000e+06,9.529383000000000000e+06,9.529384000000000000e+06,9.529385000000000000e+06,9.529386000000000000e+06,9.529387000000000000e+06,9.529388000000000000e+06,9.529389000000000000e+06,9.529390000000000000e+06,9.529391000000000000e+06,9.529392000000000000e+06,9.529393000000000000e+06,9.529394000000000000e+06,-2.147483648000000000e+09,-2.147483648000000000e+09,-2.147483648000000000e+09,-2.147483648000000000e+09,-2.147483648000000000e+09,-2.147483648000000000e+09,-2.147483648000000000e+09,-2.147483648000000000e+09,-2.147483648000000000e+09,-2.147483648000000000e+09,-2.147483648000000000e+09,-2.147483648000000000e+09,-2.147483648000000000e+09,-2.147483648000000000e+09,-2.147483648000000000e+09,-2.147483648000000000e+09,-2.147483648000000000e+09,-2.147483648000000000e+09,-2.147483648000000000e+09,-2.147483648000000000e+09,-2.147483648000000000e+09,-2.147483648000000000e+09,-2.147483648000000000e+09
-2.147483648000000000e+09,-2.147483648000000000e+09,-2.147483648000000000e+09,-2.147483648000000000e+09,-2.147483648000000000e+09,-2.147483648000000000e+09,-2.147483648000000000e+09,-2.147483648000000000e+09,-2.147483648000000000e+09,-2.147483648000000000e+09,-2.147483648000000000e+09,-2.147483648000000000e+09,-2.147483648000000000e+09,9.536555000000000000e+06,9.536556000000000000e+06,9.536557000000000000e+06,9.536558000000000000e+06,9.536559000000000000e+06,9.536560000000000000e+06,9.536561000000000000e+06,9.536562000000000000e+06,9.536563000000000000e+06,9.536564000000000000e+06,9.536565000000000000e+06,9.536566000000000000e+06,9.536567000000000000e+06,9.536568000000000000e+06,9.536569000000000000e+06,9.536570000000000000e+06,9.536571000000000000e+06,9.536572000000000000e+06,9.536573000000000000e+06,9.536574000000000000e+06,9.536575000000000000e+06,9.536576000000000000e+06,9.536577000000000000e+06,9.536578000000000000e+06,9.536579000000000000e+06,9.536580000000000000e+06,9.536581000000000000e+06,9.536582000000000000e+06,9.536583000000000000e+06,9.536584000000000000e+06,9.536585000000000000e+06,9.536586000000000000e+06,9.536587000000000000e+06,9.536588000000000000e+06,9.536589000000000000e+06,9.536590000000000000e+06,9.536591000000000000e+06,9.536592000000000000e+06,9.536593000000000000e+06,-2.147483648000000000e+09,-2.147483648000000000e+09,-2.147483648000000000e+09,-2.147483648000000000e+09,-2.147483648000000000e+09,-2.147483648000000000e+09,-2.147483648000000000e+09,-2.147483648000000000e+09,-2.147483648000000000e+09,-2.147483648000000000e+09,-2.147483648000000000e+09,-2.147483648000000000e+09,-2.147483648000000000e+09,-2.147483648000000000e+09,-2.147483648000000000e+09,-2.147483648000000000e+09,-2.147483648000000000e+09,-2.147483648000000000e+09,-2.147483648000000000e+09,-2.147483648000000000e+09,-2.147483648000000000e+09,-2.147483648000000000e+09,-2.147483648000000000e+09,-2.147483648000000000e+09
-2.147483648000000000e+09,-2.147483648000000000e+09,-2.147483648000000000e+09,-2.147483648000000000e+09,-2.147483648000000000e+09,-2.147483648000000000e+09,-2.147483648000000000e+09,-2.147483648000000000e+09,-2.147483648000000000e+09,-2.147483648000000000e+09,-2.147483648000000000e+09,-2.147483648000000000e+09,9.543754000000000000e+06,9.543755000000000000e+06,9.543756000000000000e+06,9.543757000000000000e+06,9.543758000000000000e+06,9.543759000000000000e+06,9.543760000000000000e+06,9.543761000000000000e+06,9.543762000000000000e+06,9.543763000000000000e+06,9.543764000000000000e+06,9.543765000000000000e+06,9.543766000000000000e+06,9.543767000000000000e+06,9.543768000000000000e+06,9.543769000000000000e+06,9.543770000000000000e+06,9.543771000000000000e+06,9.543772000000000000e+06,9.543773000000000000e+06,9.543774000000000000e+06,9.543775000000000000e+06,9.543776000000000000e+06,9.543777000000000000e+06,9.543778000000000000e+06,9.543779000000000000e+06,9.543780000000000000e+06,9.543781000000000000e+06,9.543782000000000000e+06,9.543783000000000000e+06,9.543784000000000000e+06,9.543785000000000000e+06,9.543786000000000000e+06,9.543787000000000000e+06,9.543788000000000000e+06,9.543789000000000000e+06,9.543790000000000000e+06,9.543791000000000000e+06,9.543792000000000000e+06,-2.147483648000000000e+09,-2.147483648000000000e+09,-2.147483648000000000e+09,-2.147483648000000000e+09,-2.147483648000000000e+09,-2.147483648000000000e+09,-2.147483648000000000e+09,-2.147483648000000000e+09,-2.147483648000000000e+09,-2.147483648000000000e+09,-2.147483648000000000e+09,-2.147483648000000000e+09,-2.147483648000000000e+09,-2.147483648000000000e+09,-2.147483648000000000e+09,-2.147483648000000000e+09,-2.147483648000000000e+09,-2.147483648000000000e+09,-2.147483648000000000e+09,-2.147483648000000000e+09,-2.147483648000000000e+09,-2.147483648000000000e+09,-2.147483648000000000e+09,-2.147483648000000000e+09,-2.147483648000000000e+09
-2.147483648000000000e+09,-2.147483648000000000e+09,-2.147483648000000000e+09,-2.147483648000000000e+09,-2.147483648000000000e+09,-2.147483648000000000e+09,-2.147483648000000000e+09,-2.147483648000000000e+09,-2.147483648000000000e+09,-2.147483648000000000e+09,-2.147483648000000000e+09,9.550953000000000000e+06,9.550954000000000000e+06,9.550955000000000000e+06,9.550956000000000000e+06,9.550957000000000000e+06,9.550958000000000000e+06,9.550959000000000000e+06,9.550960000000000000e+06,9.550961000000000000e+06,9.550962000000000000e+06,9.550963000000000000e+06,9.550964000000000000e+06,9.550965000000000000e+06,9.550966000000000000e+06,9.550967000000000000e+06,9.550968000000000000e+06,9.550969000000000000e+06,9.550970000000000000e+06,9.550971000000000000e+06,9.550972000000000000e+06,9.550973000000000000e+06,9.550974000000000000e+06,9.550975000000000000e+06,9.550976000000000000e+06,9.550977000000000000e+06,9.550978000000000000e+06,9.550979000000000000e+06,9.550980000000000000e+06,9.550981000000000000e+06,9.550982000000000000e+06,9.550983000000000000e+06,9.550984000000000000e+06,9.550985000000000000e+06,9.550986000000000000e+06,9.550987000000000000e+06,9.550988000000000000e+06,9.550989000000000000e+06,9.550990000000000000e+06,9.550991000000000000e+06,-2.147483648000000000e+09,-2.147483648000000000e+09,-2.147483648000000000e+09,-2.147483648000000000e+09,-2.147483648000000000e+09,-2.147483648000000000e+09,-2.147483648000000000e+09,-2.147483648000000000e+09,-2.147483648000000000e+09,-2.147483648000000000e+09,-2.147483648000000000e+09,-2.147483648000000000e+09,-2.147483648000000000e+09,-2.147483648000000000e+09,-2.147483648000000000e+09,-2.147483648000000000e+09,-2.147483648000000000e+09,-2.147483648000000000e+09,-2.147483648000000000e+09,-2.147483648000000000e+09,-2.147483648000000000e+09,-2.147483648000000000e+09,-2.147483648000000000e+09,-2.147483648000000000e+09,-2.147483648000000000e+09,-2.147483648000000000e+09
-2.147483648000000000e+09,-2.147483648000000000e+09,-2.147483648000000000e+09,-2.147483648000000000e+09,-2.147483648000000000e+09,-2.147483648000000000e+09,-2.147483648000000000e+09,-2.147483648000000000e+09,-2.147483648000000000e+09,-2.147483648000000000e+09,9.558152000000000000e+06,9.558153000000000000e+06,9.558154000000000000e+06,9.558155000000000000e+06,9.558156000000000000e+06,9.558157000000000000e+06,9.558158000000000000e+06,9.558159000000000000e+06,9.558160000000000000e+06,9.558161000000000000e+06,9.558162000000000000e+06,9.558163000000000000e+06,9.558164000000000000e+06,9.558165000000000000e+06,9.558166000000000000e+06,9.558167000000000000e+06,9.558168000000000000e+06,9.558169000000000000e+06,9.558170000000000000e+06,9.558171000000000000e+06,9.558172000000000000e+06,9.558173000000000000e+06,9.558174000000000000e+06,9.558175000000000000e+06,9.558176000000000000e+06,9.558177000000000000e+06,9.558178000000000000e+06,9.558179000000000000e+06,9.558180000000000000e+06,9.558181000000000000e+06,9.558182000000000000e+06,9.558183000000000000e+06,9.558184000000000000e+06,9.558185000000000000e+06,9.558186000000000000e+06,9.558187000000000000e+06,9.558188000000000000e+06,9.558189000000000000e+06,9.558190000000000000e+06,-2.147483648000000000e+09,-2.147483648000000000e+09,-2.147483648000000000e+09,-2.147483648000000000e+09,-2.147483648000000000e+09,-2.147483648000000000e+09,-2.147483648000000000e+09,-2.147483648000000000e+09,-2.147483648000000000e+09,-2.147483648000000000e+09,-2.147483648000000000e+09,-2.147483648000000000e+09,-2.147483648000000000e+09,-2.147483648000000000e+09,-2.147483648000000000e+09,-2.147483648000000000e+09,-2.147483648000000000e+09,-2.147483648000000000e+09,-2.147483648000000000e+09,-2.147483648000000000e+09,-2.147483648000000000e+09,-2.147483648000000000e+09,-2.147483648000000000e+09,-2.147483648000000000e+09,-2.147483648000000000e+09,-2.147483648000000000e+09,-2.147483648000000000e+09
-2.147483648000000000e+09,-2.147483648000000000e+09,-2.147483648000000000e+09,-2.147483648000000000e+09,-2.147483648000000000e+09,-2.147483648000000000e+09,-2.147483648000000000e+09,-2.147483648000000000e+09,-2.147483648000000000e+09,9.565351000000000000e+06,9.565352000000000000e+06,9.565353000000000000e+06,9.565354000000000000e+06,9.565355000000000000e+06,9.565356000000000000e+06,9.565357000000000000e+06,9.565358000000000000e+06,9.565359000000000000e+06,9.565360000000000000e+06,9.565361000000000000e+06,9.565362000000000000e+06,9.565363000000000000e+06,9.565364000000000000e+06,9.565365000000000000e+06,9.565366000000000000e+06,9.565367000000000000e+06,9.565368000000000000e+06,9.565369000000000000e+06,9.565370000000000000e+06,9.565371000000000000e+06,9.565372000000000000e+06,9.565373000000000000e+06,9.565374000000000000e+06,9.565375000000000000e+06,9.565376000000000000e+06,9.565377000000000000e+06,9.565378000000000000e+06,9.565379000000000000e+06,9.565380000000000000e+06,9.565381000000000000e+06,9.565382000000000000e+06,9.565383000000000000e+06,9.565384000000000000e+06,9.565385000000000000e+06,9.565386000000000000e+06,9.565387000000000000e+06,9.565388000000000000e+06,9.565389000000000000e+06,-2.147483648000000000e+09,-2.147483648000000000e+09,-2.147483648000000000e+09,-2.147483648000000000e+09,-2.147483648000000000e+09,-2.147483648000000000e+09,-2.147483648000000000e+09,-2.147483648000000000e+09,-2.147483648000000000e+09,-2.147483648000000000e+09,-2.147483648000000000e+09,-2.147483648000000000e+09,-2.147483648000000000e+09,-2.147483648000000000e+09,-2.147483648000000000e+09,-2.147483648000000000e+09,-2.147483648000000000e+09,-2.147483648000000000e+09,-2.147483648000000000e+09,-2.147483648000000000e+09,-2.147483648000000000e+09,-2.147483648000000000e+09,-2.147483648000000000e+09,-2.147483648000000000e+09,-2.147483648000000000e+09,-2.147483648000000000e+09,-2.147483648000000000e+09,-2.147483648000000000e+09
-2.147483648000000000e+09,-2.147483648000000000e+09,-2.147483648000000000e+09,-2.147483648000000000e+09,-2.147483648000000000e+09,-2.147483648000000000e+09,-2.147483648000000000e+09,-2.147483648000000000e+09,9.572550000000000000e+06,9.572551000000000000e+06,9.572552000000000000e+06,9.572553000000000000e+06,9.572554000000000000e+06,9.572555000000000000e+06,9.572556000000000000e+06,9.572557000000000000e+06,9.572558000000000000e+06,9.572559000000000000e+06,9.572560000000000000e+06,9.572561000000000000e+06,9.572562000000000000e+06,9.572563000000000000e+06,9.572564000000000000e+06,9.572565000000000000e+06,9.572566000000000000e+06,9.572567000000000000e+06,9.572568000000000000e+06,9.572569000000000000e+06,9.572570000000000000e+06,9.572571000000000000e+06,9.572572000000000000e+06,9.572573000000000000e+06,9.572574000000000000e+06,9.572575000000000000e+06,9.572576000000000000e+06,9.572577000000000000e+06,9.572578000000000000e+06,9.572579000000000000e+06,9.572580000000000000e+06,9.572581000000000000e+06,9.572582000000000000e+06,9.572583000000000000e+06,9.572584000000000000e+06,9.572585000000000000e+06,9.572586000000000000e+06,9.572587000000000000e+06,9.572588000000000000e+06,-2.147483648000000000e+09,-2.147483648000000000e+09,-2.147483648000000000e+09,-2.147483648000000000e+09,-2.147483648000000000e+09,-2.147483648000000000e+09,-2.147483648000000000e+09,-2.147483648000000000e+09,-2.147483648000000000e+09,-2.147483648000000000e+09,-2.147483648000000000e+09,-2.147483648000000000e+09,-2.147483648000000000e+09,-2.147483648000000000e+09,-2.147483648000000000e+09,-2.147483648000000000e+09,-2.147483648000000000e+09,-2.147483648000000000e+09,-2.147483648000000000e+09,-2.147483648000000000e+09,-2.147483648000000000e+09,-2.147483648000000000e+09,-2.147483648000000000e+09,-2.147483648000000000e+09,-2.147483648000000000e+09,-2.147483648000000000e+09,-2.147483648000000000e+09,-2.147483648000000000e+09,-2.147483648000000000e+09
-2.147483648000000000e+09,-2.147483648000000000e+09,-2.147483648000000000e+09,-2.147483648000000000e+09,-2.147483648000000000e+09,-2.147483648000000000e+09,-2.147483648000000000e+09,-2.147483648000000000e+09,9.579750000000000000e+06,9.579751000000000000e+06,9.579752000000000000e+06,9.579753000000000000e+06,9.579754000000000000e+06,9.579755000000000000e+06,9.579756000000000000e+06,9.579757000000000000e+06,9.579758000000000000e+06,9.579759000000000000e+06,9.579760000000000000e+06,9.579761000000000000e+06,9.579762000000000000e+06,9.579763000000000000e+06,9.579764000000000000e+06,9.579765000000000000e+06,9.579766000000000000e+06,9.579767000000000000e+06,9.579768000000000000e+06,9.579769000000000000e+06,9.579770000000000000e+06,9.579771000000000000e+06,9.579772000000000000e+06,9.579773000000000000e+06,9.579774000000000000e+06,9.579775000000000000e+06,9.579776000000000000e+06,9.579777000000000000e+06,9.579778000000000000e+06,9.579779000000000000e+06,9.579780000000000000e+06,9.579781000000000000e+06,9.579782000000000000e+06,9.579783000000000000e+06,9.579784000000000000e+06,9.579785000000000000e+06,9.579786000000000000e+06,9.579787000000000000e+06,-2.147483648000000000e+09,-2.147483648000000000e+09,-2.147483648000000000e+09,-2.147483648000000000e+09,-2.147483648000000000e+09,-2.147483648000000000e+09,-2.147483648000000000e+09,-2.147483648000000000e+09,-2.147483648000000000e+09,-2.147483648000000000e+09,-2.147483648000000000e+09,-2.147483648000000000e+09,-2.147483648000000000e+09,-2.147483648000000000e+09,-2.147483648000000000e+09,-2.147483648000000000e+09,-2.147483648000000000e+09,-2.147483648000000000e+09,-2.147483648000000000e+09,-2.147483648000000000e+09,-2.147483648000000000e+09,-2.147483648000000000e+09,-2.147483648000000000e+09,-2.147483648000000000e+09,-2.147483648000000000e+09,-2.147483648000000000e+09,-2.147483648000000000e+09,-2.147483648000000000e+09,-2.147483648000000000e+09,-2.147483648000000000e+09
-2.147483648000000000e+09,-2.147483648000000000e+09,-2.147483648000000000e+09,-2.147483648000000000e+09,-2.147483648000000000e+09,-2.147483648000000000e+09,-2.147483648000000000e+09,9.579749000000000000e+06,9.579750000000000000e+06,9.579751000000000000e+06,9.579752000000000000e+06,9.579753000000000000e+06,9.579754000000000000e+06,9.579755000000000000e+06,9.579756000000000000e+06,9.579757000000000000e+06,9.579758000000000000e+06,9.579759000000000000e+06,9.579760000000000000e+06,9.579761000000000000e+06,9.579762000000000000e+06,9.579763000000000000e+06,9.579764000000000000e+06,9.579765000000000000e+06,9.579766000000000000e+06,9.579767000000000000e+06,9.579768000000000000e+06,9.579769000000000000e+06,9.579770000000000000e+06,9.579771000000000000e+06,9.579772000000000000e+06,9.579773000000000000e+06,9.579774000000000000e+06,9.579775000000000000e+06,9.579776000000000000e+06,9.579777000000000000e+06,9.579778000000000000e+06,9.579779000000000000e+06,9.579780000000000000e+06,9.579781000000000000e+06,9.579782000000000000e+06,9.579783000000000000e+06,9.579784000000000000e+06,9.579785000000000000e+06,9.579786000000000000e+06,9.579787000000000000e+06,-2.147483648000000000e+09,-2.147483648000000000e+09,-2.147483648000000000e+09,-2.147483648000000000e+09,-2.147483648000000000e+09,-2.147483648000000000e+09,-2.147483648000000000e+09,-2.147483648000000000e+09,-2.147483648000000000e+09,-2.147483648000000000e+09,-2.147483648000000000e+09,-2.147483648000000000e+09,-2.147483648000000000e+09,-2.147483648000000000e+09,-2.147483648000000000e+09,-2.147483648000000000e+09,-2.147483648000000000e+09,-2.147483648000000000e+09,-2.147483648000000000e+09,-2.147483648000000000e+09,-2.147483648000000000e+09,-2.147483648000000000e+09,-2.147483648000000000e+09,-2.147483648000000000e+09,-2.147483648000000000e+09,-2.147483648000000000e+09,-2.147483648000000000e+09,-2.147483648000000000e+09,-2.147483648000000000e+09,-2.147483648000000000e+09
-2.147483648000000000e+09,-2.147483648000000000e+09,-2.147483648000000000e+09,-2.147483648000000000e+09,-2.147483648000000000e+09,-2.147483648000000000e+09,9.586948000000000000e+06,9.586949000000000000e+06,9.586950000000000000e+06,9.586951000000000000e+06,9.586952000000000000e+06,9.586953000000000000e+06,9.586954000000000000e+06,9.586955000000000000e+06,9.586956000000000000e+06,9.586957000000000000e+06,9.586958000000000000e+06,9.586959000000000000e+06,9.586960000000000000e+06,9.586961000000000000e+06,9.586962000000000000e+06,9.586963000000000000e+06,9.586964000000000000e+06,9.586965000000000000e+06,9.586966000000000000e+06,9.586967000000000000e+06,9.586968000000000000e+06,9.586969000000000000e+06,9.586970000000000000e+06,9.586971000000000000e+06,9.586972000000000000e+06,9.586973000000000000e+06,9.586974000000000000e+06,9.586975000000000000e+06,9.586976000000000000e+06,9.586977000000000000e+06,9.586978000000000000e+06,9.586979000000000000e+06,9.586980000000000000e+06,9.586981000000000000e+06,9.586982000000000000e+06,9.586983000000000000e+06,9.586984000000000000e+06,9.586985000000000000e+06,9.586986000000000000e+06,-2.147483648000000000e+09,-2.147483648000000000e+09,-2.147483648000000000e+09,-2.147483648000000000e+09,-2.147483648000000000e+09,-2.147483648000000000e+09,-2.147483648000000000e+09,-2.147483648000000000e+09,-2.147483648000000000e+09,-2.147483648000000000e+09,-2.147483648000000000e+09,-2.147483648000000000e+09,-2.147483648000000000e+09,-2.147483648000000000e+09,-2.147483648000000000e+09,-2.147483648000000000e+09,-2.147483648000000000e+09,-2.147483648000000000e+09,-2.147483648000000000e+09,-2.147483648000000000e+09,-2.147483648000000000e+09,-2.147483648000000000e+09,-2.147483648000000000e+09,-2.147483648000000000e+09,-2.147483648000000000e+09,-2.147483648000000000e+09,-2.147483648000000000e+09,-2.147483648000000000e+09,-2.147483648000000000e+09,-2.147483648000000000e+09,-2.147483648000000000e+09
-2.147483648000000000e+09,-2.147483648000000000e+09,-2.147483648000000000e+09,-2.147483648000000000e+09,-2.147483648000000000e+09,9.594147000000000000e+06,9.594148000000000000e+06,9.594149000000000000e+06,9.594150000000000000e+06,9.594151000000000000e+06,9.594152000000000000e+06,9.594153000000000000e+06,9.594154000000000000e+06,9.594155000000000000e+06,9.594156000000000000e+06,9.594157000000000000e+06,9.594158000000000000e+06,9.594159000000000000e+06,9.594160000000000000e+06,9.594161000000000000e+06,9.594162000000000000e+06,9.594163000000000000e+06,9.594164000000000000e+06,9.594165000000000000e+06,9.594166000000000000e+06,9.594167000000000000e+06,9.594168000000000000e+06,9.594169000000000000e+06,9.594170000000000000e+06,9.594171000000000000e+06,9.594172000000000000e+06,9.594173000000000000e+06,9.594174000000000000e+06,9.594175000000000000e+06,9.594176000000000000e+06,9.594177000000000000e+06,9.594178000000000000e+06,9.594179000000000000e+06,9.594180000000000000e+06,9.594181000000000000e+06,9.594182000000000000e+06,9.594183000000000000e+06,9.594184000000000000e+06,9.594185000000000000e+06,-2.147483648000000000e+09,-2.147483648000000000e+09,-2.147483648000000000e+09,-2.147483648000000000e+09,-2.147483648000000000e+09,-2.147483648000000000e+09,-2.147483648000000000e+09,-2.147483648000000000e+09,-2.147483648000000000e+09,-2.147483648000000000e+09,-2.147483648000000000e+09,-2.147483648000000000e+09,-2.147483648000000000e+09,-2.147483648000000000e+09,-2.147483648000000000e+09,-2.147483648000000000e+09,-2.147483648000000000e+09,-2.147483648000000000e+09,-2.147483648000000000e+09,-2.147483648000000000e+09,-2.147483648000000000e+09,-2.147483648000000000e+09,-2.147483648000000000e+09,-2.147483648000000000e+09,-2.147483648000000000e+09,-2.147483648000000000e+09,-2.147483648000000000e+09,-2.147483648000000000e+09,-2.147483648000000000e+09,-2.147483648000000000e+09,-2.147483648000000000e+09,-2.147483648000000000e+09
-2.147483648000000000e+09,-2.147483648000000000e+09,-2.147483648000000000e+09,-2.147483648000000000e+09,9.601346000000000000e+06,9.601347000000000000e+06,9.601348000000000000e+06,9.601349000000000000e+06,9.601350000000000000e+06,9.601351000000000000e+06,9.601352000000000000e+06,9.601353000000000000e+06,9.601354000000000000e+06,9.601355000000000000e+06,9.601356000000000000e+06,9.601357000000000000e+06,9.601358000000000000e+06,9.601359000000000000e+06,9.601360000000000000e+06,9.601361000000000000e+06,9.601362000000000000e+06,9.601363000000000000e+06,9.601364000000000000e+06,9.601365000000000000e+06,9.601366000000000000e+06,9.601367000000000000e+06,9.601368000000000000e+06,9.601369000000000000e+06,9.601370000000000000e+06,9.601371000000000000e+06,9.601372000000000000e+06,9.601373000000000000e+06,9.601374000000000000e+06,9.601375000000000000e+06,9.601376000000000000e+06,9.601377000000000000e+06,9.601378000000000000e+06,9.601379000000000000e+06,9.601380000000000000e+06,9.601381000000000000e+06,9.601382000000000000e+06,9.601383000000000000e+06,9.601384000000000000e+06,-2.147483648000000000e+09,-2.147483648000000000e+09,-2.147483648000000000e+09,-2.147483648000000000e+09,-2.147483648000000000e+09,-2.147483648000000000e+09,-2.147483648000000000e+09,-2.147483648000000000e+09,-2.147483648000000000e+09,-2.147483648000000000e+09,-2.147483648000000000e+09,-2.147483648000000000e+09,-2.147483648000000000e+09,-2.147483648000000000e+09,-2.147483648000000000e+09,-2.147483648000000000e+09,-2.147483648000000000e+09,-2.147483648000000000e+09,-2.147483648000000000e+09,-2.147483648000000000e+09,-2.147483648000000000e+09,-2.147483648000000000e+09,-2.147483648000000000e+09,-2.147483648000000000e+09,-2.147483648000000000e+09,-2.147483648000000000e+09,-2.147483648000000000e+09,-2.147483648000000000e+09,-2.147483648000000000e+09,-2.147483648000000000e+09,-2.147483648000000000e+09,-2.147483648000000000e+09,-2.147483648000000000e+09
-2.147483648000000000e+09,-2.147483648000000000e+09,-2.147483648000000000e+09,9.608545000000000000e+06,9.608546000000000000e+06,9.608547000000000000e+06,9.608548000000000000e+06,9.608549000000000000e+06,9.608550000000000000e+06,9.608551000000000000e+06,9.608552000000000000e+06,9.608553000000000000e+06,9.608554000000000000e+06,9.608555000000000000e+06,9.608556000000000000e+06,9.608557000000000000e+06,9.608558000000000000e+06,9.608559000000000000e+06,9.608560000000000000e+06,9.608561000000000000e+06,9.608562000000000000e+06,9.608563000000000000e+06,9.608564000000000000e+06,9.608565000000000000e+06,9.608566000000000000e+06,9.608567000000000000e+06,9.608568000000000000e+06,9.608569000000000000e+06,9.608570000000000000e+06,9.608571000000000000e+06,9.608572000000000000e+06,9.608573000000000000e+06,9.608574000000000000e+06,9.608575000000000000e+06,9.608576000000000000e+06,9.608577000000000000e+06,9.608578000000000000e+06,9.608579000000000000e+06,9.608580000000000000e+06,9.608581000000000000e+06,9.608582000000000000e+06,9.608583000000000000e+06,-2.147483648000000000e+09,-2.147483648000000000e+09,-2.147483648000000000e+09,-2.147483648000000000e+09,-2.147483648000000000e+09,-2.147483648000000000e+09,-2.147483648000000000e+09,-2.147483648000000000e+09,-2.147483648000000000e+09,-2.147483648000000000e+09,-2.147483648000000000e+09,-2.147483648000000000e+09,-2.147483648000000000e+09,-2.147483648000000000e+09,-2.147483648000000000e+09,-2.147483648000000000e+09,-2.147483648000000000e+09,-2.147483648000000000e+09,-2.147483648000000000e+09,-2.147483648000000000e+09,-2.147483648000000000e+09,-2.147483648000000000e+09,-2.147483648000000000e+09,-2.147483648000000000e+09,-2.147483648000000000e+09,-2.147483648000000000e+09,-2.147483648000000000e+09,-2.147483648000000000e+09,-2.147483648000000000e+09,-2.147483648000000000e+09,-2.147483648000000000e+09,-2.147483648000000000e+09,-2.147483648000000000e+09,-2.147483648000000000e+09
-2.147483648000000000e+09,-2.147483648000000000e+09,9.615744000000000000e+06,9.615745000000000000e+06,9.615746000000000000e+06,9.615747000000000000e+06,9.615748000000000000e+06,9.615749000000000000e+06,9.615750000000000000e+06,9.615751000000000000e+06,9.615752000000000000e+06,9.615753000000000000e+06,9.615754000000000000e+06,9.615755000000000000e+06,9.615756000000000000e+06,9.615757000000000000e+06,9.615758000000000000e+06,9.615759000000000000e+06,9.615760000000000000e+06,9.615761000000000000e+06,9.615762000000000000e+06,9.615763000000000000e+06,9.615764000000000000e+06,9.615765000000000000e+06,9.615766000000000000e+06,9.615767000000000000e+06,9.615768000000000000e+06,9.615769000000000000e+06,9.615770000000000000e+06,9.615771000000000000e+06,9.615772000000000000e+06,9.615773000000000000e+06,9.615774000000000000e+06,9.615775000000000000e+06,9.615776000000000000e+06,9.615777000000000000e+06,9.615778000000000000e+06,9.615779000000000000e+06,9.615780000000000000e+06,9.615781000000000000e+06,9.615782000000000000e+06,-2.147483648000000000e+09,-2.147483648000000000e+09,-2.147483648000000000e+09,-2.147483648000000000e+09,-2.147483648000000000e+09,-2.147483648000000000e+09,-2.147483648000000000e+09,-2.147483648000000000e+09,-2.147483648000000000e+09,-2.147483648000000000e+09,-2.147483648000000000e+09,-2.147483648000000000e+09,-2.147483648000000000e+09,-2.147483648000000000e+09,-2.147483648000000000e+09,-2.147483648000000000e+09,-2.147483648000000000e+09,-2.147483648000000000e+09,-2.147483648000000000e+09,-2.147483648000000000e+09,-2.147483648000000000e+09,-2.147483648000000000e+09,-2.147483648000000000e+09,-2.147483648000000000e+09,-2.147483648000000000e+09,-2.147483648000000000e+09,-2.147483648000000000e+09,-2.147483648000000000e+09,-2.147483648000000000e+09,-2.147483648000000000e+09,-2.147483648000000000e+09,-2.147483648000000000e+09,-2.147483648000000000e+09,-2.147483648000000000e+09,-2.147483648000000000e+09
-2.147483648000000000e+09,9.622943000000000000e+06,9.622944000000000000e+06,9.622945000000000000e+06,9.622946000000000000e+06,9.622947000000000000e+06,9.622948000000000000e+06,9.622949000000000000e+06,9.622950000000000000e+06,9.622951000000000000e+06,9.622952000000000000e+06,9.622953000000000000e+06,9.622954000000000000e+06,9.622955000000000000e+06,9.622956000000000000e+06,9.622957000000000000e+06,9.622958000000000000e+06,9.622959000000000000e+06,9.622960000000000000e+06,9.622961000000000000e+06,9.622962000000000000e+06,9.622963000000000000e+06,9.622964000000000000e+06,9.622965000000000000e+06,9.622966000000000000e+06,9.622967000000000000e+06,9.622968000000000000e+06,9.622969000000000000e+06,9.622970000000000000e+06,9.622971000000000000e+06,9.622972000000000000e+06,9.622973000000000000e+06,9.622974000000000000e+06,9.622975000000000000e+06,9.622976000000000000e+06,9.622977000000000000e+06,9.622978000000000000e+06,9.622979000000000000e+06,9.622980000000000000e+06,9.622981000000000000e+06,-2.147483648000000000e+09,-2.147483648000000000e+09,-2.147483648000000000e+09,-2.147483648000000000e+09,-2.147483648000000000e+09,-2.147483648000000000e+09,-2.147483648000000000e+09,-2.147483648000000000e+09,-2.147483648000000000e+09,-2.147483648000000000e+09,-2.147483648000000000e+09,-2.147483648000000000e+09,-2.147483648000000000e+09,-2.147483648000000000e+09,-2.147483648000000000e+09,-2.147483648000000000e+09,-2.147483648000000000e+09,-2.147483648000000000e+09,-2.147483648000000000e+09,-2.147483648000000000e+09,-2.147483648000000000e+09,-2.147483648000000000e+09,-2.147483648000000000e+09,-2.147483648000000000e+09,-2.147483648000000000e+09,-2.147483648000000000e+09,-2.147483648000000000e+09,-2.147483648000000000e+09,-2.147483648000000000e+09,-2.147483648000000000e+09,-2.147483648000000000e+09,-2.147483648000000000e+09,-2.147483648000000000e+09,-2.147483648000000000e+09,-2.147483648000000000e+09,-2.147483648000000000e+09
-2.147483648000000000e+09,-2.147483648000000000e+09,9.630144000000000000e+06,9.630145000000000000e+06,9.630146000000000000e+06,9.630147000000000000e+06,9.630148000000000000e+06,9.630149000000000000e+06,9.630150000000000000e+06,9.630151000000000000e+06,9.630152000000000000e+06,9.630153000000000000e+06,9.630154000000000000e+06,9.630155000000000000e+06,9.630156000000000000e+06,9.630157000000000000e+06,9.630158000000000000e+06,9.630159000000000000e+06,9.630160000000000000e+06,9.630161000000000000e+06,9.630162000000000000e+06,9.630163000000000000e+06,9.630164000000000000e+06,9.630165000000000000e+06,9.630166000000000000e+06,9.630167000000000000e+06,9.630168000000000000e+06,9.630169000000000000e+06,9.630170000000000000e+06,9.630171000000000000e+06,9.630172000000000000e+06,9.630173000000000000e+06,9.630174000000000000e+06,9.630175000000000000e+06,9.630176000000000000e+06,9.630177000000000000e+06,9.630178000000000000e+06,9.630179000000000000e+06,9.630180000000000000e+06,-2.147483648000000000e+09,-2.147483648000000000e+09,-2.147483648000000000e+09,-2.147483648000000000e+09,-2.147483648000000000e+09,-2.147483648000000000e+09,-2.147483648000000000e+09,-2.147483648000000000e+09,-2.147483648000000000e+09,-2.147483648000000000e+09,-2.147483648000000000e+09,-2.147483648000000000e+09,-2.147483648000000000e+09,-2.147483648000000000e+09,-2.147483648000000000e+09,-2.147483648000000000e+09,-2.147483648000000000e+09,-2.147483648000000000e+09,-2.147483648000000000e+09,-2.147483648000000000e+09,-2.147483648000000000e+09,-2.147483648000000000e+09,-2.147483648000000000e+09,-2.147483648000000000e+09,-2.147483648000000000e+09,-2.147483648000000000e+09,-2.147483648000000000e+09,-2.147483648000000000e+09,-2.147483648000000000e+09,-2.147483648000000000e+09,-2.147483648000000000e+09,-2.147483648000000000e+09,-2.147483648000000000e+09,-2.147483648000000000e+09,-2.147483648000000000e+09,-2.147483648000000000e+09,-2.147483648000000000e+09
