-2.147483648000000000e+09,-2.147483648000000000e+09,-2.147483648000000000e+09,-2.147483648000000000e+09,-2.147483648000000000e+09,-2.147483648000000000e+09,-2.147483648000000000e+09,-2.147483648000000000e+09,-2.147483648000000000e+09,-2.147483648000000000e+09,-2.147483648000000000e+09,-2.147483648000000000e+09,-2.147483648000000000e+09,-2.147483648000000000e+09,-2.147483648000000000e+09,-2.147483648000000000e+09,-2.147483648000000000e+09,-2.147483648000000000e+09,-2.147483648000000000e+09,-2.147483648000000000e+09,-2.147483648000000000e+09,-2.147483648000000000e+09,-2.147483648000000000e+09,1.566989900000000000e+07,1.566990000000000000e+07,1.566990100000000000e+07,1.566990200000000000e+07,1.566990300000000000e+07,1.566990400000000000e+07,1.566990500000000000e+07,1.566990600000000000e+07,1.566990700000000000e+07,1.566990800000000000e+07,1.566990900000000000e+07,1.566991000000000000e+07,1.566991100000000000e+07,1.566991200000000000e+07,1.566991300000000000e+07,1.566991400000000000e+07,-2.147483648000000000e+09,-2.147483648000000000e+09,-2.147483648000000000e+09,-2.147483648000000000e+09,-2.147483648000000000e+09,-2.147483648000000000e+09,-2.147483648000000000e+09,-2.147483648000000000e+09,-2.147483648000000000e+09,-2.147483648000000000e+09,-2.147483648000000000e+09,-2.147483648000000000e+09,-2.147483648000000000e+09,-2.147483648000000000e+09,-2.147483648000000000e+09,-2.147483648000000000e+09,-2.147483648000000000e+09,-2.147483648000000000e+09,-2.147483648000000000e+09,-2.147483648000000000e+09,-2.147483648000000000e+09,-2.147483648000000000e+09,-2.147483648000000000e+09,-2.147483648000000000e+09,-2.147483648000000000e+09,-2.147483648000000000e+09,-2.147483648000000000e+09,-2.147483648000000000e+09,-2.147483648000000000e+09,-2.147483648000000000e+09
-2.147483648000000000e+09,-2.147483648000000000e+09,-2.147483648000000000e+09,-2.147483648000000000e+09,-2.147483648000000000e+09,-2.147483648000000000e+09,-2.147483648000000000e+09,-2.147483648000000000e+09,-2.147483648000000000e+09,-2.147483648000000000e+09,-2.147483648000000000e+09,-2.147483648000000000e+09,-2.147483648000000000e+09,-2.147483648000000000e+09,-2.147483648000000000e+09,-2.147483648000000000e+09,-2.147483648000000000e+09,-2.147483648000000000e+09,1.567709400000000000e+07,-2.147483648000000000e+09,-2.147483648000000000e+09,-2.147483648000000000e+09,1.567709800000000000e+07,1.567709900000000000e+07,1.567710000000000000e+07,1.567710100000000000e+07,1.567710200000000000e+07,1.567710300000000000e+07,1.567710400000000000e+07,1.567710500000000000e+07,1.567710600000000000e+07,1.567710700000000000e+07,1.567710800000000000e+07,1.567710900000000000e+07,1.567711000000000000e+07,1.567711100000000000e+07,1.567711200000000000e+07,1.567711300000000000e+07,1.567711400000000000e+07,1.567711500000000000e+07,1.567711600000000000e+07,1.567711700000000000e+07,1.567711800000000000e+07,1.567711900000000000e+07,1.567712000000000000e+07,1.567712100000000000e+07,1.567712200000000000e+07,1.567712300000000000e+07,1.567712400000000000e+07,1.567712500000000000e+07,-2.147483648000000000e+09,-2.147483648000000000e+09,-2.147483648000000000e+09,-2.147483648000000000e+09,-2.147483648000000000e+09,-2.147483648000000000e+09,-2.147483648000000000e+09,-2.147483648000000000e+09,-2.147483648000000000e+09,-2.147483648000000000e+09,-2.147483648000000000e+09,-2.147483648000000000e+09,-2.147483648000000000e+09,-2.147483648000000000e+09,-2.147483648000000000e+09,-2.147483648000000000e+09,-2.147483648000000000e+09,-2.147483648000000000e+09,-2.147483648000000000e+09
-2.147483648000000000e+09,-2.147483648000000000e+09,-2.147483648000000000e+09,-2.147483648000000000e+09,-2.147483648000000000e+09,-2.147483648000000000e+09,-2.147483648000000000e+09,-2.147483648000000000e+09,-2.147483648000000000e+09,-2.147483648000000000e+09,-2.147483648000000000e+09,-2.147483648000000000e+09,-2.147483648000000000e+09,-2.147483648000000000e+09,1.568429000000000000e+07,1.568429100000000000e+07,1.568429200000000000e+07,1.568429300000000000e+07,1.568429400000000000e+07,-2.147483648000000000e+09,-2.147483648000000000e+09,1.568429700000000000e+07,1.568429800000000000e+07,1.568429900000000000e+07,1.568430000000000000e+07,1.568430100000000000e+07,1.568430200000000000e+07,1.568430300000000000e+07,1.568430400000000000e+07,1.568430500000000000e+07,1.568430600000000000e+07,1.568430700000000000e+07,1.568430800000000000e+07,1.568430900000000000e+07,1.568431000000000000e+07,1.568431100000000000e+07,1.568431200000000000e+07,1.568431300000000000e+07,1.568431400000000000e+07,1.568431500000000000e+07,1.568431600000000000e+07,1.568431700000000000e+07,1.568431800000000000e+07,1.568431900000000000e+07,1.568432000000000000e+07,1.568432100000000000e+07,1.568432200000000000e+07,1.568432300000000000e+07,1.568432400000000000e+07,1.568432500000000000e+07,1.568432600000000000e+07,1.568432700000000000e+07,1.568432800000000000e+07,-2.147483648000000000e+09,-2.147483648000000000e+09,-2.147483648000000000e+09,-2.147483648000000000e+09,-2.147483648000000000e+09,-2.147483648000000000e+09,-2.147483648000000000e+09,-2.147483648000000000e+09,-2.147483648000000000e+09,-2.147483648000000000e+09,-2.147483648000000000e+09,-2.147483648000000000e+09,-2.147483648000000000e+09,-2.147483648000000000e+09,-2.147483648000000000e+09,-2.147483648000000000e+09
-2.147483648000000000e+09,-2.147483648000000000e+09,-2.147483648000000000e+09,-2.147483648000000000e+09,-2.147483648000000000e+09,-2.147483648000000000e+09,-2.147483648000000000e+09,-2.147483648000000000e+09,-2.147483648000000000e+09,-2.147483648000000000e+09,-2.147483648000000000e+09,-2.147483648000000000e+09,1.569148800000000000e+07,1.569148900000000000e+07,1.569149000000000000e+07,1.569149100000000000e+07,1.569149200000000000e+07,1.569149300000000000e+07,-2.147483648000000000e+09,-2.147483648000000000e+09,-2.147483648000000000e+09,-2.147483648000000000e+09,1.569149800000000000e+07,1.569149900000000000e+07,1.569150000000000000e+07,1.569150100000000000e+07,1.569150200000000000e+07,1.569150300000000000e+07,1.569150400000000000e+07,1.569150500000000000e+07,1.569150600000000000e+07,1.569150700000000000e+07,1.569150800000000000e+07,1.569150900000000000e+07,1.569151000000000000e+07,1.569151100000000000e+07,1.569151200000000000e+07,1.569151300000000000e+07,1.569151400000000000e+07,1.569151500000000000e+07,1.569151600000000000e+07,1.569151700000000000e+07,1.569151800000000000e+07,1.569151900000000000e+07,1.569152000000000000e+07,1.569152100000000000e+07,1.569152200000000000e+07,1.569152300000000000e+07,1.569152400000000000e+07,1.569152500000000000e+07,1.569152600000000000e+07,1.569152700000000000e+07,1.569152800000000000e+07,1.569152900000000000e+07,1.569153000000000000e+07,1.569153100000000000e+07,-2.147483648000000000e+09,-2.147483648000000000e+09,-2.147483648000000000e+09,-2.147483648000000000e+09,-2.147483648000000000e+09,-2.147483648000000000e+09,-2.147483648000000000e+09,-2.147483648000000000e+09,-2.147483648000000000e+09,-2.147483648000000000e+09,-2.147483648000000000e+09,-2.147483648000000000e+09,-2.147483648000000000e+09
-2.147483648000000000e+09,-2.147483648000000000e+09,-2.147483648000000000e+09,-2.147483648000000000e+09,-2.147483648000000000e+09,-2.147483648000000000e+09,-2.147483648000000000e+09,-2.147483648000000000e+09,-2.147483648000000000e+09,-2.147483648000000000e+09,-2.147483648000000000e+09,1.569868700000000000e+07,1.569868800000000000e+07,1.569868900000000000e+07,1.569869000000000000e+07,1.569869100000000000e+07,1.569869200000000000e+07,-2.147483648000000000e+09,-2.147483648000000000e+09,-2.147483648000000000e+09,-2.147483648000000000e+09,-2.147483648000000000e+09,1.569869800000000000e+07,1.569869900000000000e+07,1.569870000000000000e+07,1.569870100000000000e+07,1.569870200000000000e+07,1.569870300000000000e+07,1.569870400000000000e+07,1.569870500000000000e+07,1.569870600000000000e+07,1.569870700000000000e+07,1.569870800000000000e+07,1.569870900000000000e+07,1.569871000000000000e+07,1.569871100000000000e+07,1.569871200000000000e+07,1.569871300000000000e+07,1.569871400000000000e+07,1.569871500000000000e+07,1.569871600000000000e+07,1.569871700000000000e+07,1.569871800000000000e+07,1.569871900000000000e+07,1.569872000000000000e+07,1.569872100000000000e+07,1.569872200000000000e+07,1.569872300000000000e+07,1.569872400000000000e+07,1.569872500000000000e+07,1.569872600000000000e+07,1.569872700000000000e+07,1.569872800000000000e+07,1.569872900000000000e+07,1.569873000000000000e+07,1.569873100000000000e+07,1.569873200000000000e+07,1.569873300000000000e+07,1.569873400000000000e+07,1.569873500000000000e+07,-2.147483648000000000e+09,-2.147483648000000000e+09,-2.147483648000000000e+09,-2.147483648000000000e+09,-2.147483648000000000e+09,-2.147483648000000000e+09,-2.147483648000000000e+09,-2.147483648000000000e+09,-2.147483648000000000e+09
-2.147483648000000000e+09,-2.147483648000000000e+09,-2.147483648000000000e+09,-2.147483648000000000e+09,-2.147483648000000000e+09,-2.147483648000000000e+09,-2.147483648000000000e+09,-2.147483648000000000e+09,-2.147483648000000000e+09,-2.147483648000000000e+09,1.569868600000000000e+07,1.569868700000000000e+07,1.569868800000000000e+07,1.569868900000000000e+07,1.569869000000000000e+07,1.569869100000000000e+07,1.569869200000000000e+07,-2.147483648000000000e+09,-2.147483648000000000e+09,-2.147483648000000000e+09,-2.147483648000000000e+09,1.569869700000000000e+07,1.569869800000000000e+07,1.569869900000000000e+07,1.569870000000000000e+07,1.569870100000000000e+07,1.569870200000000000e+07,1.569870300000000000e+07,1.569870400000000000e+07,1.569870500000000000e+07,1.569870600000000000e+07,1.569870700000000000e+07,1.569870800000000000e+07,1.569870900000000000e+07,1.569871000000000000e+07,1.569871100000000000e+07,1.569871200000000000e+07,1.569871300000000000e+07,1.569871400000000000e+07,1.569871500000000000e+07,1.569871600000000000e+07,1.569871700000000000e+07,1.569871800000000000e+07,1.569871900000000000e+07,1.569872000000000000e+07,1.569872100000000000e+07,1.569872200000000000e+07,1.569872300000000000e+07,1.569872400000000000e+07,1.569872500000000000e+07,1.569872600000000000e+07,1.569872700000000000e+07,1.569872800000000000e+07,1.569872900000000000e+07,1.569873000000000000e+07,1.569873100000000000e+07,1.569873200000000000e+07,1.569873300000000000e+07,1.569873400000000000e+07,1.569873500000000000e+07,1.569873600000000000e+07,1.569873700000000000e+07,-2.147483648000000000e+09,-2.147483648000000000e+09,-2.147483648000000000e+09,-2.147483648000000000e+09,-2.147483648000000000e+09,-2.147483648000000000e+09,-2.147483648000000000e+09
-2.147483648000000000e+09,-2.147483648000000000e+09,-2.147483648000000000e+09,-2.147483648000000000e+09,-2.147483648000000000e+09,-2.147483648000000000e+09,-2.147483648000000000e+09,-2.147483648000000000e+09,-2.147483648000000000e+09,1.570588500000000000e+07,1.570588600000000000e+07,1.570588700000000000e+07,1.570588800000000000e+07,1.570588900000000000e+07,1.570589000000000000e+07,1.570589100000000000e+07,-2.147483648000000000e+09,-2.147483648000000000e+09,-2.147483648000000000e+09,-2.147483648000000000e+09,1.570589600000000000e+07,1.570589700000000000e+07,1.570589800000000000e+07,1.570589900000000000e+07,1.570590000000000000e+07,1.570590100000000000e+07,1.570590200000000000e+07,1.570590300000000000e+07,1.570590400000000000e+07,1.570590500000000000e+07,1.570590600000000000e+07,1.570590700000000000e+07,1.570590800000000000e+07,1.570590900000000000e+07,1.570591000000000000e+07,1.570591100000000000e+07,1.570591200000000000e+07,1.570591300000000000e+07,1.570591400000000000e+07,1.570591500000000000e+07,1.570591600000000000e+07,1.570591700000000000e+07,1.570591800000000000e+07,1.570591900000000000e+07,1.570592000000000000e+07,1.570592100000000000e+07,1.570592200000000000e+07,1.570592300000000000e+07,1.570592400000000000e+07,1.570592500000000000e+07,1.570592600000000000e+07,1.570592700000000000e+07,1.570592800000000000e+07,1.570592900000000000e+07,1.570593000000000000e+07,1.570593100000000000e+07,1.570593200000000000e+07,1.570593300000000000e+07,1.570593400000000000e+07,1.570593500000000000e+07,1.570593600000000000e+07,-2.147483648000000000e+09,-2.147483648000000000e+09,-2.147483648000000000e+09,-2.147483648000000000e+09,-2.147483648000000000e+09,-2.147483648000000000e+09,-2.147483648000000000e+09,-2.147483648000000000e+09
-2.147483648000000000e+09,-2.147483648000000000e+09,-2.147483648000000000e+09,-2.147483648000000000e+09,-2.147483648000000000e+09,-2.147483648000000000e+09,-2.147483648000000000e+09,-2.147483648000000000e+09,1.571308400000000000e+07,1.571308500000000000e+07,1.571308600000000000e+07,1.571308700000000000e+07,1.571308800000000000e+07,1.571308900000000000e+07,1.571309000000000000e+07,1.571309100000000000e+07,1.571309200000000000e+07,1.571309300000000000e+07,1.571309400000000000e+07,1.571309500000000000e+07,1.571309600000000000e+07,1.571309700000000000e+07,1.571309800000000000e+07,1.571309900000000000e+07,1.571310000000000000e+07,1.571310100000000000e+07,1.571310200000000000e+07,1.571310300000000000e+07,1.571310400000000000e+07,1.571310500000000000e+07,1.571310600000000000e+07,1.571310700000000000e+07,1.571310800000000000e+07,1.571310900000000000e+07,1.571311000000000000e+07,1.571311100000000000e+07,1.571311200000000000e+07,1.571311300000000000e+07,1.571311400000000000e+07,1.571311500000000000e+07,1.571311600000000000e+07,1.571311700000000000e+07,1.571311800000000000e+07,1.571311900000000000e+07,1.571312000000000000e+07,1.571312100000000000e+07,1.571312200000000000e+07,1.571312300000000000e+07,1.571312400000000000e+07,1.571312500000000000e+07,1.571312600000000000e+07,1.571312700000000000e+07,1.571312800000000000e+07,1.571312900000000000e+07,1.571313000000000000e+07,1.571313100000000000e+07,1.571313200000000000e+07,1.571313300000000000e+07,1.571313400000000000e+07,1.571313500000000000e+07,-2.147483648000000000e+09,-2.147483648000000000e+09,-2.147483648000000000e+09,-2.147483648000000000e+09,-2.147483648000000000e+09,-2.147483648000000000e+09,-2.147483648000000000e+09,-2.147483648000000000e+09,-2.147483648000000000e+09
-2.147483648000000000e+09,-2.147483648000000000e+09,-2.147483648000000000e+09,-2.147483648000000000e+09,-2.147483648000000000e+09,-2.147483648000000000e+09,-2.147483648000000000e+09,1.572028300000000000e+07,1.572028400000000000e+07,1.572028500000000000e+07,1.572028600000000000e+07,1.572028700000000000e+07,1.572028800000000000e+07,1.572028900000000000e+07,1.572029000000000000e+07,1.572029100000000000e+07,1.572029200000000000e+07,1.572029300000000000e+07,1.572029400000000000e+07,1.572029500000000000e+07,1.572029600000000000e+07,1.572029700000000000e+07,1.572029800000000000e+07,1.572029900000000000e+07,1.572030000000000000e+07,1.572030100000000000e+07,1.572030200000000000e+07,1.572030300000000000e+07,1.572030400000000000e+07,1.572030500000000000e+07,1.572030600000000000e+07,1.572030700000000000e+07,1.572030800000000000e+07,1.572030900000000000e+07,1.572031000000000000e+07,1.572031100000000000e+07,1.572031200000000000e+07,1.572031300000000000e+07,1.572031400000000000e+07,1.572031500000000000e+07,1.572031600000000000e+07,1.572031700000000000e+07,1.572031800000000000e+07,1.572031900000000000e+07,1.572032000000000000e+07,1.572032100000000000e+07,1.572032200000000000e+07,1.572032300000000000e+07,1.572032400000000000e+07,1.572032500000000000e+07,1.572032600000000000e+07,1.572032700000000000e+07,1.572032800000000000e+07,1.572032900000000000e+07,1.572033000000000000e+07,1.572033100000000000e+07,1.572033200000000000e+07,1.572033300000000000e+07,1.572033400000000000e+07,1.572033500000000000e+07,-2.147483648000000000e+09,-2.147483648000000000e+09,-2.147483648000000000e+09,-2.147483648000000000e+09,-2.147483648000000000e+09,-2.147483648000000000e+09,-2.147483648000000000e+09,-2.147483648000000000e+09,-2.147483648000000000e+09
-2.147483648000000000e+09,-2.147483648000000000e+09,-2.147483648000000000e+09,-2.147483648000000000e+09,-2.147483648000000000e+09,-2.147483648000000000e+09,1.572748200000000000e+07,1.572748300000000000e+07,1.572748400000000000e+07,1.572748500000000000e+07,1.572748600000000000e+07,1.572748700000000000e+07,1.572748800000000000e+07,1.572748900000000000e+07,1.572749000000000000e+07,1.572749100000000000e+07,1.572749200000000000e+07,1.572749300000000000e+07,1.572749400000000000e+07,1.572749500000000000e+07,1.572749600000000000e+07,1.572749700000000000e+07,1.572749800000000000e+07,1.572749900000000000e+07,1.572750000000000000e+07,1.572750100000000000e+07,1.572750200000000000e+07,1.572750300000000000e+07,1.572750400000000000e+07,1.572750500000000000e+07,1.572750600000000000e+07,1.572750700000000000e+07,1.572750800000000000e+07,1.572750900000000000e+07,1.572751000000000000e+07,1.572751100000000000e+07,1.572751200000000000e+07,1.572751300000000000e+07,1.572751400000000000e+07,1.572751500000000000e+07,1.572751600000000000e+07,1.572751700000000000e+07,1.572751800000000000e+07,1.572751900000000000e+07,1.572752000000000000e+07,1.572752100000000000e+07,1.572752200000000000e+07,1.572752300000000000e+07,1.572752400000000000e+07,1.572752500000000000e+07,1.572752600000000000e+07,1.572752700000000000e+07,1.572752800000000000e+07,1.572752900000000000e+07,1.572753000000000000e+07,1.572753100000000000e+07,1.572753200000000000e+07,1.572753300000000000e+07,-2.147483648000000000e+09,-2.147483648000000000e+09,-2.147483648000000000e+09,-2.147483648000000000e+09,-2.147483648000000000e+09,-2.147483648000000000e+09,-2.147483648000000000e+09,-2.147483648000000000e+09,-2.147483648000000000e+09,-2.147483648000000000e+09,-2.147483648000000000e+09
-2.147483648000000000e+09,-2.147483648000000000e+09,-2.147483648000000000e+09,-2.147483648000000000e+09,-2.147483648000000000e+09,1.573468100000000000e+07,1.573468200000000000e+07,1.573468300000000000e+07,1.573468400000000000e+07,1.573468500000000000e+07,1.573468600000000000e+07,1.573468700000000000e+07,1.573468800000000000e+07,1.573468900000000000e+07,1.573469000000000000e+07,1.573469100000000000e+07,1.573469200000000000e+07,1.573469300000000000e+07,1.573469400000000000e+07,1.573469500000000000e+07,1.573469600000000000e+07,1.573469700000000000e+07,1.573469800000000000e+07,1.573469900000000000e+07,1.573470000000000000e+07,1.573470100000000000e+07,1.573470200000000000e+07,1.573470300000000000e+07,1.573470400000000000e+07,1.573470500000000000e+07,1.573470600000000000e+07,1.573470700000000000e+07,1.573470800000000000e+07,1.573470900000000000e+07,1.573471000000000000e+07,1.573471100000000000e+07,1.573471200000000000e+07,1.573471300000000000e+07,1.573471400000000000e+07,1.573471500000000000e+07,1.573471600000000000e+07,1.573471700000000000e+07,1.573471800000000000e+07,1.573471900000000000e+07,1.573472000000000000e+07,1.573472100000000000e+07,1.573472200000000000e+07,1.573472300000000000e+07,1.573472400000000000e+07,1.573472500000000000e+07,1.573472600000000000e+07,1.573472700000000000e+07,1.573472800000000000e+07,1.573472900000000000e+07,1.573473000000000000e+07,1.573473100000000000e+07,1.573473200000000000e+07,1.573473300000000000e+07,1.573473400000000000e+07,1.573473500000000000e+07,1.573473600000000000e+07,1.573473700000000000e+07,1.573473800000000000e+07,1.573473900000000000e+07,1.573474000000000000e+07,1.573474100000000000e+07,1.573474200000000000e+07,1.573474300000000000e+07,1.573474400000000000e+07
-2.147483648000000000e+09,-2.147483648000000000e+09,-2.147483648000000000e+09,-2.147483648000000000e+09,1.574188000000000000e+07,1.574188100000000000e+07,1.574188200000000000e+07,1.574188300000000000e+07,1.574188400000000000e+07,1.574188500000000000e+07,1.574188600000000000e+07,1.574188700000000000e+07,1.574188800000000000e+07,1.574188900000000000e+07,1.574189000000000000e+07,1.574189100000000000e+07,1.574189200000000000e+07,1.574189300000000000e+07,1.574189400000000000e+07,1.574189500000000000e+07,1.574189600000000000e+07,1.574189700000000000e+07,1.574189800000000000e+07,1.574189900000000000e+07,1.574190000000000000e+07,1.574190100000000000e+07,1.574190200000000000e+07,1.574190300000000000e+07,1.574190400000000000e+07,1.574190500000000000e+07,1.574190600000000000e+07,1.574190700000000000e+07,1.574190800000000000e+07,1.574190900000000000e+07,1.574191000000000000e+07,1.574191100000000000e+07,1.574191200000000000e+07,1.574191300000000000e+07,1.574191400000000000e+07,1.574191500000000000e+07,1.574191600000000000e+07,1.574191700000000000e+07,1.574191800000000000e+07,1.574191900000000000e+07,1.574192000000000000e+07,1.574192100000000000e+07,1.574192200000000000e+07,1.574192300000000000e+07,1.574192400000000000e+07,1.574192500000000000e+07,1.574192600000000000e+07,1.574192700000000000e+07,1.574192800000000000e+07,1.574192900000000000e+07,1.574193000000000000e+07,1.574193100000000000e+07,1.574193200000000000e+07,1.574193300000000000e+07,1.574193400000000000e+07,1.574193500000000000e+07,1.574193600000000000e+07,1.574193700000000000e+07,1.574193800000000000e+07,1.574193900000000000e+07,1.574194000000000000e+07,1.574194100000000000e+07,1.574194200000000000e+07,1.574194300000000000e+07,-2.147483648000000000e+09
-2.147483648000000000e+09,-2.147483648000000000e+09,-2.147483648000000000e+09,1.574907900000000000e+07,1.574908000000000000e+07,1.574908100000000000e+07,1.574908200000000000e+07,1.574908300000000000e+07,1.574908400000000000e+07,1.574908500000000000e+07,-2.147483648000000000e+09,-2.147483648000000000e+09,-2.147483648000000000e+09,1.574908900000000000e+07,1.574909000000000000e+07,1.574909100000000000e+07,1.574909200000000000e+07,1.574909300000000000e+07,1.574909400000000000e+07,1.574909500000000000e+07,1.574909600000000000e+07,1.574909700000000000e+07,1.574909800000000000e+07,1.574909900000000000e+07,1.574910000000000000e+07,1.574910100000000000e+07,1.574910200000000000e+07,1.574910300000000000e+07,1.574910400000000000e+07,1.574910500000000000e+07,1.574910600000000000e+07,1.574910700000000000e+07,1.574910800000000000e+07,1.574910900000000000e+07,1.574911000000000000e+07,1.574911100000000000e+07,1.574911200000000000e+07,1.574911300000000000e+07,1.574911400000000000e+07,1.574911500000000000e+07,1.574911600000000000e+07,1.574911700000000000e+07,1.574911800000000000e+07,1.574911900000000000e+07,1.574912000000000000e+07,1.574912100000000000e+07,1.574912200000000000e+07,1.574912300000000000e+07,1.574912400000000000e+07,1.574912500000000000e+07,1.574912600000000000e+07,1.574912700000000000e+07,1.574912800000000000e+07,1.574912900000000000e+07,1.574913000000000000e+07,1.574913100000000000e+07,1.574913200000000000e+07,1.574913300000000000e+07,1.574913400000000000e+07,1.574913500000000000e+07,1.574913600000000000e+07,1.574913700000000000e+07,1.574913800000000000e+07,1.574913900000000000e+07,1.574914000000000000e+07,1.574914100000000000e+07,1.574914200000000000e+07,-2.147483648000000000e+09,-2.147483648000000000e+09
-2.147483648000000000e+09,-2.147483648000000000e+09,-2.147483648000000000e+09,1.575627900000000000e+07,1.575628000000000000e+07,-2.147483648000000000e+09,-2.147483648000000000e+09,-2.147483648000000000e+09,-2.147483648000000000e+09,-2.147483648000000000e+09,-2.147483648000000000e+09,-2.147483648000000000e+09,-2.147483648000000000e+09,1.575628900000000000e+07,1.575629000000000000e+07,1.575629100000000000e+07,1.575629200000000000e+07,1.575629300000000000e+07,1.575629400000000000e+07,1.575629500000000000e+07,1.575629600000000000e+07,1.575629700000000000e+07,1.575629800000000000e+07,1.575629900000000000e+07,1.575630000000000000e+07,1.575630100000000000e+07,1.575630200000000000e+07,1.575630300000000000e+07,1.575630400000000000e+07,1.575630500000000000e+07,1.575630600000000000e+07,1.575630700000000000e+07,1.575630800000000000e+07,1.575630900000000000e+07,1.575631000000000000e+07,1.575631100000000000e+07,1.575631200000000000e+07,1.575631300000000000e+07,1.575631400000000000e+07,1.575631500000000000e+07,1.575631600000000000e+07,1.575631700000000000e+07,1.575631800000000000e+07,1.575631900000000000e+07,1.575632000000000000e+07,1.575632100000000000e+07,1.575632200000000000e+07,1.575632300000000000e+07,1.575632400000000000e+07,1.575632500000000000e+07,1.575632600000000000e+07,1.575632700000000000e+07,1.575632800000000000e+07,1.575632900000000000e+07,1.575633000000000000e+07,1.575633100000000000e+07,1.575633200000000000e+07,1.575633300000000000e+07,1.575633400000000000e+07,1.575633500000000000e+07,1.575633600000000000e+07,1.575633700000000000e+07,1.575633800000000000e+07,1.575633900000000000e+07,1.575634000000000000e+07,1.575634100000000000e+07,-2.147483648000000000e+09,-2.147483648000000000e+09,-2.147483648000000000e+09
-2.147483648000000000e+09,-2.147483648000000000e+09,-2.147483648000000000e+09,-2.147483648000000000e+09,-2.147483648000000000e+09,-2.147483648000000000e+09,-2.147483648000000000e+09,-2.147483648000000000e+09,-2.147483648000000000e+09,-2.147483648000000000e+09,-2.147483648000000000e+09,1.576348700000000000e+07,1.576348800000000000e+07,1.576348900000000000e+07,1.576349000000000000e+07,1.576349100000000000e+07,1.576349200000000000e+07,1.576349300000000000e+07,1.576349400000000000e+07,1.576349500000000000e+07,1.576349600000000000e+07,1.576349700000000000e+07,1.576349800000000000e+07,1.576349900000000000e+07,1.576350000000000000e+07,1.576350100000000000e+07,1.576350200000000000e+07,1.576350300000000000e+07,1.576350400000000000e+07,1.576350500000000000e+07,1.576350600000000000e+07,1.576350700000000000e+07,1.576350800000000000e+07,1.576350900000000000e+07,1.576351000000000000e+07,1.576351100000000000e+07,1.576351200000000000e+07,1.576351300000000000e+07,1.576351400000000000e+07,1.576351500000000000e+07,1.576351600000000000e+07,1.576351700000000000e+07,1.576351800000000000e+07,1.576351900000000000e+07,1.576352000000000000e+07,1.576352100000000000e+07,1.576352200000000000e+07,1.576352300000000000e+07,1.576352400000000000e+07,1.576352500000000000e+07,1.576352600000000000e+07,1.576352700000000000e+07,1.576352800000000000e+07,1.576352900000000000e+07,1.576353000000000000e+07,1.576353100000000000e+07,1.576353200000000000e+07,1.576353300000000000e+07,1.576353400000000000e+07,1.576353500000000000e+07,1.576353600000000000e+07,1.576353700000000000e+07,1.576353800000000000e+07,1.576353900000000000e+07,1.576354000000000000e+07,1.576354100000000000e+07,-2.147483648000000000e+09,-2.147483648000000000e+09,-2.147483648000000000e+09
-2.147483648000000000e+09,-2.147483648000000000e+09,-2.147483648000000000e+09,-2.147483648000000000e+09,-2.147483648000000000e+09,-2.147483648000000000e+09,1.577068200000000000e+07,1.577068300000000000e+07,1.577068400000000000e+07,1.577068500000000000e+07,1.577068600000000000e+07,1.577068700000000000e+07,1.577068800000000000e+07,1.577068900000000000e+07,1.577069000000000000e+07,1.577069100000000000e+07,1.577069200000000000e+07,1.577069300000000000e+07,1.577069400000000000e+07,1.577069500000000000e+07,1.577069600000000000e+07,1.577069700000000000e+07,1.577069800000000000e+07,1.577069900000000000e+07,1.577070000000000000e+07,1.577070100000000000e+07,1.577070200000000000e+07,1.577070300000000000e+07,1.577070400000000000e+07,1.577070500000000000e+07,1.577070600000000000e+07,1.577070700000000000e+07,1.577070800000000000e+07,1.577070900000000000e+07,1.577071000000000000e+07,1.577071100000000000e+07,1.577071200000000000e+07,1.577071300000000000e+07,1.577071400000000000e+07,1.577071500000000000e+07,1.577071600000000000e+07,1.577071700000000000e+07,1.577071800000000000e+07,1.577071900000000000e+07,1.577072000000000000e+07,1.577072100000000000e+07,1.577072200000000000e+07,1.577072300000000000e+07,1.577072400000000000e+07,1.577072500000000000e+07,1.577072600000000000e+07,1.577072700000000000e+07,1.577072800000000000e+07,1.577072900000000000e+07,1.577073000000000000e+07,1.577073100000000000e+07,1.577073200000000000e+07,1.577073300000000000e+07,1.577073400000000000e+07,1.577073500000000000e+07,1.577073600000000000e+07,1.577073700000000000e+07,1.577073800000000000e+07,1.577073900000000000e+07,1.577074000000000000e+07,-2.147483648000000000e+09,-2.147483648000000000e+09,-2.147483648000000000e+09,-2.147483648000000000e+09
-2.147483648000000000e+09,-2.147483648000000000e+09,-2.147483648000000000e+09,-2.147483648000000000e+09,-2.147483648000000000e+09,1.577788100000000000e+07,1.577788200000000000e+07,1.577788300000000000e+07,1.577788400000000000e+07,1.577788500000000000e+07,1.577788600000000000e+07,1.577788700000000000e+07,1.577788800000000000e+07,1.577788900000000000e+07,1.577789000000000000e+07,1.577789100000000000e+07,1.577789200000000000e+07,1.577789300000000000e+07,1.577789400000000000e+07,1.577789500000000000e+07,1.577789600000000000e+07,1.577789700000000000e+07,1.577789800000000000e+07,1.577789900000000000e+07,1.577790000000000000e+07,1.577790100000000000e+07,1.577790200000000000e+07,1.577790300000000000e+07,1.577790400000000000e+07,1.577790500000000000e+07,1.577790600000000000e+07,1.577790700000000000e+07,1.577790800000000000e+07,1.577790900000000000e+07,1.577791000000000000e+07,1.577791100000000000e+07,1.577791200000000000e+07,1.577791300000000000e+07,1.577791400000000000e+07,1.577791500000000000e+07,1.577791600000000000e+07,1.577791700000000000e+07,1.577791800000000000e+07,1.577791900000000000e+07,1.577792000000000000e+07,1.577792100000000000e+07,1.577792200000000000e+07,1.577792300000000000e+07,1.577792400000000000e+07,1.577792500000000000e+07,1.577792600000000000e+07,1.577792700000000000e+07,1.577792800000000000e+07,1.577792900000000000e+07,1.577793000000000000e+07,1.577793100000000000e+07,1.577793200000000000e+07,1.577793300000000000e+07,1.577793400000000000e+07,1.577793500000000000e+07,1.577793600000000000e+07,1.577793700000000000e+07,1.577793800000000000e+07,1.577793900000000000e+07,-2.147483648000000000e+09,-2.147483648000000000e+09,-2.147483648000000000e+09,-2.147483648000000000e+09,-2.147483648000000000e+09
-2.147483648000000000e+09,-2.147483648000000000e+09,-2.147483648000000000e+09,-2.147483648000000000e+09,1.578508000000000000e+07,1.578508100000000000e+07,1.578508200000000000e+07,1.578508300000000000e+07,1.578508400000000000e+07,1.578508500000000000e+07,1.578508600000000000e+07,1.578508700000000000e+07,1.578508800000000000e+07,1.578508900000000000e+07,1.578509000000000000e+07,1.578509100000000000e+07,1.578509200000000000e+07,1.578509300000000000e+07,1.578509400000000000e+07,1.578509500000000000e+07,1.578509600000000000e+07,1.578509700000000000e+07,1.578509800000000000e+07,1.578509900000000000e+07,1.578510000000000000e+07,1.578510100000000000e+07,1.578510200000000000e+07,1.578510300000000000e+07,1.578510400000000000e+07,1.578510500000000000e+07,1.578510600000000000e+07,1.578510700000000000e+07,1.578510800000000000e+07,1.578510900000000000e+07,1.578511000000000000e+07,1.578511100000000000e+07,1.578511200000000000e+07,1.578511300000000000e+07,1.578511400000000000e+07,1.578511500000000000e+07,1.578511600000000000e+07,1.578511700000000000e+07,1.578511800000000000e+07,1.578511900000000000e+07,1.578512000000000000e+07,1.578512100000000000e+07,1.578512200000000000e+07,1.578512300000000000e+07,1.578512400000000000e+07,1.578512500000000000e+07,1.578512600000000000e+07,1.578512700000000000e+07,1.578512800000000000e+07,1.578512900000000000e+07,1.578513000000000000e+07,1.578513100000000000e+07,1.578513200000000000e+07,1.578513300000000000e+07,1.578513400000000000e+07,1.578513500000000000e+07,1.578513600000000000e+07,1.578513700000000000e+07,1.578513800000000000e+07,-2.147483648000000000e+09,-2.147483648000000000e+09,-2.147483648000000000e+09,-2.147483648000000000e+09,-2.147483648000000000e+09,-2.147483648000000000e+09
-2.147483648000000000e+09,-2.147483648000000000e+09,-2.147483648000000000e+09,-2.147483648000000000e+09,1.579228000000000000e+07,1.579228100000000000e+07,1.579228200000000000e+07,1.579228300000000000e+07,1.579228400000000000e+07,1.579228500000000000e+07,1.579228600000000000e+07,1.579228700000000000e+07,1.579228800000000000e+07,1.579228900000000000e+07,1.579229000000000000e+07,1.579229100000000000e+07,1.579229200000000000e+07,1.579229300000000000e+07,1.579229400000000000e+07,1.579229500000000000e+07,1.579229600000000000e+07,1.579229700000000000e+07,1.579229800000000000e+07,1.579229900000000000e+07,1.579230000000000000e+07,1.579230100000000000e+07,1.579230200000000000e+07,1.579230300000000000e+07,1.579230400000000000e+07,1.579230500000000000e+07,1.579230600000000000e+07,1.579230700000000000e+07,1.579230800000000000e+07,1.579230900000000000e+07,1.579231000000000000e+07,1.579231100000000000e+07,1.579231200000000000e+07,1.579231300000000000e+07,1.579231400000000000e+07,1.579231500000000000e+07,1.579231600000000000e+07,1.579231700000000000e+07,1.579231800000000000e+07,1.579231900000000000e+07,1.579232000000000000e+07,1.579232100000000000e+07,1.579232200000000000e+07,1.579232300000000000e+07,1.579232400000000000e+07,1.579232500000000000e+07,1.579232600000000000e+07,1.579232700000000000e+07,1.579232800000000000e+07,1.579232900000000000e+07,1.579233000000000000e+07,1.579233100000000000e+07,1.579233200000000000e+07,1.579233300000000000e+07,1.579233400000000000e+07,1.579233500000000000e+07,1.579233600000000000e+07,1.579233700000000000e+07,-2.147483648000000000e+09,-2.147483648000000000e+09,-2.147483648000000000e+09,-2.147483648000000000e+09,-2.147483648000000000e+09,-2.147483648000000000e+09,-2.147483648000000000e+09
-2.147483648000000000e+09,-2.147483648000000000e+09,-2.147483648000000000e+09,1.579947900000000000e+07,1.579948000000000000e+07,1.579948100000000000e+07,1.579948200000000000e+07,1.579948300000000000e+07,1.579948400000000000e+07,1.579948500000000000e+07,1.579948600000000000e+07,1.579948700000000000e+07,1.579948800000000000e+07,1.579948900000000000e+07,1.579949000000000000e+07,1.579949100000000000e+07,1.579949200000000000e+07,1.579949300000000000e+07,1.579949400000000000e+07,1.579949500000000000e+07,1.579949600000000000e+07,1.579949700000000000e+07,1.579949800000000000e+07,1.579949900000000000e+07,1.579950000000000000e+07,1.579950100000000000e+07,1.579950200000000000e+07,1.579950300000000000e+07,1.579950400000000000e+07,1.579950500000000000e+07,1.579950600000000000e+07,1.579950700000000000e+07,1.579950800000000000e+07,1.579950900000000000e+07,1.579951000000000000e+07,1.579951100000000000e+07,1.579951200000000000e+07,1.579951300000000000e+07,1.579951400000000000e+07,1.579951500000000000e+07,1.579951600000000000e+07,1.579951700000000000e+07,1.579951800000000000e+07,1.579951900000000000e+07,1.579952000000000000e+07,1.579952100000000000e+07,1.579952200000000000e+07,1.579952300000000000e+07,1.579952400000000000e+07,1.579952500000000000e+07,1.579952600000000000e+07,1.579952700000000000e+07,1.579952800000000000e+07,1.579952900000000000e+07,1.579953000000000000e+07,1.579953100000000000e+07,1.579953200000000000e+07,1.579953300000000000e+07,1.579953400000000000e+07,1.579953500000000000e+07,1.579953600000000000e+07,-2.147483648000000000e+09,-2.147483648000000000e+09,-2.147483648000000000e+09,-2.147483648000000000e+09,-2.147483648000000000e+09,-2.147483648000000000e+09,-2.147483648000000000e+09,-2.147483648000000000e+09
-2.147483648000000000e+09,-2.147483648000000000e+09,-2.147483648000000000e+09,1.580667900000000000e+07,1.580668000000000000e+07,1.580668100000000000e+07,1.580668200000000000e+07,1.580668300000000000e+07,1.580668400000000000e+07,1.580668500000000000e+07,1.580668600000000000e+07,1.580668700000000000e+07,1.580668800000000000e+07,1.580668900000000000e+07,1.580669000000000000e+07,1.580669100000000000e+07,1.580669200000000000e+07,1.580669300000000000e+07,1.580669400000000000e+07,1.580669500000000000e+07,1.580669600000000000e+07,1.580669700000000000e+07,1.580669800000000000e+07,1.580669900000000000e+07,1.580670000000000000e+07,1.580670100000000000e+07,1.580670200000000000e+07,1.580670300000000000e+07,1.580670400000000000e+07,1.580670500000000000e+07,1.580670600000000000e+07,1.580670700000000000e+07,1.580670800000000000e+07,1.580670900000000000e+07,1.580671000000000000e+07,1.580671100000000000e+07,1.580671200000000000e+07,1.580671300000000000e+07,1.580671400000000000e+07,1.580671500000000000e+07,1.580671600000000000e+07,1.580671700000000000e+07,1.580671800000000000e+07,1.580671900000000000e+07,1.580672000000000000e+07,1.580672100000000000e+07,1.580672200000000000e+07,1.580672300000000000e+07,1.580672400000000000e+07,1.580672500000000000e+07,1.580672600000000000e+07,1.580672700000000000e+07,1.580672800000000000e+07,1.580672900000000000e+07,1.580673000000000000e+07,1.580673100000000000e+07,1.580673200000000000e+07,1.580673300000000000e+07,1.580673400000000000e+07,1.580673500000000000e+07,1.580673600000000000e+07,-2.147483648000000000e+09,-2.147483648000000000e+09,-2.147483648000000000e+09,-2.147483648000000000e+09,-2.147483648000000000e+09,-2.147483648000000000e+09,-2.147483648000000000e+09,-2.147483648000000000e+09
-2.147483648000000000e+09,-2.147483648000000000e+09,-2.147483648000000000e+09,1.581387900000000000e+07,1.581388000000000000e+07,1.581388100000000000e+07,1.581388200000000000e+07,1.581388300000000000e+07,1.581388400000000000e+07,1.581388500000000000e+07,1.581388600000000000e+07,1.581388700000000000e+07,1.581388800000000000e+07,1.581388900000000000e+07,1.581389000000000000e+07,1.581389100000000000e+07,1.581389200000000000e+07,1.581389300000000000e+07,1.581389400000000000e+07,1.581389500000000000e+07,1.581389600000000000e+07,1.581389700000000000e+07,1.581389800000000000e+07,1.581389900000000000e+07,1.581390000000000000e+07,1.581390100000000000e+07,1.581390200000000000e+07,1.581390300000000000e+07,1.581390400000000000e+07,1.581390500000000000e+07,1.581390600000000000e+07,1.581390700000000000e+07,1.581390800000000000e+07,1.581390900000000000e+07,1.581391000000000000e+07,1.581391100000000000e+07,1.581391200000000000e+07,1.581391300000000000e+07,1.581391400000000000e+07,1.581391500000000000e+07,1.581391600000000000e+07,1.581391700000000000e+07,1.581391800000000000e+07,1.581391900000000000e+07,1.581392000000000000e+07,1.581392100000000000e+07,1.581392200000000000e+07,1.581392300000000000e+07,1.581392400000000000e+07,1.581392500000000000e+07,1.581392600000000000e+07,1.581392700000000000e+07,1.581392800000000000e+07,1.581392900000000000e+07,1.581393000000000000e+07,1.581393100000000000e+07,1.581393200000000000e+07,1.581393300000000000e+07,1.581393400000000000e+07,1.581393500000000000e+07,-2.147483648000000000e+09,-2.147483648000000000e+09,-2.147483648000000000e+09,-2.147483648000000000e+09,-2.147483648000000000e+09,-2.147483648000000000e+09,-2.147483648000000000e+09,-2.147483648000000000e+09,-2.147483648000000000e+09
-2.147483648000000000e+09,-2.147483648000000000e+09,1.582107800000000000e+07,1.582107900000000000e+07,1.582108000000000000e+07,1.582108100000000000e+07,1.582108200000000000e+07,1.582108300000000000e+07,1.582108400000000000e+07,1.582108500000000000e+07,1.582108600000000000e+07,1.582108700000000000e+07,1.582108800000000000e+07,1.582108900000000000e+07,1.582109000000000000e+07,1.582109100000000000e+07,1.582109200000000000e+07,1.582109300000000000e+07,1.582109400000000000e+07,1.582109500000000000e+07,1.582109600000000000e+07,1.582109700000000000e+07,1.582109800000000000e+07,1.582109900000000000e+07,1.582110000000000000e+07,1.582110100000000000e+07,1.582110200000000000e+07,1.582110300000000000e+07,1.582110400000000000e+07,1.582110500000000000e+07,1.582110600000000000e+07,1.582110700000000000e+07,1.582110800000000000e+07,1.582110900000000000e+07,1.582111000000000000e+07,1.582111100000000000e+07,1.582111200000000000e+07,1.582111300000000000e+07,1.582111400000000000e+07,1.582111500000000000e+07,1.582111600000000000e+07,1.582111700000000000e+07,1.582111800000000000e+07,1.582111900000000000e+07,1.582112000000000000e+07,1.582112100000000000e+07,1.582112200000000000e+07,1.582112300000000000e+07,1.582112400000000000e+07,1.582112500000000000e+07,1.582112600000000000e+07,1.582112700000000000e+07,1.582112800000000000e+07,1.582112900000000000e+07,1.582113000000000000e+07,1.582113100000000000e+07,1.582113200000000000e+07,1.582113300000000000e+07,1.582113400000000000e+07,-2.147483648000000000e+09,-2.147483648000000000e+09,-2.147483648000000000e+09,-2.147483648000000000e+09,-2.147483648000000000e+09,-2.147483648000000000e+09,-2.147483648000000000e+09,-2.147483648000000000e+09,-2.147483648000000000e+09,-2.147483648000000000e+09
-2.147483648000000000e+09,1.582827700000000000e+07,1.582827800000000000e+07,1.582827900000000000e+07,1.582828000000000000e+07,1.582828100000000000e+07,1.582828200000000000e+07,1.582828300000000000e+07,1.582828400000000000e+07,1.582828500000000000e+07,1.582828600000000000e+07,1.582828700000000000e+07,1.582828800000000000e+07,1.582828900000000000e+07,1.582829000000000000e+07,1.582829100000000000e+07,1.582829200000000000e+07,1.582829300000000000e+07,1.582829400000000000e+07,1.582829500000000000e+07,1.582829600000000000e+07,1.582829700000000000e+07,1.582829800000000000e+07,1.582829900000000000e+07,1.582830000000000000e+07,1.582830100000000000e+07,1.582830200000000000e+07,1.582830300000000000e+07,1.582830400000000000e+07,1.582830500000000000e+07,1.582830600000000000e+07,1.582830700000000000e+07,1.582830800000000000e+07,1.582830900000000000e+07,1.582831000000000000e+07,1.582831100000000000e+07,1.582831200000000000e+07,1.582831300000000000e+07,1.582831400000000000e+07,1.582831500000000000e+07,1.582831600000000000e+07,1.582831700000000000e+07,1.582831800000000000e+07,1.582831900000000000e+07,1.582832000000000000e+07,1.582832100000000000e+07,1.582832200000000000e+07,1.582832300000000000e+07,1.582832400000000000e+07,1.582832500000000000e+07,1.582832600000000000e+07,1.582832700000000000e+07,1.582832800000000000e+07,1.582832900000000000e+07,1.582833000000000000e+07,1.582833100000000000e+07,1.582833200000000000e+07,1.582833300000000000e+07,-2.147483648000000000e+09,-2.147483648000000000e+09,-2.147483648000000000e+09,-2.147483648000000000e+09,-2.147483648000000000e+09,-2.147483648000000000e+09,-2.147483648000000000e+09,-2.147483648000000000e+09,-2.147483648000000000e+09,-2.147483648000000000e+09,-2.147483648000000000e+09
1.583547600000000000e+07,1.583547700000000000e+07,1.583547800000000000e+07,1.583547900000000000e+07,1.583548000000000000e+07,1.583548100000000000e+07,1.583548200000000000e+07,1.583548300000000000e+07,1.583548400000000000e+07,1.583548500000000000e+07,1.583548600000000000e+07,1.583548700000000000e+07,1.583548800000000000e+07,1.583548900000000000e+07,1.583549000000000000e+07,1.583549100000000000e+07,1.583549200000000000e+07,1.583549300000000000e+07,1.583549400000000000e+07,1.583549500000000000e+07,1.583549600000000000e+07,1.583549700000000000e+07,1.583549800000000000e+07,1.583549900000000000e+07,1.583550000000000000e+07,1.583550100000000000e+07,1.583550200000000000e+07,1.583550300000000000e+07,1.583550400000000000e+07,1.583550500000000000e+07,1.583550600000000000e+07,1.583550700000000000e+07,1.583550800000000000e+07,1.583550900000000000e+07,1.583551000000000000e+07,1.583551100000000000e+07,1.583551200000000000e+07,1.583551300000000000e+07,1.583551400000000000e+07,1.583551500000000000e+07,1.583551600000000000e+07,1.583551700000000000e+07,1.583551800000000000e+07,1.583551900000000000e+07,1.583552000000000000e+07,1.583552100000000000e+07,1.583552200000000000e+07,1.583552300000000000e+07,1.583552400000000000e+07,1.583552500000000000e+07,1.583552600000000000e+07,1.583552700000000000e+07,1.583552800000000000e+07,1.583552900000000000e+07,1.583553000000000000e+07,1.583553100000000000e+07,1.583553200000000000e+07,-2.147483648000000000e+09,-2.147483648000000000e+09,-2.147483648000000000e+09,-2.147483648000000000e+09,-2.147483648000000000e+09,-2.147483648000000000e+09,-2.147483648000000000e+09,-2.147483648000000000e+09,-2.147483648000000000e+09,-2.147483648000000000e+09,-2.147483648000000000e+09,-2.147483648000000000e+09
-2.147483648000000000e+09,-2.147483648000000000e+09,1.584267800000000000e+07,1.584267900000000000e+07,1.584268000000000000e+07,1.584268100000000000e+07,1.584268200000000000e+07,1.584268300000000000e+07,1.584268400000000000e+07,1.584268500000000000e+07,1.584268600000000000e+07,1.584268700000000000e+07,1.584268800000000000e+07,1.584268900000000000e+07,1.584269000000000000e+07,1.584269100000000000e+07,1.584269200000000000e+07,1.584269300000000000e+07,1.584269400000000000e+07,1.584269500000000000e+07,1.584269600000000000e+07,1.584269700000000000e+07,1.584269800000000000e+07,1.584269900000000000e+07,1.584270000000000000e+07,1.584270100000000000e+07,1.584270200000000000e+07,1.584270300000000000e+07,1.584270400000000000e+07,1.584270500000000000e+07,1.584270600000000000e+07,1.584270700000000000e+07,1.584270800000000000e+07,1.584270900000000000e+07,1.584271000000000000e+07,1.584271100000000000e+07,1.584271200000000000e+07,1.584271300000000000e+07,1.584271400000000000e+07,1.584271500000000000e+07,1.584271600000000000e+07,1.584271700000000000e+07,1.584271800000000000e+07,1.584271900000000000e+07,1.584272000000000000e+07,1.584272100000000000e+07,1.584272200000000000e+07,1.584272300000000000e+07,1.584272400000000000e+07,1.584272500000000000e+07,1.584272600000000000e+07,1.584272700000000000e+07,1.584272800000000000e+07,1.584272900000000000e+07,1.584273000000000000e+07,1.584273100000000000e+07,1.584273200000000000e+07,-2.147483648000000000e+09,-2.147483648000000000e+09,-2.147483648000000000e+09,-2.147483648000000000e+09,-2.147483648000000000e+09,-2.147483648000000000e+09,-2.147483648000000000e+09,-2.147483648000000000e+09,-2.147483648000000000e+09,-2.147483648000000000e+09,-2.147483648000000000e+09,-2.147483648000000000e+09
-2.147483648000000000e+09,-2.147483648000000000e+09,1.584987800000000000e+07,1.584987900000000000e+07,1.584988000000000000e+07,1.584988100000000000e+07,1.584988200000000000e+07,1.584988300000000000e+07,1.584988400000000000e+07,1.584988500000000000e+07,1.584988600000000000e+07,1.584988700000000000e+07,1.584988800000000000e+07,1.584988900000000000e+07,1.584989000000000000e+07,1.584989100000000000e+07,1.584989200000000000e+07,1.584989300000000000e+07,1.584989400000000000e+07,1.584989500000000000e+07,1.584989600000000000e+07,1.584989700000000000e+07,1.584989800000000000e+07,1.584989900000000000e+07,1.584990000000000000e+07,1.584990100000000000e+07,1.584990200000000000e+07,1.584990300000000000e+07,1.584990400000000000e+07,1.584990500000000000e+07,1.584990600000000000e+07,1.584990700000000000e+07,1.584990800000000000e+07,1.584990900000000000e+07,1.584991000000000000e+07,1.584991100000000000e+07,1.584991200000000000e+07,1.584991300000000000e+07,1.584991400000000000e+07,1.584991500000000000e+07,1.584991600000000000e+07,1.584991700000000000e+07,1.584991800000000000e+07,1.584991900000000000e+07,1.584992000000000000e+07,1.584992100000000000e+07,1.584992200000000000e+07,1.584992300000000000e+07,1.584992400000000000e+07,1.584992500000000000e+07,1.584992600000000000e+07,1.584992700000000000e+07,1.584992800000000000e+07,1.584992900000000000e+07,1.584993000000000000e+07,1.584993100000000000e+07,-2.147483648000000000e+09,-2.147483648000000000e+09,-2.147483648000000000e+09,-2.147483648000000000e+09,-2.147483648000000000e+09,-2.147483648000000000e+09,-2.147483648000000000e+09,-2.147483648000000000e+09,-2.147483648000000000e+09,-2.147483648000000000e+09,-2.147483648000000000e+09,-2.147483648000000000e+09,-2.147483648000000000e+09
-2.147483648000000000e+09,1.585707700000000000e+07,1.585707800000000000e+07,1.585707900000000000e+07,1.585708000000000000e+07,1.585708100000000000e+07,1.585708200000000000e+07,1.585708300000000000e+07,1.585708400000000000e+07,1.585708500000000000e+07,1.585708600000000000e+07,1.585708700000000000e+07,1.585708800000000000e+07,1.585708900000000000e+07,1.585709000000000000e+07,1.585709100000000000e+07,1.585709200000000000e+07,1.585709300000000000e+07,1.585709400000000000e+07,1.585709500000000000e+07,1.585709600000000000e+07,1.585709700000000000e+07,1.585709800000000000e+07,1.585709900000000000e+07,1.585710000000000000e+07,1.585710100000000000e+07,1.585710200000000000e+07,1.585710300000000000e+07,1.585710400000000000e+07,1.585710500000000000e+07,1.585710600000000000e+07,1.585710700000000000e+07,1.585710800000000000e+07,1.585710900000000000e+07,1.585711000000000000e+07,1.585711100000000000e+07,1.585711200000000000e+07,1.585711300000000000e+07,1.585711400000000000e+07,1.585711500000000000e+07,1.585711600000000000e+07,1.585711700000000000e+07,1.585711800000000000e+07,1.585711900000000000e+07,1.585712000000000000e+07,1.585712100000000000e+07,1.585712200000000000e+07,1.585712300000000000e+07,1.585712400000000000e+07,1.585712500000000000e+07,1.585712600000000000e+07,1.585712700000000000e+07,1.585712800000000000e+07,1.585712900000000000e+07,1.585713000000000000e+07,-2.147483648000000000e+09,-2.147483648000000000e+09,-2.147483648000000000e+09,-2.147483648000000000e+09,-2.147483648000000000e+09,-2.147483648000000000e+09,-2.147483648000000000e+09,-2.147483648000000000e+09,-2.147483648000000000e+09,-2.147483648000000000e+09,-2.147483648000000000e+09,-2.147483648000000000e+09,-2.147483648000000000e+09,-2.147483648000000000e+09
-2.147483648000000000e+09,-2.147483648000000000e+09,1.586427800000000000e+07,1.586427900000000000e+07,1.586428000000000000e+07,1.586428100000000000e+07,1.586428200000000000e+07,1.586428300000000000e+07,1.586428400000000000e+07,1.586428500000000000e+07,1.586428600000000000e+07,1.586428700000000000e+07,1.586428800000000000e+07,1.586428900000000000e+07,1.586429000000000000e+07,1.586429100000000000e+07,1.586429200000000000e+07,1.586429300000000000e+07,1.586429400000000000e+07,1.586429500000000000e+07,1.586429600000000000e+07,1.586429700000000000e+07,1.586429800000000000e+07,1.586429900000000000e+07,1.586430000000000000e+07,1.586430100000000000e+07,1.586430200000000000e+07,1.586430300000000000e+07,1.586430400000000000e+07,1.586430500000000000e+07,1.586430600000000000e+07,1.586430700000000000e+07,1.586430800000000000e+07,1.586430900000000000e+07,1.586431000000000000e+07,1.586431100000000000e+07,1.586431200000000000e+07,1.586431300000000000e+07,1.586431400000000000e+07,1.586431500000000000e+07,1.586431600000000000e+07,1.586431700000000000e+07,1.586431800000000000e+07,1.586431900000000000e+07,1.586432000000000000e+07,1.586432100000000000e+07,1.586432200000000000e+07,1.586432300000000000e+07,1.586432400000000000e+07,1.586432500000000000e+07,1.586432600000000000e+07,1.586432700000000000e+07,1.586432800000000000e+07,1.586432900000000000e+07,-2.147483648000000000e+09,-2.147483648000000000e+09,-2.147483648000000000e+09,-2.147483648000000000e+09,-2.147483648000000000e+09,-2.147483648000000000e+09,-2.147483648000000000e+09,-2.147483648000000000e+09,-2.147483648000000000e+09,-2.147483648000000000e+09,-2.147483648000000000e+09,-2.147483648000000000e+09,-2.147483648000000000e+09,-2.147483648000000000e+09,-2.147483648000000000e+09
-2.147483648000000000e+09,-2.147483648000000000e+09,-2.147483648000000000e+09,1.587147900000000000e+07,1.587148000000000000e+07,1.587148100000000000e+07,1.587148200000000000e+07,1.587148300000000000e+07,1.587148400000000000e+07,1.587148500000000000e+07,-2.147483648000000000e+09,1.587148700000000000e+07,1.587148800000000000e+07,1.587148900000000000e+07,1.587149000000000000e+07,1.587149100000000000e+07,1.587149200000000000e+07,1.587149300000000000e+07,1.587149400000000000e+07,1.587149500000000000e+07,1.587149600000000000e+07,1.587149700000000000e+07,1.587149800000000000e+07,1.587149900000000000e+07,1.587150000000000000e+07,1.587150100000000000e+07,1.587150200000000000e+07,1.587150300000000000e+07,1.587150400000000000e+07,1.587150500000000000e+07,1.587150600000000000e+07,1.587150700000000000e+07,1.587150800000000000e+07,1.587150900000000000e+07,1.587151000000000000e+07,1.587151100000000000e+07,1.587151200000000000e+07,1.587151300000000000e+07,1.587151400000000000e+07,1.587151500000000000e+07,1.587151600000000000e+07,1.587151700000000000e+07,1.587151800000000000e+07,1.587151900000000000e+07,1.587152000000000000e+07,1.587152100000000000e+07,1.587152200000000000e+07,1.587152300000000000e+07,1.587152400000000000e+07,1.587152500000000000e+07,1.587152600000000000e+07,1.587152700000000000e+07,1.587152800000000000e+07,-2.147483648000000000e+09,-2.147483648000000000e+09,-2.147483648000000000e+09,-2.147483648000000000e+09,-2.147483648000000000e+09,-2.147483648000000000e+09,-2.147483648000000000e+09,-2.147483648000000000e+09,-2.147483648000000000e+09,-2.147483648000000000e+09,-2.147483648000000000e+09,-2.147483648000000000e+09,-2.147483648000000000e+09,-2.147483648000000000e+09,-2.147483648000000000e+09,-2.147483648000000000e+09
-2.147483648000000000e+09,-2.147483648000000000e+09,-2.147483648000000000e+09,-2.147483648000000000e+09,-2.147483648000000000e+09,-2.147483648000000000e+09,-2.147483648000000000e+09,-2.147483648000000000e+09,-2.147483648000000000e+09,-2.147483648000000000e+09,1.587868600000000000e+07,1.587868700000000000e+07,1.587868800000000000e+07,1.587868900000000000e+07,1.587869000000000000e+07,1.587869100000000000e+07,1.587869200000000000e+07,1.587869300000000000e+07,1.587869400000000000e+07,1.587869500000000000e+07,1.587869600000000000e+07,1.587869700000000000e+07,1.587869800000000000e+07,1.587869900000000000e+07,1.587870000000000000e+07,1.587870100000000000e+07,1.587870200000000000e+07,1.587870300000000000e+07,1.587870400000000000e+07,1.587870500000000000e+07,1.587870600000000000e+07,1.587870700000000000e+07,1.587870800000000000e+07,1.587870900000000000e+07,1.587871000000000000e+07,1.587871100000000000e+07,1.587871200000000000e+07,1.587871300000000000e+07,1.587871400000000000e+07,1.587871500000000000e+07,1.587871600000000000e+07,1.587871700000000000e+07,1.587871800000000000e+07,1.587871900000000000e+07,1.587872000000000000e+07,1.587872100000000000e+07,1.587872200000000000e+07,1.587872300000000000e+07,1.587872400000000000e+07,1.587872500000000000e+07,1.587872600000000000e+07,1.587872700000000000e+07,1.587872800000000000e+07,-2.147483648000000000e+09,-2.147483648000000000e+09,-2.147483648000000000e+09,-2.147483648000000000e+09,-2.147483648000000000e+09,-2.147483648000000000e+09,-2.147483648000000000e+09,-2.147483648000000000e+09,-2.147483648000000000e+09,-2.147483648000000000e+09,-2.147483648000000000e+09,-2.147483648000000000e+09,-2.147483648000000000e+09,-2.147483648000000000e+09,-2.147483648000000000e+09,-2.147483648000000000e+09
-2.147483648000000000e+09,-2.147483648000000000e+09,-2.147483648000000000e+09,-2.147483648000000000e+09,-2.147483648000000000e+09,-2.147483648000000000e+09,-2.147483648000000000e+09,-2.147483648000000000e+09,-2.147483648000000000e+09,1.588588500000000000e+07,1.588588600000000000e+07,1.588588700000000000e+07,1.588588800000000000e+07,1.588588900000000000e+07,1.588589000000000000e+07,1.588589100000000000e+07,1.588589200000000000e+07,1.588589300000000000e+07,1.588589400000000000e+07,1.588589500000000000e+07,1.588589600000000000e+07,1.588589700000000000e+07,1.588589800000000000e+07,1.588589900000000000e+07,1.588590000000000000e+07,1.588590100000000000e+07,1.588590200000000000e+07,1.588590300000000000e+07,1.588590400000000000e+07,1.588590500000000000e+07,1.588590600000000000e+07,1.588590700000000000e+07,1.588590800000000000e+07,1.588590900000000000e+07,1.588591000000000000e+07,1.588591100000000000e+07,1.588591200000000000e+07,1.588591300000000000e+07,1.588591400000000000e+07,1.588591500000000000e+07,1.588591600000000000e+07,1.588591700000000000e+07,1.588591800000000000e+07,1.588591900000000000e+07,1.588592000000000000e+07,1.588592100000000000e+07,1.588592200000000000e+07,1.588592300000000000e+07,1.588592400000000000e+07,1.588592500000000000e+07,1.588592600000000000e+07,1.588592700000000000e+07,-2.147483648000000000e+09,-2.147483648000000000e+09,-2.147483648000000000e+09,-2.147483648000000000e+09,-2.147483648000000000e+09,-2.147483648000000000e+09,-2.147483648000000000e+09,-2.147483648000000000e+09,-2.147483648000000000e+09,-2.147483648000000000e+09,-2.147483648000000000e+09,-2.147483648000000000e+09,-2.147483648000000000e+09,-2.147483648000000000e+09,-2.147483648000000000e+09,-2.147483648000000000e+09,-2.147483648000000000e+09
