-2.147483648000000000e+09,-2.147483648000000000e+09,-2.147483648000000000e+09,-2.147483648000000000e+09,-2.147483648000000000e+09,-2.147483648000000000e+09,-2.147483648000000000e+09,-2.147483648000000000e+09,-2.147483648000000000e+09,-2.147483648000000000e+09,-2.147483648000000000e+09,-2.147483648000000000e+09,-2.147483648000000000e+09,-2.147483648000000000e+09,-2.147483648000000000e+09,1.039430100000000000e+07,1.039430200000000000e+07,1.039430300000000000e+07,1.039430400000000000e+07,1.039430500000000000e+07,-2.147483648000000000e+09,-2.147483648000000000e+09,1.039430800000000000e+07,1.039430900000000000e+07,-2.147483648000000000e+09,-2.147483648000000000e+09,-2.147483648000000000e+09,-2.147483648000000000e+09,-2.147483648000000000e+09,-2.147483648000000000e+09,-2.147483648000000000e+09,-2.147483648000000000e+09
-2.147483648000000000e+09,-2.147483648000000000e+09,-2.147483648000000000e+09,-2.147483648000000000e+09,-2.147483648000000000e+09,-2.147483648000000000e+09,-2.147483648000000000e+09,-2.147483648000000000e+09,-2.147483648000000000e+09,-2.147483648000000000e+09,-2.147483648000000000e+09,-2.147483648000000000e+09,-2.147483648000000000e+09,1.040149900000000000e+07,1.040150000000000000e+07,1.040150100000000000e+07,1.040150200000000000e+07,1.040150300000000000e+07,1.040150400000000000e+07,1.040150500000000000e+07,1.040150600000000000e+07,1.040150700000000000e+07,1.040150800000000000e+07,-2.147483648000000000e+09,-2.147483648000000000e+09,-2.147483648000000000e+09,-2.147483648000000000e+09,-2.147483648000000000e+09,-2.147483648000000000e+09,-2.147483648000000000e+09,-2.147483648000000000e+09,-2.147483648000000000e+09
-2.147483648000000000e+09,-2.147483648000000000e+09,-2.147483648000000000e+09,-2.147483648000000000e+09,-2.147483648000000000e+09,-2.147483648000000000e+09,-2.147483648000000000e+09,-2.147483648000000000e+09,-2.147483648000000000e+09,-2.147483648000000000e+09,-2.147483648000000000e+09,1.040869700000000000e+07,1.040869800000000000e+07,1.040869900000000000e+07,1.040870000000000000e+07,1.040870100000000000e+07,1.040870200000000000e+07,1.040870300000000000e+07,1.040870400000000000e+07,1.040870500000000000e+07,1.040870600000000000e+07,1.040870700000000000e+07,-2.147483648000000000e+09,-2.147483648000000000e+09,-2.147483648000000000e+09,-2.147483648000000000e+09,-2.147483648000000000e+09,-2.147483648000000000e+09,-2.147483648000000000e+09,-2.147483648000000000e+09,-2.147483648000000000e+09,-2.147483648000000000e+09
-2.147483648000000000e+09,-2.147483648000000000e+09,-2.147483648000000000e+09,-2.147483648000000000e+09,-2.147483648000000000e+09,-2.147483648000000000e+09,-2.147483648000000000e+09,-2.147483648000000000e+09,-2.147483648000000000e+09,-2.147483648000000000e+09,1.041589600000000000e+07,1.041589700000000000e+07,1.041589800000000000e+07,1.041589900000000000e+07,1.041590000000000000e+07,1.041590100000000000e+07,1.041590200000000000e+07,1.041590300000000000e+07,1.041590400000000000e+07,1.041590500000000000e+07,1.041590600000000000e+07,1.041590700000000000e+07,1.041590800000000000e+07,-2.147483648000000000e+09,-2.147483648000000000e+09,-2.147483648000000000e+09,-2.147483648000000000e+09,-2.147483648000000000e+09,-2.147483648000000000e+09,-2.147483648000000000e+09,-2.147483648000000000e+09,-2.147483648000000000e+09
-2.147483648000000000e+09,-2.147483648000000000e+09,-2.147483648000000000e+09,-2.147483648000000000e+09,-2.147483648000000000e+09,-2.147483648000000000e+09,-2.147483648000000000e+09,-2.147483648000000000e+09,-2.147483648000000000e+09,1.042309500000000000e+07,1.042309600000000000e+07,1.042309700000000000e+07,1.042309800000000000e+07,1.042309900000000000e+07,1.042310000000000000e+07,1.042310100000000000e+07,1.042310200000000000e+07,1.042310300000000000e+07,1.042310400000000000e+07,1.042310500000000000e+07,1.042310600000000000e+07,-2.147483648000000000e+09,-2.147483648000000000e+09,-2.147483648000000000e+09,-2.147483648000000000e+09,-2.147483648000000000e+09,-2.147483648000000000e+09,-2.147483648000000000e+09,-2.147483648000000000e+09,-2.147483648000000000e+09,-2.147483648000000000e+09,-2.147483648000000000e+09
-2.147483648000000000e+09,-2.147483648000000000e+09,-2.147483648000000000e+09,-2.147483648000000000e+09,-2.147483648000000000e+09,-2.147483648000000000e+09,-2.147483648000000000e+09,-2.147483648000000000e+09,-2.147483648000000000e+09,1.043029500000000000e+07,1.043029600000000000e+07,1.043029700000000000e+07,1.043029800000000000e+07,1.043029900000000000e+07,1.043030000000000000e+07,1.043030100000000000e+07,1.043030200000000000e+07,1.043030300000000000e+07,1.043030400000000000e+07,1.043030500000000000e+07,1.043030600000000000e+07,1.043030700000000000e+07,-2.147483648000000000e+09,-2.147483648000000000e+09,-2.147483648000000000e+09,-2.147483648000000000e+09,-2.147483648000000000e+09,-2.147483648000000000e+09,-2.147483648000000000e+09,-2.147483648000000000e+09,-2.147483648000000000e+09,-2.147483648000000000e+09
-2.147483648000000000e+09,-2.147483648000000000e+09,-2.147483648000000000e+09,-2.147483648000000000e+09,-2.147483648000000000e+09,-2.147483648000000000e+09,-2.147483648000000000e+09,-2.147483648000000000e+09,1.043749400000000000e+07,1.043749500000000000e+07,1.043749600000000000e+07,1.043749700000000000e+07,1.043749800000000000e+07,1.043749900000000000e+07,1.043750000000000000e+07,1.043750100000000000e+07,1.043750200000000000e+07,1.043750300000000000e+07,1.043750400000000000e+07,1.043750500000000000e+07,1.043750600000000000e+07,1.043750700000000000e+07,-2.147483648000000000e+09,-2.147483648000000000e+09,-2.147483648000000000e+09,-2.147483648000000000e+09,-2.147483648000000000e+09,-2.147483648000000000e+09,-2.147483648000000000e+09,-2.147483648000000000e+09,-2.147483648000000000e+09,-2.147483648000000000e+09
-2.147483648000000000e+09,-2.147483648000000000e+09,-2.147483648000000000e+09,-2.147483648000000000e+09,-2.147483648000000000e+09,-2.147483648000000000e+09,1.044469200000000000e+07,1.044469300000000000e+07,1.044469400000000000e+07,1.044469500000000000e+07,1.044469600000000000e+07,1.044469700000000000e+07,1.044469800000000000e+07,1.044469900000000000e+07,1.044470000000000000e+07,1.044470100000000000e+07,1.044470200000000000e+07,1.044470300000000000e+07,1.044470400000000000e+07,1.044470500000000000e+07,1.044470600000000000e+07,1.044470700000000000e+07,-2.147483648000000000e+09,-2.147483648000000000e+09,-2.147483648000000000e+09,-2.147483648000000000e+09,-2.147483648000000000e+09,-2.147483648000000000e+09,-2.147483648000000000e+09,-2.147483648000000000e+09,-2.147483648000000000e+09,-2.147483648000000000e+09
-2.147483648000000000e+09,-2.147483648000000000e+09,-2.147483648000000000e+09,-2.147483648000000000e+09,-2.147483648000000000e+09,-2.147483648000000000e+09,1.045189200000000000e+07,1.045189300000000000e+07,1.045189400000000000e+07,1.045189500000000000e+07,1.045189600000000000e+07,1.045189700000000000e+07,1.045189800000000000e+07,1.045189900000000000e+07,1.045190000000000000e+07,1.045190100000000000e+07,1.045190200000000000e+07,1.045190300000000000e+07,1.045190400000000000e+07,1.045190500000000000e+07,1.045190600000000000e+07,-2.147483648000000000e+09,-2.147483648000000000e+09,-2.147483648000000000e+09,-2.147483648000000000e+09,-2.147483648000000000e+09,-2.147483648000000000e+09,-2.147483648000000000e+09,-2.147483648000000000e+09,-2.147483648000000000e+09,-2.147483648000000000e+09,-2.147483648000000000e+09
-2.147483648000000000e+09,-2.147483648000000000e+09,-2.147483648000000000e+09,-2.147483648000000000e+09,-2.147483648000000000e+09,1.045909100000000000e+07,-2.147483648000000000e+09,1.045909300000000000e+07,1.045909400000000000e+07,1.045909500000000000e+07,1.045909600000000000e+07,1.045909700000000000e+07,1.045909800000000000e+07,1.045909900000000000e+07,1.045910000000000000e+07,1.045910100000000000e+07,1.045910200000000000e+07,1.045910300000000000e+07,1.045910400000000000e+07,1.045910500000000000e+07,-2.147483648000000000e+09,-2.147483648000000000e+09,-2.147483648000000000e+09,-2.147483648000000000e+09,-2.147483648000000000e+09,-2.147483648000000000e+09,-2.147483648000000000e+09,-2.147483648000000000e+09,-2.147483648000000000e+09,-2.147483648000000000e+09,-2.147483648000000000e+09,-2.147483648000000000e+09
-2.147483648000000000e+09,-2.147483648000000000e+09,-2.147483648000000000e+09,-2.147483648000000000e+09,-2.147483648000000000e+09,-2.147483648000000000e+09,1.046629200000000000e+07,1.046629300000000000e+07,1.046629400000000000e+07,1.046629500000000000e+07,1.046629600000000000e+07,1.046629700000000000e+07,1.046629800000000000e+07,1.046629900000000000e+07,1.046630000000000000e+07,1.046630100000000000e+07,1.046630200000000000e+07,1.046630300000000000e+07,1.046630400000000000e+07,1.046630500000000000e+07,-2.147483648000000000e+09,-2.147483648000000000e+09,-2.147483648000000000e+09,-2.147483648000000000e+09,-2.147483648000000000e+09,-2.147483648000000000e+09,-2.147483648000000000e+09,-2.147483648000000000e+09,-2.147483648000000000e+09,-2.147483648000000000e+09,-2.147483648000000000e+09,-2.147483648000000000e+09
-2.147483648000000000e+09,-2.147483648000000000e+09,-2.147483648000000000e+09,-2.147483648000000000e+09,-2.147483648000000000e+09,-2.147483648000000000e+09,-2.147483648000000000e+09,1.047349300000000000e+07,1.047349400000000000e+07,1.047349500000000000e+07,1.047349600000000000e+07,1.047349700000000000e+07,1.047349800000000000e+07,1.047349900000000000e+07,1.047350000000000000e+07,1.047350100000000000e+07,1.047350200000000000e+07,-2.147483648000000000e+09,-2.147483648000000000e+09,-2.147483648000000000e+09,-2.147483648000000000e+09,-2.147483648000000000e+09,-2.147483648000000000e+09,-2.147483648000000000e+09,-2.147483648000000000e+09,-2.147483648000000000e+09,-2.147483648000000000e+09,-2.147483648000000000e+09,-2.147483648000000000e+09,-2.147483648000000000e+09,-2.147483648000000000e+09,-2.147483648000000000e+09
-2.147483648000000000e+09,-2.147483648000000000e+09,-2.147483648000000000e+09,-2.147483648000000000e+09,1.048069000000000000e+07,-2.147483648000000000e+09,1.048069200000000000e+07,1.048069300000000000e+07,1.048069400000000000e+07,1.048069500000000000e+07,1.048069600000000000e+07,1.048069700000000000e+07,1.048069800000000000e+07,1.048069900000000000e+07,1.048070000000000000e+07,1.048070100000000000e+07,1.048070200000000000e+07,-2.147483648000000000e+09,-2.147483648000000000e+09,-2.147483648000000000e+09,-2.147483648000000000e+09,-2.147483648000000000e+09,-2.147483648000000000e+09,-2.147483648000000000e+09,-2.147483648000000000e+09,-2.147483648000000000e+09,-2.147483648000000000e+09,-2.147483648000000000e+09,-2.147483648000000000e+09,-2.147483648000000000e+09,-2.147483648000000000e+09,-2.147483648000000000e+09
-2.147483648000000000e+09,-2.147483648000000000e+09,-2.147483648000000000e+09,-2.147483648000000000e+09,-2.147483648000000000e+09,-2.147483648000000000e+09,1.048789200000000000e+07,1.048789300000000000e+07,1.048789400000000000e+07,1.048789500000000000e+07,1.048789600000000000e+07,1.048789700000000000e+07,1.048789800000000000e+07,1.048789900000000000e+07,1.048790000000000000e+07,1.048790100000000000e+07,1.048790200000000000e+07,-2.147483648000000000e+09,-2.147483648000000000e+09,-2.147483648000000000e+09,-2.147483648000000000e+09,-2.147483648000000000e+09,-2.147483648000000000e+09,-2.147483648000000000e+09,-2.147483648000000000e+09,-2.147483648000000000e+09,-2.147483648000000000e+09,-2.147483648000000000e+09,-2.147483648000000000e+09,-2.147483648000000000e+09,-2.147483648000000000e+09,-2.147483648000000000e+09
-2.147483648000000000e+09,-2.147483648000000000e+09,-2.147483648000000000e+09,-2.147483648000000000e+09,-2.147483648000000000e+09,1.049509100000000000e+07,1.049509200000000000e+07,1.049509300000000000e+07,1.049509400000000000e+07,1.049509500000000000e+07,1.049509600000000000e+07,1.049509700000000000e+07,1.049509800000000000e+07,1.049509900000000000e+07,1.049510000000000000e+07,1.049510100000000000e+07,1.049510200000000000e+07,-2.147483648000000000e+09,-2.147483648000000000e+09,-2.147483648000000000e+09,-2.147483648000000000e+09,-2.147483648000000000e+09,-2.147483648000000000e+09,-2.147483648000000000e+09,-2.147483648000000000e+09,-2.147483648000000000e+09,-2.147483648000000000e+09,-2.147483648000000000e+09,-2.147483648000000000e+09,-2.147483648000000000e+09,-2.147483648000000000e+09,-2.147483648000000000e+09
-2.147483648000000000e+09,-2.147483648000000000e+09,-2.147483648000000000e+09,-2.147483648000000000e+09,-2.147483648000000000e+09,1.050229100000000000e+07,1.050229200000000000e+07,1.050229300000000000e+07,1.050229400000000000e+07,1.050229500000000000e+07,1.050229600000000000e+07,1.050229700000000000e+07,1.050229800000000000e+07,1.050229900000000000e+07,1.050230000000000000e+07,1.050230100000000000e+07,-2.147483648000000000e+09,-2.147483648000000000e+09,-2.147483648000000000e+09,-2.147483648000000000e+09,-2.147483648000000000e+09,-2.147483648000000000e+09,-2.147483648000000000e+09,-2.147483648000000000e+09,-2.147483648000000000e+09,-2.147483648000000000e+09,-2.147483648000000000e+09,-2.147483648000000000e+09,-2.147483648000000000e+09,-2.147483648000000000e+09,-2.147483648000000000e+09,-2.147483648000000000e+09
-2.147483648000000000e+09,-2.147483648000000000e+09,-2.147483648000000000e+09,-2.147483648000000000e+09,-2.147483648000000000e+09,1.050949100000000000e+07,1.050949200000000000e+07,1.050949300000000000e+07,1.050949400000000000e+07,1.050949500000000000e+07,1.050949600000000000e+07,1.050949700000000000e+07,1.050949800000000000e+07,1.050949900000000000e+07,1.050950000000000000e+07,1.050950100000000000e+07,1.050950200000000000e+07,1.050950300000000000e+07,1.050950400000000000e+07,-2.147483648000000000e+09,-2.147483648000000000e+09,-2.147483648000000000e+09,-2.147483648000000000e+09,-2.147483648000000000e+09,-2.147483648000000000e+09,-2.147483648000000000e+09,-2.147483648000000000e+09,-2.147483648000000000e+09,-2.147483648000000000e+09,-2.147483648000000000e+09,-2.147483648000000000e+09,-2.147483648000000000e+09
-2.147483648000000000e+09,-2.147483648000000000e+09,-2.147483648000000000e+09,-2.147483648000000000e+09,1.051669000000000000e+07,1.051669100000000000e+07,1.051669200000000000e+07,1.051669300000000000e+07,1.051669400000000000e+07,1.051669500000000000e+07,1.051669600000000000e+07,1.051669700000000000e+07,1.051669800000000000e+07,1.051669900000000000e+07,1.051670000000000000e+07,1.051670100000000000e+07,1.051670200000000000e+07,1.051670300000000000e+07,1.051670400000000000e+07,1.051670500000000000e+07,1.051670600000000000e+07,-2.147483648000000000e+09,-2.147483648000000000e+09,-2.147483648000000000e+09,-2.147483648000000000e+09,-2.147483648000000000e+09,-2.147483648000000000e+09,-2.147483648000000000e+09,-2.147483648000000000e+09,-2.147483648000000000e+09,-2.147483648000000000e+09,-2.147483648000000000e+09
-2.147483648000000000e+09,-2.147483648000000000e+09,-2.147483648000000000e+09,-2.147483648000000000e+09,1.052389000000000000e+07,1.052389100000000000e+07,1.052389200000000000e+07,1.052389300000000000e+07,1.052389400000000000e+07,1.052389500000000000e+07,1.052389600000000000e+07,1.052389700000000000e+07,1.052389800000000000e+07,1.052389900000000000e+07,1.052390000000000000e+07,1.052390100000000000e+07,1.052390200000000000e+07,1.052390300000000000e+07,1.052390400000000000e+07,1.052390500000000000e+07,-2.147483648000000000e+09,-2.147483648000000000e+09,-2.147483648000000000e+09,-2.147483648000000000e+09,-2.147483648000000000e+09,-2.147483648000000000e+09,-2.147483648000000000e+09,-2.147483648000000000e+09,-2.147483648000000000e+09,-2.147483648000000000e+09,-2.147483648000000000e+09,-2.147483648000000000e+09
-2.147483648000000000e+09,-2.147483648000000000e+09,-2.147483648000000000e+09,1.053108900000000000e+07,-2.147483648000000000e+09,1.053109100000000000e+07,1.053109200000000000e+07,1.053109300000000000e+07,1.053109400000000000e+07,1.053109500000000000e+07,1.053109600000000000e+07,1.053109700000000000e+07,1.053109800000000000e+07,1.053109900000000000e+07,1.053110000000000000e+07,1.053110100000000000e+07,1.053110200000000000e+07,1.053110300000000000e+07,1.053110400000000000e+07,1.053110500000000000e+07,-2.147483648000000000e+09,-2.147483648000000000e+09,-2.147483648000000000e+09,-2.147483648000000000e+09,-2.147483648000000000e+09,-2.147483648000000000e+09,-2.147483648000000000e+09,-2.147483648000000000e+09,-2.147483648000000000e+09,-2.147483648000000000e+09,-2.147483648000000000e+09,-2.147483648000000000e+09
-2.147483648000000000e+09,-2.147483648000000000e+09,-2.147483648000000000e+09,1.053828900000000000e+07,1.053829000000000000e+07,1.053829100000000000e+07,1.053829200000000000e+07,1.053829300000000000e+07,1.053829400000000000e+07,1.053829500000000000e+07,1.053829600000000000e+07,1.053829700000000000e+07,1.053829800000000000e+07,1.053829900000000000e+07,1.053830000000000000e+07,1.053830100000000000e+07,1.053830200000000000e+07,1.053830300000000000e+07,1.053830400000000000e+07,-2.147483648000000000e+09,-2.147483648000000000e+09,-2.147483648000000000e+09,-2.147483648000000000e+09,-2.147483648000000000e+09,-2.147483648000000000e+09,-2.147483648000000000e+09,-2.147483648000000000e+09,-2.147483648000000000e+09,-2.147483648000000000e+09,-2.147483648000000000e+09,-2.147483648000000000e+09,-2.147483648000000000e+09
-2.147483648000000000e+09,-2.147483648000000000e+09,1.054548800000000000e+07,1.054548900000000000e+07,1.054549000000000000e+07,1.054549100000000000e+07,1.054549200000000000e+07,1.054549300000000000e+07,1.054549400000000000e+07,1.054549500000000000e+07,1.054549600000000000e+07,1.054549700000000000e+07,1.054549800000000000e+07,1.054549900000000000e+07,1.054550000000000000e+07,1.054550100000000000e+07,1.054550200000000000e+07,1.054550300000000000e+07,-2.147483648000000000e+09,-2.147483648000000000e+09,1.054550600000000000e+07,1.054550700000000000e+07,-2.147483648000000000e+09,-2.147483648000000000e+09,-2.147483648000000000e+09,-2.147483648000000000e+09,-2.147483648000000000e+09,1.054551300000000000e+07,1.054551400000000000e+07,-2.147483648000000000e+09,1.054551500000000000e+07,1.054551600000000000e+07
-2.147483648000000000e+09,-2.147483648000000000e+09,1.055268800000000000e+07,1.055268900000000000e+07,1.055269000000000000e+07,1.055269100000000000e+07,1.055269200000000000e+07,1.055269300000000000e+07,1.055269400000000000e+07,1.055269500000000000e+07,1.055269600000000000e+07,1.055269700000000000e+07,1.055269800000000000e+07,1.055269900000000000e+07,1.055270000000000000e+07,1.055270100000000000e+07,1.055270200000000000e+07,-2.147483648000000000e+09,1.055270400000000000e+07,1.055270500000000000e+07,1.055270600000000000e+07,1.055270700000000000e+07,1.055270800000000000e+07,-2.147483648000000000e+09,1.055271000000000000e+07,1.055271100000000000e+07,1.055271200000000000e+07,1.055271300000000000e+07,1.055271400000000000e+07,1.055271500000000000e+07,1.055271500000000000e+07,1.055271600000000000e+07
-2.147483648000000000e+09,-2.147483648000000000e+09,-2.147483648000000000e+09,-2.147483648000000000e+09,1.055989000000000000e+07,1.055989100000000000e+07,1.055989200000000000e+07,1.055989300000000000e+07,1.055989400000000000e+07,1.055989500000000000e+07,1.055989600000000000e+07,1.055989700000000000e+07,1.055989800000000000e+07,1.055989900000000000e+07,1.055990000000000000e+07,1.055990100000000000e+07,1.055990200000000000e+07,1.055990300000000000e+07,1.055990400000000000e+07,1.055990500000000000e+07,1.055990600000000000e+07,1.055990700000000000e+07,1.055990800000000000e+07,1.055990900000000000e+07,1.055991000000000000e+07,1.055991100000000000e+07,1.055991200000000000e+07,1.055991300000000000e+07,1.055991400000000000e+07,1.055991500000000000e+07,1.055991500000000000e+07,-2.147483648000000000e+09
-2.147483648000000000e+09,-2.147483648000000000e+09,-2.147483648000000000e+09,1.056708900000000000e+07,1.056709000000000000e+07,1.056709100000000000e+07,1.056709200000000000e+07,1.056709300000000000e+07,1.056709400000000000e+07,1.056709500000000000e+07,1.056709600000000000e+07,1.056709700000000000e+07,1.056709800000000000e+07,1.056709900000000000e+07,1.056710000000000000e+07,1.056710100000000000e+07,1.056710200000000000e+07,1.056710300000000000e+07,1.056710400000000000e+07,1.056710500000000000e+07,1.056710600000000000e+07,1.056710700000000000e+07,1.056710800000000000e+07,1.056710900000000000e+07,1.056711000000000000e+07,1.056711100000000000e+07,1.056711200000000000e+07,1.056711300000000000e+07,1.056711400000000000e+07,1.056711500000000000e+07,1.056711500000000000e+07,-2.147483648000000000e+09
-2.147483648000000000e+09,1.057428700000000000e+07,1.057428800000000000e+07,1.057428900000000000e+07,1.057429000000000000e+07,1.057429100000000000e+07,1.057429200000000000e+07,1.057429300000000000e+07,1.057429400000000000e+07,1.057429500000000000e+07,1.057429600000000000e+07,1.057429700000000000e+07,1.057429800000000000e+07,1.057429900000000000e+07,1.057430000000000000e+07,1.057430100000000000e+07,1.057430200000000000e+07,1.057430300000000000e+07,1.057430400000000000e+07,1.057430500000000000e+07,1.057430600000000000e+07,1.057430700000000000e+07,1.057430800000000000e+07,1.057430900000000000e+07,1.057431000000000000e+07,1.057431100000000000e+07,1.057431200000000000e+07,1.057431300000000000e+07,1.057431400000000000e+07,1.057431500000000000e+07,1.057431500000000000e+07,-2.147483648000000000e+09
1.058148600000000000e+07,1.058148700000000000e+07,1.058148800000000000e+07,1.058148900000000000e+07,1.058149000000000000e+07,1.058149100000000000e+07,1.058149200000000000e+07,1.058149300000000000e+07,1.058149400000000000e+07,1.058149500000000000e+07,1.058149600000000000e+07,1.058149700000000000e+07,1.058149800000000000e+07,1.058149900000000000e+07,1.058150000000000000e+07,1.058150100000000000e+07,1.058150200000000000e+07,1.058150300000000000e+07,1.058150400000000000e+07,1.058150500000000000e+07,1.058150600000000000e+07,1.058150700000000000e+07,1.058150800000000000e+07,1.058150900000000000e+07,1.058151000000000000e+07,1.058151100000000000e+07,1.058151200000000000e+07,1.058151300000000000e+07,1.058151400000000000e+07,1.058151500000000000e+07,1.058151500000000000e+07,-2.147483648000000000e+09
-2.147483648000000000e+09,-2.147483648000000000e+09,1.058868800000000000e+07,1.058868900000000000e+07,1.058869000000000000e+07,1.058869100000000000e+07,1.058869200000000000e+07,1.058869300000000000e+07,1.058869400000000000e+07,1.058869500000000000e+07,1.058869600000000000e+07,1.058869700000000000e+07,1.058869800000000000e+07,1.058869900000000000e+07,1.058870000000000000e+07,1.058870100000000000e+07,1.058870200000000000e+07,1.058870300000000000e+07,1.058870400000000000e+07,1.058870500000000000e+07,1.058870600000000000e+07,1.058870700000000000e+07,1.058870800000000000e+07,1.058870900000000000e+07,1.058871000000000000e+07,1.058871100000000000e+07,1.058871200000000000e+07,1.058871300000000000e+07,1.058871400000000000e+07,1.058871500000000000e+07,1.058871500000000000e+07,-2.147483648000000000e+09
-2.147483648000000000e+09,-2.147483648000000000e+09,1.059588800000000000e+07,1.059588900000000000e+07,1.059589000000000000e+07,1.059589100000000000e+07,1.059589200000000000e+07,1.059589300000000000e+07,1.059589400000000000e+07,1.059589500000000000e+07,1.059589600000000000e+07,1.059589700000000000e+07,1.059589800000000000e+07,1.059589900000000000e+07,1.059590000000000000e+07,1.059590100000000000e+07,1.059590200000000000e+07,1.059590300000000000e+07,1.059590400000000000e+07,1.059590500000000000e+07,1.059590600000000000e+07,1.059590700000000000e+07,1.059590800000000000e+07,1.059590900000000000e+07,1.059591000000000000e+07,1.059591100000000000e+07,1.059591200000000000e+07,1.059591300000000000e+07,1.059591400000000000e+07,1.059591500000000000e+07,-2.147483648000000000e+09,-2.147483648000000000e+09
-2.147483648000000000e+09,-2.147483648000000000e+09,1.060308800000000000e+07,1.060308900000000000e+07,1.060309000000000000e+07,1.060309100000000000e+07,1.060309200000000000e+07,1.060309300000000000e+07,1.060309400000000000e+07,1.060309500000000000e+07,1.060309600000000000e+07,1.060309700000000000e+07,1.060309800000000000e+07,1.060309900000000000e+07,1.060310000000000000e+07,1.060310100000000000e+07,1.060310200000000000e+07,1.060310300000000000e+07,1.060310400000000000e+07,1.060310500000000000e+07,1.060310600000000000e+07,1.060310700000000000e+07,1.060310800000000000e+07,1.060310900000000000e+07,1.060311000000000000e+07,1.060311100000000000e+07,1.060311200000000000e+07,1.060311300000000000e+07,1.060311400000000000e+07,1.060311500000000000e+07,-2.147483648000000000e+09,-2.147483648000000000e+09
-2.147483648000000000e+09,-2.147483648000000000e+09,-2.147483648000000000e+09,-2.147483648000000000e+09,1.061029000000000000e+07,1.061029100000000000e+07,1.061029200000000000e+07,1.061029300000000000e+07,1.061029400000000000e+07,1.061029500000000000e+07,1.061029600000000000e+07,1.061029700000000000e+07,1.061029800000000000e+07,1.061029900000000000e+07,1.061030000000000000e+07,1.061030100000000000e+07,1.061030200000000000e+07,1.061030300000000000e+07,1.061030400000000000e+07,1.061030500000000000e+07,1.061030600000000000e+07,1.061030700000000000e+07,1.061030800000000000e+07,1.061030900000000000e+07,1.061031000000000000e+07,1.061031100000000000e+07,1.061031200000000000e+07,1.061031300000000000e+07,1.061031400000000000e+07,-2.147483648000000000e+09,-2.147483648000000000e+09,-2.147483648000000000e+09
-2.147483648000000000e+09,-2.147483648000000000e+09,-2.147483648000000000e+09,-2.147483648000000000e+09,1.061749000000000000e+07,1.061749100000000000e+07,1.061749200000000000e+07,1.061749300000000000e+07,1.061749400000000000e+07,1.061749500000000000e+07,1.061749600000000000e+07,1.061749700000000000e+07,1.061749800000000000e+07,1.061749900000000000e+07,1.061750000000000000e+07,1.061750100000000000e+07,1.061750200000000000e+07,1.061750300000000000e+07,1.061750400000000000e+07,1.061750500000000000e+07,1.061750600000000000e+07,1.061750700000000000e+07,1.061750800000000000e+07,1.061750900000000000e+07,1.061751000000000000e+07,1.061751100000000000e+07,1.061751200000000000e+07,1.061751300000000000e+07,-2.147483648000000000e+09,-2.147483648000000000e+09,-2.147483648000000000e+09,-2.147483648000000000e+09
-2.147483648000000000e+09,-2.147483648000000000e+09,-2.147483648000000000e+09,-2.147483648000000000e+09,-2.147483648000000000e+09,-2.147483648000000000e+09,1.062469200000000000e+07,1.062469300000000000e+07,1.062469400000000000e+07,1.062469500000000000e+07,1.062469600000000000e+07,1.062469700000000000e+07,1.062469800000000000e+07,1.062469900000000000e+07,1.062470000000000000e+07,1.062470100000000000e+07,1.062470200000000000e+07,1.062470300000000000e+07,1.062470400000000000e+07,1.062470500000000000e+07,1.062470600000000000e+07,1.062470700000000000e+07,1.062470800000000000e+07,1.062470900000000000e+07,1.062471000000000000e+07,1.062471100000000000e+07,1.062471200000000000e+07,1.062471300000000000e+07,-2.147483648000000000e+09,-2.147483648000000000e+09,-2.147483648000000000e+09,-2.147483648000000000e+09
-2.147483648000000000e+09,-2.147483648000000000e+09,-2.147483648000000000e+09,-2.147483648000000000e+09,-2.147483648000000000e+09,1.063189100000000000e+07,1.063189200000000000e+07,1.063189300000000000e+07,1.063189400000000000e+07,1.063189500000000000e+07,-2.147483648000000000e+09,1.063189700000000000e+07,1.063189800000000000e+07,1.063189900000000000e+07,1.063190000000000000e+07,1.063190100000000000e+07,1.063190200000000000e+07,1.063190300000000000e+07,1.063190400000000000e+07,1.063190500000000000e+07,1.063190600000000000e+07,1.063190700000000000e+07,1.063190800000000000e+07,1.063190900000000000e+07,1.063191000000000000e+07,1.063191100000000000e+07,1.063191200000000000e+07,1.063191300000000000e+07,-2.147483648000000000e+09,-2.147483648000000000e+09,-2.147483648000000000e+09,-2.147483648000000000e+09
-2.147483648000000000e+09,-2.147483648000000000e+09,-2.147483648000000000e+09,-2.147483648000000000e+09,-2.147483648000000000e+09,-2.147483648000000000e+09,-2.147483648000000000e+09,-2.147483648000000000e+09,-2.147483648000000000e+09,-2.147483648000000000e+09,1.063909600000000000e+07,1.063909700000000000e+07,1.063909800000000000e+07,1.063909900000000000e+07,1.063910000000000000e+07,1.063910100000000000e+07,1.063910200000000000e+07,1.063910300000000000e+07,1.063910400000000000e+07,1.063910500000000000e+07,1.063910600000000000e+07,1.063910700000000000e+07,1.063910800000000000e+07,1.063910900000000000e+07,1.063911000000000000e+07,1.063911100000000000e+07,1.063911200000000000e+07,1.063911300000000000e+07,-2.147483648000000000e+09,-2.147483648000000000e+09,-2.147483648000000000e+09,-2.147483648000000000e+09
-2.147483648000000000e+09,-2.147483648000000000e+09,-2.147483648000000000e+09,-2.147483648000000000e+09,-2.147483648000000000e+09,-2.147483648000000000e+09,-2.147483648000000000e+09,-2.147483648000000000e+09,-2.147483648000000000e+09,-2.147483648000000000e+09,1.064629600000000000e+07,1.064629700000000000e+07,1.064629800000000000e+07,1.064629900000000000e+07,1.064630000000000000e+07,1.064630100000000000e+07,1.064630200000000000e+07,1.064630300000000000e+07,1.064630400000000000e+07,1.064630500000000000e+07,1.064630600000000000e+07,1.064630700000000000e+07,1.064630800000000000e+07,1.064630900000000000e+07,1.064631000000000000e+07,1.064631100000000000e+07,1.064631200000000000e+07,-2.147483648000000000e+09,-2.147483648000000000e+09,-2.147483648000000000e+09,-2.147483648000000000e+09,-2.147483648000000000e+09
-2.147483648000000000e+09,-2.147483648000000000e+09,-2.147483648000000000e+09,-2.147483648000000000e+09,-2.147483648000000000e+09,-2.147483648000000000e+09,-2.147483648000000000e+09,-2.147483648000000000e+09,-2.147483648000000000e+09,1.065349500000000000e+07,1.065349600000000000e+07,1.065349700000000000e+07,1.065349800000000000e+07,1.065349900000000000e+07,1.065350000000000000e+07,1.065350100000000000e+07,1.065350200000000000e+07,1.065350300000000000e+07,1.065350400000000000e+07,1.065350500000000000e+07,1.065350600000000000e+07,1.065350700000000000e+07,1.065350800000000000e+07,1.065350900000000000e+07,1.065351000000000000e+07,1.065351100000000000e+07,1.065351200000000000e+07,-2.147483648000000000e+09,-2.147483648000000000e+09,-2.147483648000000000e+09,-2.147483648000000000e+09,-2.147483648000000000e+09
-2.147483648000000000e+09,-2.147483648000000000e+09,-2.147483648000000000e+09,-2.147483648000000000e+09,-2.147483648000000000e+09,-2.147483648000000000e+09,-2.147483648000000000e+09,-2.147483648000000000e+09,1.066069400000000000e+07,1.066069500000000000e+07,1.066069600000000000e+07,1.066069700000000000e+07,1.066069800000000000e+07,1.066069900000000000e+07,1.066070000000000000e+07,1.066070100000000000e+07,1.066070200000000000e+07,1.066070300000000000e+07,1.066070400000000000e+07,1.066070500000000000e+07,1.066070600000000000e+07,1.066070700000000000e+07,1.066070800000000000e+07,1.066070900000000000e+07,1.066071000000000000e+07,1.066071100000000000e+07,-2.147483648000000000e+09,-2.147483648000000000e+09,-2.147483648000000000e+09,-2.147483648000000000e+09,-2.147483648000000000e+09,-2.147483648000000000e+09
-2.147483648000000000e+09,-2.147483648000000000e+09,-2.147483648000000000e+09,-2.147483648000000000e+09,-2.147483648000000000e+09,-2.147483648000000000e+09,-2.147483648000000000e+09,-2.147483648000000000e+09,-2.147483648000000000e+09,-2.147483648000000000e+09,-2.147483648000000000e+09,1.066789700000000000e+07,1.066789800000000000e+07,1.066789900000000000e+07,1.066790000000000000e+07,1.066790100000000000e+07,1.066790200000000000e+07,1.066790300000000000e+07,1.066790400000000000e+07,1.066790500000000000e+07,1.066790600000000000e+07,1.066790700000000000e+07,1.066790800000000000e+07,1.066790900000000000e+07,1.066791000000000000e+07,1.066791100000000000e+07,1.066791200000000000e+07,-2.147483648000000000e+09,-2.147483648000000000e+09,-2.147483648000000000e+09,-2.147483648000000000e+09,-2.147483648000000000e+09
-2.147483648000000000e+09,-2.147483648000000000e+09,-2.147483648000000000e+09,-2.147483648000000000e+09,-2.147483648000000000e+09,-2.147483648000000000e+09,-2.147483648000000000e+09,-2.147483648000000000e+09,-2.147483648000000000e+09,-2.147483648000000000e+09,1.067509600000000000e+07,1.067509700000000000e+07,1.067509800000000000e+07,1.067509900000000000e+07,1.067510000000000000e+07,1.067510100000000000e+07,1.067510200000000000e+07,1.067510300000000000e+07,1.067510400000000000e+07,1.067510500000000000e+07,1.067510600000000000e+07,1.067510700000000000e+07,1.067510800000000000e+07,1.067510900000000000e+07,1.067511000000000000e+07,1.067511100000000000e+07,-2.147483648000000000e+09,-2.147483648000000000e+09,-2.147483648000000000e+09,-2.147483648000000000e+09,-2.147483648000000000e+09,-2.147483648000000000e+09
-2.147483648000000000e+09,-2.147483648000000000e+09,-2.147483648000000000e+09,-2.147483648000000000e+09,-2.147483648000000000e+09,-2.147483648000000000e+09,-2.147483648000000000e+09,-2.147483648000000000e+09,-2.147483648000000000e+09,-2.147483648000000000e+09,-2.147483648000000000e+09,1.068229700000000000e+07,1.068229800000000000e+07,1.068229900000000000e+07,1.068230000000000000e+07,1.068230100000000000e+07,1.068230200000000000e+07,1.068230300000000000e+07,1.068230400000000000e+07,1.068230500000000000e+07,1.068230600000000000e+07,1.068230700000000000e+07,1.068230800000000000e+07,1.068230900000000000e+07,1.068231000000000000e+07,1.068231100000000000e+07,-2.147483648000000000e+09,-2.147483648000000000e+09,-2.147483648000000000e+09,-2.147483648000000000e+09,-2.147483648000000000e+09,-2.147483648000000000e+09
-2.147483648000000000e+09,-2.147483648000000000e+09,-2.147483648000000000e+09,-2.147483648000000000e+09,-2.147483648000000000e+09,-2.147483648000000000e+09,-2.147483648000000000e+09,-2.147483648000000000e+09,-2.147483648000000000e+09,1.068949500000000000e+07,1.068949600000000000e+07,1.068949700000000000e+07,1.068949800000000000e+07,1.068949900000000000e+07,1.068950000000000000e+07,1.068950100000000000e+07,1.068950200000000000e+07,1.068950300000000000e+07,1.068950400000000000e+07,1.068950500000000000e+07,1.068950600000000000e+07,1.068950700000000000e+07,1.068950800000000000e+07,1.068950900000000000e+07,1.068951000000000000e+07,1.068951100000000000e+07,-2.147483648000000000e+09,-2.147483648000000000e+09,-2.147483648000000000e+09,-2.147483648000000000e+09,-2.147483648000000000e+09,-2.147483648000000000e+09
-2.147483648000000000e+09,-2.147483648000000000e+09,-2.147483648000000000e+09,-2.147483648000000000e+09,-2.147483648000000000e+09,-2.147483648000000000e+09,-2.147483648000000000e+09,-2.147483648000000000e+09,1.069669400000000000e+07,1.069669500000000000e+07,1.069669600000000000e+07,1.069669700000000000e+07,1.069669800000000000e+07,1.069669900000000000e+07,1.069670000000000000e+07,1.069670100000000000e+07,1.069670200000000000e+07,1.069670300000000000e+07,1.069670400000000000e+07,1.069670500000000000e+07,1.069670600000000000e+07,1.069670700000000000e+07,1.069670800000000000e+07,1.069670900000000000e+07,1.069671000000000000e+07,1.069671100000000000e+07,-2.147483648000000000e+09,-2.147483648000000000e+09,-2.147483648000000000e+09,-2.147483648000000000e+09,-2.147483648000000000e+09,-2.147483648000000000e+09
-2.147483648000000000e+09,-2.147483648000000000e+09,-2.147483648000000000e+09,-2.147483648000000000e+09,-2.147483648000000000e+09,-2.147483648000000000e+09,-2.147483648000000000e+09,-2.147483648000000000e+09,-2.147483648000000000e+09,-2.147483648000000000e+09,1.070389600000000000e+07,1.070389700000000000e+07,1.070389800000000000e+07,1.070389900000000000e+07,1.070390000000000000e+07,1.070390100000000000e+07,1.070390200000000000e+07,1.070390300000000000e+07,1.070390400000000000e+07,1.070390500000000000e+07,1.070390600000000000e+07,1.070390700000000000e+07,1.070390800000000000e+07,1.070390900000000000e+07,1.070391000000000000e+07,1.070391100000000000e+07,-2.147483648000000000e+09,-2.147483648000000000e+09,-2.147483648000000000e+09,-2.147483648000000000e+09,-2.147483648000000000e+09,-2.147483648000000000e+09
-2.147483648000000000e+09,-2.147483648000000000e+09,-2.147483648000000000e+09,-2.147483648000000000e+09,-2.147483648000000000e+09,-2.147483648000000000e+09,-2.147483648000000000e+09,-2.147483648000000000e+09,-2.147483648000000000e+09,-2.147483648000000000e+09,-2.147483648000000000e+09,1.071109700000000000e+07,1.071109800000000000e+07,1.071109900000000000e+07,1.071110000000000000e+07,1.071110100000000000e+07,1.071110200000000000e+07,1.071110300000000000e+07,1.071110400000000000e+07,1.071110500000000000e+07,1.071110600000000000e+07,1.071110700000000000e+07,1.071110800000000000e+07,1.071110900000000000e+07,1.071111000000000000e+07,1.071111100000000000e+07,1.071111200000000000e+07,-2.147483648000000000e+09,-2.147483648000000000e+09,-2.147483648000000000e+09,-2.147483648000000000e+09,-2.147483648000000000e+09
-2.147483648000000000e+09,-2.147483648000000000e+09,-2.147483648000000000e+09,-2.147483648000000000e+09,-2.147483648000000000e+09,-2.147483648000000000e+09,-2.147483648000000000e+09,-2.147483648000000000e+09,-2.147483648000000000e+09,1.071829500000000000e+07,1.071829600000000000e+07,1.071829700000000000e+07,1.071829800000000000e+07,1.071829900000000000e+07,1.071830000000000000e+07,1.071830100000000000e+07,1.071830200000000000e+07,1.071830300000000000e+07,1.071830400000000000e+07,1.071830500000000000e+07,1.071830600000000000e+07,1.071830700000000000e+07,1.071830800000000000e+07,1.071830900000000000e+07,1.071831000000000000e+07,1.071831100000000000e+07,-2.147483648000000000e+09,-2.147483648000000000e+09,-2.147483648000000000e+09,-2.147483648000000000e+09,-2.147483648000000000e+09,-2.147483648000000000e+09
-2.147483648000000000e+09,-2.147483648000000000e+09,-2.147483648000000000e+09,-2.147483648000000000e+09,-2.147483648000000000e+09,-2.147483648000000000e+09,-2.147483648000000000e+09,-2.147483648000000000e+09,-2.147483648000000000e+09,-2.147483648000000000e+09,-2.147483648000000000e+09,-2.147483648000000000e+09,1.072549800000000000e+07,1.072549900000000000e+07,1.072550000000000000e+07,1.072550100000000000e+07,1.072550200000000000e+07,1.072550300000000000e+07,1.072550400000000000e+07,1.072550500000000000e+07,1.072550600000000000e+07,1.072550700000000000e+07,1.072550800000000000e+07,1.072550900000000000e+07,1.072551000000000000e+07,-2.147483648000000000e+09,-2.147483648000000000e+09,-2.147483648000000000e+09,-2.147483648000000000e+09,-2.147483648000000000e+09,-2.147483648000000000e+09,-2.147483648000000000e+09
-2.147483648000000000e+09,-2.147483648000000000e+09,-2.147483648000000000e+09,-2.147483648000000000e+09,-2.147483648000000000e+09,-2.147483648000000000e+09,-2.147483648000000000e+09,-2.147483648000000000e+09,-2.147483648000000000e+09,-2.147483648000000000e+09,1.073269600000000000e+07,1.073269700000000000e+07,1.073269800000000000e+07,1.073269900000000000e+07,1.073270000000000000e+07,1.073270100000000000e+07,1.073270200000000000e+07,1.073270300000000000e+07,1.073270400000000000e+07,1.073270500000000000e+07,1.073270600000000000e+07,1.073270700000000000e+07,1.073270800000000000e+07,1.073270900000000000e+07,-2.147483648000000000e+09,-2.147483648000000000e+09,-2.147483648000000000e+09,-2.147483648000000000e+09,-2.147483648000000000e+09,-2.147483648000000000e+09,-2.147483648000000000e+09,-2.147483648000000000e+09
-2.147483648000000000e+09,-2.147483648000000000e+09,-2.147483648000000000e+09,-2.147483648000000000e+09,-2.147483648000000000e+09,-2.147483648000000000e+09,-2.147483648000000000e+09,-2.147483648000000000e+09,-2.147483648000000000e+09,-2.147483648000000000e+09,-2.147483648000000000e+09,1.073989700000000000e+07,1.073989800000000000e+07,1.073989900000000000e+07,1.073990000000000000e+07,1.073990100000000000e+07,1.073990200000000000e+07,1.073990300000000000e+07,1.073990400000000000e+07,1.073990500000000000e+07,1.073990600000000000e+07,1.073990700000000000e+07,1.073990800000000000e+07,-2.147483648000000000e+09,-2.147483648000000000e+09,-2.147483648000000000e+09,-2.147483648000000000e+09,-2.147483648000000000e+09,-2.147483648000000000e+09,-2.147483648000000000e+09,-2.147483648000000000e+09,-2.147483648000000000e+09
-2.147483648000000000e+09,-2.147483648000000000e+09,-2.147483648000000000e+09,-2.147483648000000000e+09,-2.147483648000000000e+09,-2.147483648000000000e+09,-2.147483648000000000e+09,-2.147483648000000000e+09,-2.147483648000000000e+09,-2.147483648000000000e+09,1.074709600000000000e+07,1.074709700000000000e+07,1.074709800000000000e+07,1.074709900000000000e+07,1.074710000000000000e+07,1.074710100000000000e+07,1.074710200000000000e+07,1.074710300000000000e+07,1.074710400000000000e+07,1.074710500000000000e+07,1.074710600000000000e+07,1.074710700000000000e+07,-2.147483648000000000e+09,-2.147483648000000000e+09,-2.147483648000000000e+09,-2.147483648000000000e+09,-2.147483648000000000e+09,-2.147483648000000000e+09,-2.147483648000000000e+09,-2.147483648000000000e+09,-2.147483648000000000e+09,-2.147483648000000000e+09
-2.147483648000000000e+09,-2.147483648000000000e+09,-2.147483648000000000e+09,-2.147483648000000000e+09,-2.147483648000000000e+09,-2.147483648000000000e+09,-2.147483648000000000e+09,-2.147483648000000000e+09,-2.147483648000000000e+09,-2.147483648000000000e+09,1.075429600000000000e+07,1.075429700000000000e+07,1.075429800000000000e+07,1.075429900000000000e+07,1.075430000000000000e+07,1.075430100000000000e+07,1.075430200000000000e+07,1.075430300000000000e+07,1.075430400000000000e+07,1.075430500000000000e+07,1.075430600000000000e+07,-2.147483648000000000e+09,-2.147483648000000000e+09,-2.147483648000000000e+09,-2.147483648000000000e+09,-2.147483648000000000e+09,-2.147483648000000000e+09,-2.147483648000000000e+09,-2.147483648000000000e+09,-2.147483648000000000e+09,-2.147483648000000000e+09,-2.147483648000000000e+09
-2.147483648000000000e+09,-2.147483648000000000e+09,-2.147483648000000000e+09,-2.147483648000000000e+09,-2.147483648000000000e+09,-2.147483648000000000e+09,-2.147483648000000000e+09,-2.147483648000000000e+09,-2.147483648000000000e+09,1.076149500000000000e+07,1.076149600000000000e+07,1.076149700000000000e+07,1.076149800000000000e+07,1.076149900000000000e+07,1.076150000000000000e+07,1.076150100000000000e+07,1.076150200000000000e+07,1.076150300000000000e+07,1.076150400000000000e+07,1.076150500000000000e+07,-2.147483648000000000e+09,-2.147483648000000000e+09,-2.147483648000000000e+09,-2.147483648000000000e+09,-2.147483648000000000e+09,-2.147483648000000000e+09,-2.147483648000000000e+09,-2.147483648000000000e+09,-2.147483648000000000e+09,-2.147483648000000000e+09,-2.147483648000000000e+09,-2.147483648000000000e+09
-2.147483648000000000e+09,-2.147483648000000000e+09,-2.147483648000000000e+09,-2.147483648000000000e+09,-2.147483648000000000e+09,-2.147483648000000000e+09,-2.147483648000000000e+09,1.076869300000000000e+07,1.076869400000000000e+07,1.076869500000000000e+07,1.076869600000000000e+07,1.076869700000000000e+07,1.076869800000000000e+07,1.076869900000000000e+07,1.076870000000000000e+07,1.076870100000000000e+07,1.076870200000000000e+07,1.076870300000000000e+07,1.076870400000000000e+07,-2.147483648000000000e+09,-2.147483648000000000e+09,-2.147483648000000000e+09,-2.147483648000000000e+09,-2.147483648000000000e+09,-2.147483648000000000e+09,-2.147483648000000000e+09,-2.147483648000000000e+09,-2.147483648000000000e+09,-2.147483648000000000e+09,-2.147483648000000000e+09,-2.147483648000000000e+09,-2.147483648000000000e+09
-2.147483648000000000e+09,-2.147483648000000000e+09,-2.147483648000000000e+09,-2.147483648000000000e+09,-2.147483648000000000e+09,-2.147483648000000000e+09,-2.147483648000000000e+09,1.077589300000000000e+07,1.077589400000000000e+07,1.077589500000000000e+07,1.077589600000000000e+07,1.077589700000000000e+07,1.077589800000000000e+07,1.077589900000000000e+07,1.077590000000000000e+07,1.077590100000000000e+07,1.077590200000000000e+07,1.077590300000000000e+07,-2.147483648000000000e+09,-2.147483648000000000e+09,-2.147483648000000000e+09,-2.147483648000000000e+09,-2.147483648000000000e+09,-2.147483648000000000e+09,-2.147483648000000000e+09,-2.147483648000000000e+09,-2.147483648000000000e+09,-2.147483648000000000e+09,-2.147483648000000000e+09,-2.147483648000000000e+09,-2.147483648000000000e+09,-2.147483648000000000e+09
-2.147483648000000000e+09,-2.147483648000000000e+09,-2.147483648000000000e+09,-2.147483648000000000e+09,-2.147483648000000000e+09,1.078309100000000000e+07,1.078309200000000000e+07,1.078309300000000000e+07,1.078309400000000000e+07,1.078309500000000000e+07,1.078309600000000000e+07,1.078309700000000000e+07,1.078309800000000000e+07,1.078309900000000000e+07,1.078310000000000000e+07,1.078310100000000000e+07,1.078310200000000000e+07,-2.147483648000000000e+09,-2.147483648000000000e+09,-2.147483648000000000e+09,-2.147483648000000000e+09,-2.147483648000000000e+09,-2.147483648000000000e+09,-2.147483648000000000e+09,-2.147483648000000000e+09,-2.147483648000000000e+09,-2.147483648000000000e+09,-2.147483648000000000e+09,-2.147483648000000000e+09,-2.147483648000000000e+09,-2.147483648000000000e+09,-2.147483648000000000e+09
-2.147483648000000000e+09,-2.147483648000000000e+09,-2.147483648000000000e+09,-2.147483648000000000e+09,1.079029000000000000e+07,1.079029100000000000e+07,1.079029200000000000e+07,1.079029300000000000e+07,1.079029400000000000e+07,1.079029500000000000e+07,1.079029600000000000e+07,1.079029700000000000e+07,1.079029800000000000e+07,1.079029900000000000e+07,1.079030000000000000e+07,1.079030100000000000e+07,1.079030200000000000e+07,-2.147483648000000000e+09,-2.147483648000000000e+09,-2.147483648000000000e+09,-2.147483648000000000e+09,-2.147483648000000000e+09,-2.147483648000000000e+09,-2.147483648000000000e+09,-2.147483648000000000e+09,-2.147483648000000000e+09,-2.147483648000000000e+09,-2.147483648000000000e+09,-2.147483648000000000e+09,-2.147483648000000000e+09,-2.147483648000000000e+09,-2.147483648000000000e+09
-2.147483648000000000e+09,-2.147483648000000000e+09,-2.147483648000000000e+09,-2.147483648000000000e+09,1.079749000000000000e+07,1.079749100000000000e+07,1.079749200000000000e+07,1.079749300000000000e+07,1.079749400000000000e+07,1.079749500000000000e+07,1.079749600000000000e+07,1.079749700000000000e+07,1.079749800000000000e+07,1.079749900000000000e+07,1.079750000000000000e+07,1.079750100000000000e+07,1.079750200000000000e+07,-2.147483648000000000e+09,-2.147483648000000000e+09,-2.147483648000000000e+09,-2.147483648000000000e+09,-2.147483648000000000e+09,-2.147483648000000000e+09,-2.147483648000000000e+09,-2.147483648000000000e+09,-2.147483648000000000e+09,-2.147483648000000000e+09,-2.147483648000000000e+09,-2.147483648000000000e+09,-2.147483648000000000e+09,-2.147483648000000000e+09,-2.147483648000000000e+09
-2.147483648000000000e+09,-2.147483648000000000e+09,-2.147483648000000000e+09,-2.147483648000000000e+09,-2.147483648000000000e+09,1.080469100000000000e+07,1.080469200000000000e+07,1.080469300000000000e+07,1.080469400000000000e+07,1.080469500000000000e+07,1.080469600000000000e+07,1.080469700000000000e+07,1.080469800000000000e+07,1.080469900000000000e+07,1.080470000000000000e+07,1.080470100000000000e+07,1.080470200000000000e+07,-2.147483648000000000e+09,-2.147483648000000000e+09,-2.147483648000000000e+09,-2.147483648000000000e+09,-2.147483648000000000e+09,-2.147483648000000000e+09,-2.147483648000000000e+09,-2.147483648000000000e+09,-2.147483648000000000e+09,-2.147483648000000000e+09,-2.147483648000000000e+09,-2.147483648000000000e+09,-2.147483648000000000e+09,-2.147483648000000000e+09,-2.147483648000000000e+09
-2.147483648000000000e+09,-2.147483648000000000e+09,-2.147483648000000000e+09,-2.147483648000000000e+09,-2.147483648000000000e+09,-2.147483648000000000e+09,1.081189200000000000e+07,1.081189300000000000e+07,1.081189400000000000e+07,1.081189500000000000e+07,1.081189600000000000e+07,1.081189700000000000e+07,1.081189800000000000e+07,1.081189900000000000e+07,1.081190000000000000e+07,1.081190100000000000e+07,-2.147483648000000000e+09,-2.147483648000000000e+09,-2.147483648000000000e+09,-2.147483648000000000e+09,-2.147483648000000000e+09,-2.147483648000000000e+09,-2.147483648000000000e+09,-2.147483648000000000e+09,-2.147483648000000000e+09,-2.147483648000000000e+09,-2.147483648000000000e+09,-2.147483648000000000e+09,-2.147483648000000000e+09,-2.147483648000000000e+09,-2.147483648000000000e+09,-2.147483648000000000e+09
-2.147483648000000000e+09,-2.147483648000000000e+09,-2.147483648000000000e+09,-2.147483648000000000e+09,-2.147483648000000000e+09,1.081909100000000000e+07,1.081909200000000000e+07,1.081909300000000000e+07,1.081909400000000000e+07,1.081909500000000000e+07,1.081909600000000000e+07,1.081909700000000000e+07,1.081909800000000000e+07,1.081909900000000000e+07,1.081910000000000000e+07,-2.147483648000000000e+09,-2.147483648000000000e+09,-2.147483648000000000e+09,-2.147483648000000000e+09,-2.147483648000000000e+09,-2.147483648000000000e+09,-2.147483648000000000e+09,-2.147483648000000000e+09,-2.147483648000000000e+09,-2.147483648000000000e+09,-2.147483648000000000e+09,-2.147483648000000000e+09,-2.147483648000000000e+09,-2.147483648000000000e+09,-2.147483648000000000e+09,-2.147483648000000000e+09,-2.147483648000000000e+09
-2.147483648000000000e+09,-2.147483648000000000e+09,-2.147483648000000000e+09,-2.147483648000000000e+09,-2.147483648000000000e+09,1.082629100000000000e+07,1.082629200000000000e+07,1.082629300000000000e+07,1.082629400000000000e+07,1.082629500000000000e+07,1.082629600000000000e+07,1.082629700000000000e+07,1.082629800000000000e+07,-2.147483648000000000e+09,-2.147483648000000000e+09,-2.147483648000000000e+09,-2.147483648000000000e+09,-2.147483648000000000e+09,-2.147483648000000000e+09,-2.147483648000000000e+09,-2.147483648000000000e+09,-2.147483648000000000e+09,-2.147483648000000000e+09,-2.147483648000000000e+09,-2.147483648000000000e+09,-2.147483648000000000e+09,-2.147483648000000000e+09,-2.147483648000000000e+09,-2.147483648000000000e+09,-2.147483648000000000e+09,-2.147483648000000000e+09,-2.147483648000000000e+09
-2.147483648000000000e+09,-2.147483648000000000e+09,-2.147483648000000000e+09,-2.147483648000000000e+09,-2.147483648000000000e+09,1.083349100000000000e+07,1.083349200000000000e+07,1.083349300000000000e+07,1.083349400000000000e+07,1.083349500000000000e+07,1.083349600000000000e+07,1.083349700000000000e+07,-2.147483648000000000e+09,-2.147483648000000000e+09,-2.147483648000000000e+09,-2.147483648000000000e+09,-2.147483648000000000e+09,-2.147483648000000000e+09,-2.147483648000000000e+09,-2.147483648000000000e+09,-2.147483648000000000e+09,-2.147483648000000000e+09,-2.147483648000000000e+09,-2.147483648000000000e+09,-2.147483648000000000e+09,-2.147483648000000000e+09,-2.147483648000000000e+09,-2.147483648000000000e+09,-2.147483648000000000e+09,-2.147483648000000000e+09,-2.147483648000000000e+09,-2.147483648000000000e+09
-2.147483648000000000e+09,-2.147483648000000000e+09,-2.147483648000000000e+09,-2.147483648000000000e+09,1.084069000000000000e+07,1.084069100000000000e+07,1.084069200000000000e+07,1.084069300000000000e+07,1.084069400000000000e+07,-2.147483648000000000e+09,-2.147483648000000000e+09,-2.147483648000000000e+09,-2.147483648000000000e+09,-2.147483648000000000e+09,-2.147483648000000000e+09,-2.147483648000000000e+09,-2.147483648000000000e+09,-2.147483648000000000e+09,-2.147483648000000000e+09,-2.147483648000000000e+09,-2.147483648000000000e+09,-2.147483648000000000e+09,-2.147483648000000000e+09,-2.147483648000000000e+09,-2.147483648000000000e+09,-2.147483648000000000e+09,-2.147483648000000000e+09,-2.147483648000000000e+09,-2.147483648000000000e+09,-2.147483648000000000e+09,-2.147483648000000000e+09,-2.147483648000000000e+09
-2.147483648000000000e+09,-2.147483648000000000e+09,-2.147483648000000000e+09,-2.147483648000000000e+09,1.084789000000000000e+07,1.084789100000000000e+07,-2.147483648000000000e+09,-2.147483648000000000e+09,-2.147483648000000000e+09,-2.147483648000000000e+09,-2.147483648000000000e+09,-2.147483648000000000e+09,-2.147483648000000000e+09,-2.147483648000000000e+09,-2.147483648000000000e+09,-2.147483648000000000e+09,-2.147483648000000000e+09,-2.147483648000000000e+09,-2.147483648000000000e+09,-2.147483648000000000e+09,-2.147483648000000000e+09,-2.147483648000000000e+09,-2.147483648000000000e+09,-2.147483648000000000e+09,-2.147483648000000000e+09,-2.147483648000000000e+09,-2.147483648000000000e+09,-2.147483648000000000e+09,-2.147483648000000000e+09,-2.147483648000000000e+09,-2.147483648000000000e+09,-2.147483648000000000e+09
-2.147483648000000000e+09,-2.147483648000000000e+09,-2.147483648000000000e+09,-2.147483648000000000e+09,1.085509000000000000e+07,-2.147483648000000000e+09,-2.147483648000000000e+09,-2.147483648000000000e+09,-2.147483648000000000e+09,-2.147483648000000000e+09,-2.147483648000000000e+09,-2.147483648000000000e+09,-2.147483648000000000e+09,-2.147483648000000000e+09,-2.147483648000000000e+09,-2.147483648000000000e+09,-2.147483648000000000e+09,-2.147483648000000000e+09,-2.147483648000000000e+09,-2.147483648000000000e+09,-2.147483648000000000e+09,-2.147483648000000000e+09,-2.147483648000000000e+09,-2.147483648000000000e+09,-2.147483648000000000e+09,-2.147483648000000000e+09,-2.147483648000000000e+09,-2.147483648000000000e+09,-2.147483648000000000e+09,-2.147483648000000000e+09,-2.147483648000000000e+09,-2.147483648000000000e+09
