-2.147483648000000000e+09,-2.147483648000000000e+09,-2.147483648000000000e+09,-2.147483648000000000e+09,-2.147483648000000000e+09,-2.147483648000000000e+09,-2.147483648000000000e+09,-2.147483648000000000e+09,-2.147483648000000000e+09,-2.147483648000000000e+09,-2.147483648000000000e+09,-2.147483648000000000e+09,-2.147483648000000000e+09,-2.147483648000000000e+09,-2.147483648000000000e+09,-2.147483648000000000e+09,-2.147483648000000000e+09,-2.147483648000000000e+09,-2.147483648000000000e+09,-2.147483648000000000e+09,-2.147483648000000000e+09,-2.147483648000000000e+09,-2.147483648000000000e+09,-2.147483648000000000e+09,-2.147483648000000000e+09,-2.147483648000000000e+09,-2.147483648000000000e+09,-2.147483648000000000e+09,-2.147483648000000000e+09,-2.147483648000000000e+09,-2.147483648000000000e+09,-2.147483648000000000e+09,-2.147483648000000000e+09,-2.147483648000000000e+09,8.708856000000000000e+06,8.708857000000000000e+06,8.708858000000000000e+06,8.708859000000000000e+06,8.708860000000000000e+06,8.708861000000000000e+06,8.708862000000000000e+06,8.708863000000000000e+06,8.708864000000000000e+06,8.708865000000000000e+06,8.708866000000000000e+06,8.708867000000000000e+06,8.708868000000000000e+06,8.708869000000000000e+06,8.708870000000000000e+06,8.708871000000000000e+06,8.708872000000000000e+06,8.708873000000000000e+06,8.708874000000000000e+06,8.708875000000000000e+06,8.708876000000000000e+06,8.708877000000000000e+06,8.708878000000000000e+06,8.708879000000000000e+06,8.708880000000000000e+06,8.708881000000000000e+06,8.708882000000000000e+06,8.708883000000000000e+06,8.708884000000000000e+06,8.708885000000000000e+06,8.708886000000000000e+06,8.708887000000000000e+06,8.708888000000000000e+06,8.708889000000000000e+06,8.708890000000000000e+06,8.708891000000000000e+06
-2.147483648000000000e+09,-2.147483648000000000e+09,-2.147483648000000000e+09,-2.147483648000000000e+09,-2.147483648000000000e+09,-2.147483648000000000e+09,-2.147483648000000000e+09,-2.147483648000000000e+09,-2.147483648000000000e+09,-2.147483648000000000e+09,-2.147483648000000000e+09,-2.147483648000000000e+09,-2.147483648000000000e+09,-2.147483648000000000e+09,-2.147483648000000000e+09,-2.147483648000000000e+09,-2.147483648000000000e+09,-2.147483648000000000e+09,-2.147483648000000000e+09,-2.147483648000000000e+09,-2.147483648000000000e+09,-2.147483648000000000e+09,-2.147483648000000000e+09,-2.147483648000000000e+09,-2.147483648000000000e+09,-2.147483648000000000e+09,-2.147483648000000000e+09,-2.147483648000000000e+09,-2.147483648000000000e+09,-2.147483648000000000e+09,-2.147483648000000000e+09,-2.147483648000000000e+09,-2.147483648000000000e+09,8.716055000000000000e+06,8.716056000000000000e+06,8.716057000000000000e+06,8.716058000000000000e+06,8.716059000000000000e+06,8.716060000000000000e+06,8.716061000000000000e+06,8.716062000000000000e+06,8.716063000000000000e+06,8.716064000000000000e+06,8.716065000000000000e+06,8.716066000000000000e+06,8.716067000000000000e+06,8.716068000000000000e+06,8.716069000000000000e+06,8.716070000000000000e+06,8.716071000000000000e+06,8.716072000000000000e+06,8.716073000000000000e+06,8.716074000000000000e+06,8.716075000000000000e+06,8.716076000000000000e+06,8.716077000000000000e+06,8.716078000000000000e+06,8.716079000000000000e+06,8.716080000000000000e+06,8.716081000000000000e+06,8.716082000000000000e+06,8.716083000000000000e+06,8.716084000000000000e+06,8.716085000000000000e+06,8.716086000000000000e+06,8.716087000000000000e+06,8.716088000000000000e+06,8.716089000000000000e+06,8.716090000000000000e+06,-2.147483648000000000e+09
-2.147483648000000000e+09,-2.147483648000000000e+09,-2.147483648000000000e+09,-2.147483648000000000e+09,-2.147483648000000000e+09,-2.147483648000000000e+09,-2.147483648000000000e+09,-2.147483648000000000e+09,-2.147483648000000000e+09,-2.147483648000000000e+09,-2.147483648000000000e+09,-2.147483648000000000e+09,-2.147483648000000000e+09,-2.147483648000000000e+09,-2.147483648000000000e+09,-2.147483648000000000e+09,-2.147483648000000000e+09,-2.147483648000000000e+09,-2.147483648000000000e+09,-2.147483648000000000e+09,-2.147483648000000000e+09,-2.147483648000000000e+09,-2.147483648000000000e+09,-2.147483648000000000e+09,-2.147483648000000000e+09,-2.147483648000000000e+09,-2.147483648000000000e+09,-2.147483648000000000e+09,-2.147483648000000000e+09,-2.147483648000000000e+09,-2.147483648000000000e+09,-2.147483648000000000e+09,8.723254000000000000e+06,8.723255000000000000e+06,8.723256000000000000e+06,8.723257000000000000e+06,8.723258000000000000e+06,8.723259000000000000e+06,8.723260000000000000e+06,8.723261000000000000e+06,8.723262000000000000e+06,8.723263000000000000e+06,8.723264000000000000e+06,8.723265000000000000e+06,8.723266000000000000e+06,8.723267000000000000e+06,8.723268000000000000e+06,8.723269000000000000e+06,8.723270000000000000e+06,8.723271000000000000e+06,8.723272000000000000e+06,8.723273000000000000e+06,8.723274000000000000e+06,8.723275000000000000e+06,8.723276000000000000e+06,8.723277000000000000e+06,8.723278000000000000e+06,8.723279000000000000e+06,8.723280000000000000e+06,8.723281000000000000e+06,8.723282000000000000e+06,8.723283000000000000e+06,8.723284000000000000e+06,8.723285000000000000e+06,8.723286000000000000e+06,8.723287000000000000e+06,8.723288000000000000e+06,8.723289000000000000e+06,-2.147483648000000000e+09,-2.147483648000000000e+09
-2.147483648000000000e+09,-2.147483648000000000e+09,-2.147483648000000000e+09,-2.147483648000000000e+09,-2.147483648000000000e+09,-2.147483648000000000e+09,-2.147483648000000000e+09,-2.147483648000000000e+09,-2.147483648000000000e+09,-2.147483648000000000e+09,-2.147483648000000000e+09,-2.147483648000000000e+09,-2.147483648000000000e+09,-2.147483648000000000e+09,-2.147483648000000000e+09,-2.147483648000000000e+09,-2.147483648000000000e+09,-2.147483648000000000e+09,-2.147483648000000000e+09,-2.147483648000000000e+09,-2.147483648000000000e+09,-2.147483648000000000e+09,-2.147483648000000000e+09,-2.147483648000000000e+09,-2.147483648000000000e+09,-2.147483648000000000e+09,-2.147483648000000000e+09,-2.147483648000000000e+09,-2.147483648000000000e+09,-2.147483648000000000e+09,-2.147483648000000000e+09,8.730453000000000000e+06,8.730454000000000000e+06,8.730455000000000000e+06,8.730456000000000000e+06,8.730457000000000000e+06,8.730458000000000000e+06,8.730459000000000000e+06,8.730460000000000000e+06,8.730461000000000000e+06,8.730462000000000000e+06,8.730463000000000000e+06,8.730464000000000000e+06,8.730465000000000000e+06,8.730466000000000000e+06,8.730467000000000000e+06,8.730468000000000000e+06,8.730469000000000000e+06,8.730470000000000000e+06,8.730471000000000000e+06,8.730472000000000000e+06,8.730473000000000000e+06,8.730474000000000000e+06,8.730475000000000000e+06,8.730476000000000000e+06,8.730477000000000000e+06,8.730478000000000000e+06,8.730479000000000000e+06,8.730480000000000000e+06,8.730481000000000000e+06,8.730482000000000000e+06,8.730483000000000000e+06,8.730484000000000000e+06,8.730485000000000000e+06,8.730486000000000000e+06,8.730487000000000000e+06,8.730488000000000000e+06,-2.147483648000000000e+09,-2.147483648000000000e+09,-2.147483648000000000e+09
-2.147483648000000000e+09,-2.147483648000000000e+09,-2.147483648000000000e+09,-2.147483648000000000e+09,-2.147483648000000000e+09,-2.147483648000000000e+09,-2.147483648000000000e+09,-2.147483648000000000e+09,-2.147483648000000000e+09,-2.147483648000000000e+09,-2.147483648000000000e+09,-2.147483648000000000e+09,-2.147483648000000000e+09,-2.147483648000000000e+09,-2.147483648000000000e+09,-2.147483648000000000e+09,-2.147483648000000000e+09,-2.147483648000000000e+09,-2.147483648000000000e+09,-2.147483648000000000e+09,-2.147483648000000000e+09,-2.147483648000000000e+09,-2.147483648000000000e+09,-2.147483648000000000e+09,-2.147483648000000000e+09,-2.147483648000000000e+09,-2.147483648000000000e+09,-2.147483648000000000e+09,-2.147483648000000000e+09,-2.147483648000000000e+09,8.737652000000000000e+06,8.737653000000000000e+06,8.737654000000000000e+06,8.737655000000000000e+06,8.737656000000000000e+06,8.737657000000000000e+06,8.737658000000000000e+06,8.737659000000000000e+06,8.737660000000000000e+06,8.737661000000000000e+06,8.737662000000000000e+06,8.737663000000000000e+06,8.737664000000000000e+06,8.737665000000000000e+06,8.737666000000000000e+06,8.737667000000000000e+06,8.737668000000000000e+06,8.737669000000000000e+06,8.737670000000000000e+06,8.737671000000000000e+06,8.737672000000000000e+06,8.737673000000000000e+06,8.737674000000000000e+06,8.737675000000000000e+06,8.737676000000000000e+06,8.737677000000000000e+06,8.737678000000000000e+06,8.737679000000000000e+06,8.737680000000000000e+06,8.737681000000000000e+06,8.737682000000000000e+06,8.737683000000000000e+06,8.737684000000000000e+06,8.737685000000000000e+06,8.737686000000000000e+06,8.737687000000000000e+06,-2.147483648000000000e+09,-2.147483648000000000e+09,-2.147483648000000000e+09,-2.147483648000000000e+09
-2.147483648000000000e+09,-2.147483648000000000e+09,-2.147483648000000000e+09,-2.147483648000000000e+09,-2.147483648000000000e+09,-2.147483648000000000e+09,-2.147483648000000000e+09,-2.147483648000000000e+09,-2.147483648000000000e+09,-2.147483648000000000e+09,-2.147483648000000000e+09,-2.147483648000000000e+09,-2.147483648000000000e+09,-2.147483648000000000e+09,-2.147483648000000000e+09,-2.147483648000000000e+09,-2.147483648000000000e+09,-2.147483648000000000e+09,-2.147483648000000000e+09,-2.147483648000000000e+09,-2.147483648000000000e+09,-2.147483648000000000e+09,-2.147483648000000000e+09,-2.147483648000000000e+09,-2.147483648000000000e+09,-2.147483648000000000e+09,-2.147483648000000000e+09,-2.147483648000000000e+09,-2.147483648000000000e+09,8.744851000000000000e+06,8.744852000000000000e+06,8.744853000000000000e+06,8.744854000000000000e+06,8.744855000000000000e+06,8.744856000000000000e+06,8.744857000000000000e+06,8.744858000000000000e+06,8.744859000000000000e+06,8.744860000000000000e+06,8.744861000000000000e+06,8.744862000000000000e+06,8.744863000000000000e+06,8.744864000000000000e+06,8.744865000000000000e+06,8.744866000000000000e+06,8.744867000000000000e+06,8.744868000000000000e+06,8.744869000000000000e+06,8.744870000000000000e+06,8.744871000000000000e+06,8.744872000000000000e+06,8.744873000000000000e+06,8.744874000000000000e+06,8.744875000000000000e+06,8.744876000000000000e+06,8.744877000000000000e+06,8.744878000000000000e+06,8.744879000000000000e+06,8.744880000000000000e+06,8.744881000000000000e+06,8.744882000000000000e+06,8.744883000000000000e+06,8.744884000000000000e+06,8.744885000000000000e+06,8.744886000000000000e+06,-2.147483648000000000e+09,-2.147483648000000000e+09,-2.147483648000000000e+09,-2.147483648000000000e+09,-2.147483648000000000e+09
-2.147483648000000000e+09,-2.147483648000000000e+09,-2.147483648000000000e+09,-2.147483648000000000e+09,-2.147483648000000000e+09,-2.147483648000000000e+09,-2.147483648000000000e+09,-2.147483648000000000e+09,-2.147483648000000000e+09,-2.147483648000000000e+09,-2.147483648000000000e+09,-2.147483648000000000e+09,-2.147483648000000000e+09,-2.147483648000000000e+09,-2.147483648000000000e+09,-2.147483648000000000e+09,-2.147483648000000000e+09,-2.147483648000000000e+09,-2.147483648000000000e+09,-2.147483648000000000e+09,-2.147483648000000000e+09,-2.147483648000000000e+09,-2.147483648000000000e+09,-2.147483648000000000e+09,-2.147483648000000000e+09,-2.147483648000000000e+09,-2.147483648000000000e+09,-2.147483648000000000e+09,8.752050000000000000e+06,8.752051000000000000e+06,8.752052000000000000e+06,8.752053000000000000e+06,8.752054000000000000e+06,8.752055000000000000e+06,8.752056000000000000e+06,8.752057000000000000e+06,8.752058000000000000e+06,8.752059000000000000e+06,8.752060000000000000e+06,8.752061000000000000e+06,8.752062000000000000e+06,8.752063000000000000e+06,8.752064000000000000e+06,8.752065000000000000e+06,8.752066000000000000e+06,8.752067000000000000e+06,8.752068000000000000e+06,8.752069000000000000e+06,8.752070000000000000e+06,8.752071000000000000e+06,8.752072000000000000e+06,8.752073000000000000e+06,8.752074000000000000e+06,8.752075000000000000e+06,8.752076000000000000e+06,8.752077000000000000e+06,8.752078000000000000e+06,8.752079000000000000e+06,8.752080000000000000e+06,8.752081000000000000e+06,8.752082000000000000e+06,8.752083000000000000e+06,8.752084000000000000e+06,8.752085000000000000e+06,-2.147483648000000000e+09,-2.147483648000000000e+09,-2.147483648000000000e+09,-2.147483648000000000e+09,-2.147483648000000000e+09,-2.147483648000000000e+09
-2.147483648000000000e+09,-2.147483648000000000e+09,-2.147483648000000000e+09,-2.147483648000000000e+09,-2.147483648000000000e+09,-2.147483648000000000e+09,-2.147483648000000000e+09,-2.147483648000000000e+09,-2.147483648000000000e+09,-2.147483648000000000e+09,-2.147483648000000000e+09,-2.147483648000000000e+09,-2.147483648000000000e+09,-2.147483648000000000e+09,-2.147483648000000000e+09,-2.147483648000000000e+09,-2.147483648000000000e+09,-2.147483648000000000e+09,-2.147483648000000000e+09,-2.147483648000000000e+09,-2.147483648000000000e+09,-2.147483648000000000e+09,-2.147483648000000000e+09,-2.147483648000000000e+09,-2.147483648000000000e+09,-2.147483648000000000e+09,-2.147483648000000000e+09,8.759249000000000000e+06,8.759250000000000000e+06,8.759251000000000000e+06,8.759252000000000000e+06,8.759253000000000000e+06,8.759254000000000000e+06,8.759255000000000000e+06,8.759256000000000000e+06,8.759257000000000000e+06,8.759258000000000000e+06,8.759259000000000000e+06,8.759260000000000000e+06,8.759261000000000000e+06,8.759262000000000000e+06,8.759263000000000000e+06,8.759264000000000000e+06,8.759265000000000000e+06,8.759266000000000000e+06,8.759267000000000000e+06,8.759268000000000000e+06,8.759269000000000000e+06,8.759270000000000000e+06,8.759271000000000000e+06,8.759272000000000000e+06,8.759273000000000000e+06,8.759274000000000000e+06,8.759275000000000000e+06,8.759276000000000000e+06,8.759277000000000000e+06,8.759278000000000000e+06,8.759279000000000000e+06,8.759280000000000000e+06,8.759281000000000000e+06,8.759282000000000000e+06,-2.147483648000000000e+09,-2.147483648000000000e+09,-2.147483648000000000e+09,-2.147483648000000000e+09,-2.147483648000000000e+09,-2.147483648000000000e+09,-2.147483648000000000e+09,-2.147483648000000000e+09,-2.147483648000000000e+09
-2.147483648000000000e+09,-2.147483648000000000e+09,-2.147483648000000000e+09,-2.147483648000000000e+09,-2.147483648000000000e+09,-2.147483648000000000e+09,-2.147483648000000000e+09,-2.147483648000000000e+09,-2.147483648000000000e+09,-2.147483648000000000e+09,-2.147483648000000000e+09,-2.147483648000000000e+09,-2.147483648000000000e+09,-2.147483648000000000e+09,-2.147483648000000000e+09,-2.147483648000000000e+09,-2.147483648000000000e+09,-2.147483648000000000e+09,-2.147483648000000000e+09,-2.147483648000000000e+09,-2.147483648000000000e+09,-2.147483648000000000e+09,-2.147483648000000000e+09,-2.147483648000000000e+09,-2.147483648000000000e+09,-2.147483648000000000e+09,8.766448000000000000e+06,8.766449000000000000e+06,8.766450000000000000e+06,8.766451000000000000e+06,8.766452000000000000e+06,8.766453000000000000e+06,8.766454000000000000e+06,8.766455000000000000e+06,8.766456000000000000e+06,8.766457000000000000e+06,8.766458000000000000e+06,8.766459000000000000e+06,8.766460000000000000e+06,8.766461000000000000e+06,8.766462000000000000e+06,8.766463000000000000e+06,8.766464000000000000e+06,8.766465000000000000e+06,8.766466000000000000e+06,8.766467000000000000e+06,8.766468000000000000e+06,8.766469000000000000e+06,8.766470000000000000e+06,8.766471000000000000e+06,8.766472000000000000e+06,8.766473000000000000e+06,8.766474000000000000e+06,8.766475000000000000e+06,8.766476000000000000e+06,8.766477000000000000e+06,8.766478000000000000e+06,8.766479000000000000e+06,8.766480000000000000e+06,8.766481000000000000e+06,-2.147483648000000000e+09,-2.147483648000000000e+09,-2.147483648000000000e+09,-2.147483648000000000e+09,-2.147483648000000000e+09,-2.147483648000000000e+09,-2.147483648000000000e+09,-2.147483648000000000e+09,-2.147483648000000000e+09,-2.147483648000000000e+09
-2.147483648000000000e+09,-2.147483648000000000e+09,-2.147483648000000000e+09,-2.147483648000000000e+09,-2.147483648000000000e+09,-2.147483648000000000e+09,-2.147483648000000000e+09,-2.147483648000000000e+09,-2.147483648000000000e+09,-2.147483648000000000e+09,-2.147483648000000000e+09,-2.147483648000000000e+09,-2.147483648000000000e+09,-2.147483648000000000e+09,-2.147483648000000000e+09,-2.147483648000000000e+09,-2.147483648000000000e+09,-2.147483648000000000e+09,-2.147483648000000000e+09,-2.147483648000000000e+09,-2.147483648000000000e+09,-2.147483648000000000e+09,-2.147483648000000000e+09,-2.147483648000000000e+09,-2.147483648000000000e+09,8.773647000000000000e+06,8.773648000000000000e+06,8.773649000000000000e+06,8.773650000000000000e+06,8.773651000000000000e+06,8.773652000000000000e+06,8.773653000000000000e+06,8.773654000000000000e+06,8.773655000000000000e+06,8.773656000000000000e+06,8.773657000000000000e+06,8.773658000000000000e+06,8.773659000000000000e+06,8.773660000000000000e+06,8.773661000000000000e+06,8.773662000000000000e+06,8.773663000000000000e+06,8.773664000000000000e+06,8.773665000000000000e+06,8.773666000000000000e+06,8.773667000000000000e+06,8.773668000000000000e+06,8.773669000000000000e+06,8.773670000000000000e+06,8.773671000000000000e+06,8.773672000000000000e+06,8.773673000000000000e+06,8.773674000000000000e+06,8.773675000000000000e+06,8.773676000000000000e+06,8.773677000000000000e+06,8.773678000000000000e+06,8.773679000000000000e+06,8.773680000000000000e+06,8.773681000000000000e+06,-2.147483648000000000e+09,-2.147483648000000000e+09,-2.147483648000000000e+09,-2.147483648000000000e+09,-2.147483648000000000e+09,-2.147483648000000000e+09,-2.147483648000000000e+09,-2.147483648000000000e+09,-2.147483648000000000e+09,-2.147483648000000000e+09
-2.147483648000000000e+09,-2.147483648000000000e+09,-2.147483648000000000e+09,-2.147483648000000000e+09,-2.147483648000000000e+09,-2.147483648000000000e+09,-2.147483648000000000e+09,-2.147483648000000000e+09,-2.147483648000000000e+09,-2.147483648000000000e+09,-2.147483648000000000e+09,-2.147483648000000000e+09,-2.147483648000000000e+09,-2.147483648000000000e+09,-2.147483648000000000e+09,-2.147483648000000000e+09,-2.147483648000000000e+09,-2.147483648000000000e+09,-2.147483648000000000e+09,-2.147483648000000000e+09,-2.147483648000000000e+09,-2.147483648000000000e+09,-2.147483648000000000e+09,-2.147483648000000000e+09,8.780846000000000000e+06,8.780847000000000000e+06,8.780848000000000000e+06,8.780849000000000000e+06,8.780850000000000000e+06,8.780851000000000000e+06,8.780852000000000000e+06,8.780853000000000000e+06,8.780854000000000000e+06,8.780855000000000000e+06,8.780856000000000000e+06,8.780857000000000000e+06,8.780858000000000000e+06,8.780859000000000000e+06,8.780860000000000000e+06,8.780861000000000000e+06,8.780862000000000000e+06,8.780863000000000000e+06,8.780864000000000000e+06,8.780865000000000000e+06,8.780866000000000000e+06,8.780867000000000000e+06,8.780868000000000000e+06,8.780869000000000000e+06,8.780870000000000000e+06,8.780871000000000000e+06,8.780872000000000000e+06,8.780873000000000000e+06,8.780874000000000000e+06,8.780875000000000000e+06,8.780876000000000000e+06,8.780877000000000000e+06,8.780878000000000000e+06,8.780879000000000000e+06,8.780880000000000000e+06,-2.147483648000000000e+09,-2.147483648000000000e+09,-2.147483648000000000e+09,-2.147483648000000000e+09,-2.147483648000000000e+09,-2.147483648000000000e+09,-2.147483648000000000e+09,-2.147483648000000000e+09,-2.147483648000000000e+09,-2.147483648000000000e+09,-2.147483648000000000e+09
-2.147483648000000000e+09,-2.147483648000000000e+09,-2.147483648000000000e+09,-2.147483648000000000e+09,-2.147483648000000000e+09,-2.147483648000000000e+09,-2.147483648000000000e+09,-2.147483648000000000e+09,-2.147483648000000000e+09,-2.147483648000000000e+09,-2.147483648000000000e+09,-2.147483648000000000e+09,-2.147483648000000000e+09,-2.147483648000000000e+09,-2.147483648000000000e+09,-2.147483648000000000e+09,-2.147483648000000000e+09,-2.147483648000000000e+09,-2.147483648000000000e+09,-2.147483648000000000e+09,-2.147483648000000000e+09,-2.147483648000000000e+09,-2.147483648000000000e+09,8.788045000000000000e+06,8.788046000000000000e+06,8.788047000000000000e+06,8.788048000000000000e+06,8.788049000000000000e+06,8.788050000000000000e+06,8.788051000000000000e+06,8.788052000000000000e+06,8.788053000000000000e+06,8.788054000000000000e+06,8.788055000000000000e+06,8.788056000000000000e+06,8.788057000000000000e+06,8.788058000000000000e+06,8.788059000000000000e+06,8.788060000000000000e+06,8.788061000000000000e+06,8.788062000000000000e+06,8.788063000000000000e+06,8.788064000000000000e+06,8.788065000000000000e+06,8.788066000000000000e+06,8.788067000000000000e+06,8.788068000000000000e+06,8.788069000000000000e+06,8.788070000000000000e+06,8.788071000000000000e+06,8.788072000000000000e+06,8.788073000000000000e+06,8.788074000000000000e+06,8.788075000000000000e+06,8.788076000000000000e+06,8.788077000000000000e+06,8.788078000000000000e+06,8.788079000000000000e+06,-2.147483648000000000e+09,-2.147483648000000000e+09,-2.147483648000000000e+09,-2.147483648000000000e+09,-2.147483648000000000e+09,-2.147483648000000000e+09,-2.147483648000000000e+09,-2.147483648000000000e+09,-2.147483648000000000e+09,-2.147483648000000000e+09,-2.147483648000000000e+09,-2.147483648000000000e+09
-2.147483648000000000e+09,-2.147483648000000000e+09,-2.147483648000000000e+09,-2.147483648000000000e+09,-2.147483648000000000e+09,-2.147483648000000000e+09,-2.147483648000000000e+09,-2.147483648000000000e+09,-2.147483648000000000e+09,-2.147483648000000000e+09,-2.147483648000000000e+09,-2.147483648000000000e+09,-2.147483648000000000e+09,-2.147483648000000000e+09,-2.147483648000000000e+09,-2.147483648000000000e+09,-2.147483648000000000e+09,-2.147483648000000000e+09,-2.147483648000000000e+09,-2.147483648000000000e+09,-2.147483648000000000e+09,-2.147483648000000000e+09,8.795244000000000000e+06,8.795245000000000000e+06,8.795246000000000000e+06,8.795247000000000000e+06,8.795248000000000000e+06,8.795249000000000000e+06,8.795250000000000000e+06,8.795251000000000000e+06,8.795252000000000000e+06,8.795253000000000000e+06,8.795254000000000000e+06,8.795255000000000000e+06,8.795256000000000000e+06,8.795257000000000000e+06,8.795258000000000000e+06,8.795259000000000000e+06,8.795260000000000000e+06,8.795261000000000000e+06,8.795262000000000000e+06,8.795263000000000000e+06,8.795264000000000000e+06,8.795265000000000000e+06,8.795266000000000000e+06,8.795267000000000000e+06,8.795268000000000000e+06,8.795269000000000000e+06,8.795270000000000000e+06,8.795271000000000000e+06,8.795272000000000000e+06,8.795273000000000000e+06,8.795274000000000000e+06,8.795275000000000000e+06,8.795276000000000000e+06,8.795277000000000000e+06,8.795278000000000000e+06,-2.147483648000000000e+09,-2.147483648000000000e+09,-2.147483648000000000e+09,-2.147483648000000000e+09,-2.147483648000000000e+09,-2.147483648000000000e+09,-2.147483648000000000e+09,-2.147483648000000000e+09,-2.147483648000000000e+09,-2.147483648000000000e+09,-2.147483648000000000e+09,-2.147483648000000000e+09,-2.147483648000000000e+09
-2.147483648000000000e+09,-2.147483648000000000e+09,-2.147483648000000000e+09,-2.147483648000000000e+09,-2.147483648000000000e+09,-2.147483648000000000e+09,-2.147483648000000000e+09,-2.147483648000000000e+09,-2.147483648000000000e+09,-2.147483648000000000e+09,-2.147483648000000000e+09,-2.147483648000000000e+09,-2.147483648000000000e+09,-2.147483648000000000e+09,-2.147483648000000000e+09,-2.147483648000000000e+09,-2.147483648000000000e+09,-2.147483648000000000e+09,-2.147483648000000000e+09,-2.147483648000000000e+09,-2.147483648000000000e+09,8.795243000000000000e+06,8.795244000000000000e+06,8.795245000000000000e+06,8.795246000000000000e+06,8.795247000000000000e+06,8.795248000000000000e+06,8.795249000000000000e+06,8.795250000000000000e+06,8.795251000000000000e+06,8.795252000000000000e+06,8.795253000000000000e+06,8.795254000000000000e+06,8.795255000000000000e+06,8.795256000000000000e+06,8.795257000000000000e+06,8.795258000000000000e+06,8.795259000000000000e+06,8.795260000000000000e+06,8.795261000000000000e+06,8.795262000000000000e+06,8.795263000000000000e+06,8.795264000000000000e+06,8.795265000000000000e+06,8.795266000000000000e+06,8.795267000000000000e+06,8.795268000000000000e+06,8.795269000000000000e+06,8.795270000000000000e+06,8.795271000000000000e+06,8.795272000000000000e+06,8.795273000000000000e+06,8.795274000000000000e+06,8.795275000000000000e+06,8.795276000000000000e+06,8.795277000000000000e+06,-2.147483648000000000e+09,-2.147483648000000000e+09,-2.147483648000000000e+09,-2.147483648000000000e+09,-2.147483648000000000e+09,-2.147483648000000000e+09,-2.147483648000000000e+09,-2.147483648000000000e+09,-2.147483648000000000e+09,-2.147483648000000000e+09,-2.147483648000000000e+09,-2.147483648000000000e+09,-2.147483648000000000e+09,-2.147483648000000000e+09
-2.147483648000000000e+09,-2.147483648000000000e+09,-2.147483648000000000e+09,-2.147483648000000000e+09,-2.147483648000000000e+09,-2.147483648000000000e+09,-2.147483648000000000e+09,-2.147483648000000000e+09,-2.147483648000000000e+09,-2.147483648000000000e+09,-2.147483648000000000e+09,-2.147483648000000000e+09,-2.147483648000000000e+09,-2.147483648000000000e+09,-2.147483648000000000e+09,-2.147483648000000000e+09,-2.147483648000000000e+09,-2.147483648000000000e+09,-2.147483648000000000e+09,-2.147483648000000000e+09,8.802442000000000000e+06,8.802443000000000000e+06,8.802444000000000000e+06,8.802445000000000000e+06,8.802446000000000000e+06,8.802447000000000000e+06,8.802448000000000000e+06,8.802449000000000000e+06,8.802450000000000000e+06,8.802451000000000000e+06,8.802452000000000000e+06,8.802453000000000000e+06,8.802454000000000000e+06,8.802455000000000000e+06,8.802456000000000000e+06,8.802457000000000000e+06,8.802458000000000000e+06,8.802459000000000000e+06,8.802460000000000000e+06,8.802461000000000000e+06,8.802462000000000000e+06,8.802463000000000000e+06,8.802464000000000000e+06,8.802465000000000000e+06,8.802466000000000000e+06,8.802467000000000000e+06,8.802468000000000000e+06,8.802469000000000000e+06,8.802470000000000000e+06,8.802471000000000000e+06,8.802472000000000000e+06,8.802473000000000000e+06,8.802474000000000000e+06,8.802475000000000000e+06,8.802476000000000000e+06,-2.147483648000000000e+09,-2.147483648000000000e+09,-2.147483648000000000e+09,-2.147483648000000000e+09,-2.147483648000000000e+09,-2.147483648000000000e+09,-2.147483648000000000e+09,-2.147483648000000000e+09,-2.147483648000000000e+09,-2.147483648000000000e+09,-2.147483648000000000e+09,-2.147483648000000000e+09,-2.147483648000000000e+09,-2.147483648000000000e+09,-2.147483648000000000e+09
-2.147483648000000000e+09,-2.147483648000000000e+09,-2.147483648000000000e+09,-2.147483648000000000e+09,-2.147483648000000000e+09,-2.147483648000000000e+09,-2.147483648000000000e+09,-2.147483648000000000e+09,-2.147483648000000000e+09,-2.147483648000000000e+09,-2.147483648000000000e+09,-2.147483648000000000e+09,-2.147483648000000000e+09,-2.147483648000000000e+09,-2.147483648000000000e+09,-2.147483648000000000e+09,-2.147483648000000000e+09,-2.147483648000000000e+09,-2.147483648000000000e+09,8.809641000000000000e+06,8.809642000000000000e+06,8.809643000000000000e+06,8.809644000000000000e+06,8.809645000000000000e+06,8.809646000000000000e+06,8.809647000000000000e+06,8.809648000000000000e+06,8.809649000000000000e+06,8.809650000000000000e+06,8.809651000000000000e+06,8.809652000000000000e+06,8.809653000000000000e+06,8.809654000000000000e+06,8.809655000000000000e+06,8.809656000000000000e+06,8.809657000000000000e+06,8.809658000000000000e+06,8.809659000000000000e+06,8.809660000000000000e+06,8.809661000000000000e+06,8.809662000000000000e+06,8.809663000000000000e+06,8.809664000000000000e+06,8.809665000000000000e+06,8.809666000000000000e+06,8.809667000000000000e+06,8.809668000000000000e+06,8.809669000000000000e+06,8.809670000000000000e+06,8.809671000000000000e+06,8.809672000000000000e+06,8.809673000000000000e+06,8.809674000000000000e+06,8.809675000000000000e+06,-2.147483648000000000e+09,-2.147483648000000000e+09,-2.147483648000000000e+09,-2.147483648000000000e+09,-2.147483648000000000e+09,-2.147483648000000000e+09,-2.147483648000000000e+09,-2.147483648000000000e+09,-2.147483648000000000e+09,-2.147483648000000000e+09,-2.147483648000000000e+09,-2.147483648000000000e+09,-2.147483648000000000e+09,-2.147483648000000000e+09,-2.147483648000000000e+09,-2.147483648000000000e+09
-2.147483648000000000e+09,-2.147483648000000000e+09,-2.147483648000000000e+09,-2.147483648000000000e+09,-2.147483648000000000e+09,-2.147483648000000000e+09,-2.147483648000000000e+09,-2.147483648000000000e+09,-2.147483648000000000e+09,-2.147483648000000000e+09,-2.147483648000000000e+09,-2.147483648000000000e+09,-2.147483648000000000e+09,-2.147483648000000000e+09,-2.147483648000000000e+09,-2.147483648000000000e+09,-2.147483648000000000e+09,-2.147483648000000000e+09,8.816840000000000000e+06,8.816841000000000000e+06,8.816842000000000000e+06,8.816843000000000000e+06,8.816844000000000000e+06,8.816845000000000000e+06,8.816846000000000000e+06,8.816847000000000000e+06,8.816848000000000000e+06,8.816849000000000000e+06,8.816850000000000000e+06,8.816851000000000000e+06,8.816852000000000000e+06,8.816853000000000000e+06,8.816854000000000000e+06,8.816855000000000000e+06,8.816856000000000000e+06,8.816857000000000000e+06,8.816858000000000000e+06,8.816859000000000000e+06,8.816860000000000000e+06,8.816861000000000000e+06,8.816862000000000000e+06,8.816863000000000000e+06,8.816864000000000000e+06,8.816865000000000000e+06,8.816866000000000000e+06,8.816867000000000000e+06,8.816868000000000000e+06,8.816869000000000000e+06,8.816870000000000000e+06,8.816871000000000000e+06,8.816872000000000000e+06,8.816873000000000000e+06,8.816874000000000000e+06,-2.147483648000000000e+09,-2.147483648000000000e+09,-2.147483648000000000e+09,-2.147483648000000000e+09,-2.147483648000000000e+09,-2.147483648000000000e+09,-2.147483648000000000e+09,-2.147483648000000000e+09,-2.147483648000000000e+09,-2.147483648000000000e+09,-2.147483648000000000e+09,-2.147483648000000000e+09,-2.147483648000000000e+09,-2.147483648000000000e+09,-2.147483648000000000e+09,-2.147483648000000000e+09,-2.147483648000000000e+09
-2.147483648000000000e+09,-2.147483648000000000e+09,-2.147483648000000000e+09,-2.147483648000000000e+09,-2.147483648000000000e+09,-2.147483648000000000e+09,-2.147483648000000000e+09,-2.147483648000000000e+09,-2.147483648000000000e+09,-2.147483648000000000e+09,-2.147483648000000000e+09,-2.147483648000000000e+09,-2.147483648000000000e+09,-2.147483648000000000e+09,-2.147483648000000000e+09,-2.147483648000000000e+09,-2.147483648000000000e+09,-2.147483648000000000e+09,8.824040000000000000e+06,8.824041000000000000e+06,8.824042000000000000e+06,8.824043000000000000e+06,8.824044000000000000e+06,8.824045000000000000e+06,8.824046000000000000e+06,8.824047000000000000e+06,8.824048000000000000e+06,8.824049000000000000e+06,8.824050000000000000e+06,8.824051000000000000e+06,8.824052000000000000e+06,8.824053000000000000e+06,8.824054000000000000e+06,8.824055000000000000e+06,8.824056000000000000e+06,8.824057000000000000e+06,8.824058000000000000e+06,8.824059000000000000e+06,8.824060000000000000e+06,8.824061000000000000e+06,8.824062000000000000e+06,8.824063000000000000e+06,8.824064000000000000e+06,8.824065000000000000e+06,8.824066000000000000e+06,8.824067000000000000e+06,8.824068000000000000e+06,8.824069000000000000e+06,8.824070000000000000e+06,8.824071000000000000e+06,8.824072000000000000e+06,8.824073000000000000e+06,-2.147483648000000000e+09,-2.147483648000000000e+09,-2.147483648000000000e+09,-2.147483648000000000e+09,-2.147483648000000000e+09,-2.147483648000000000e+09,-2.147483648000000000e+09,-2.147483648000000000e+09,-2.147483648000000000e+09,-2.147483648000000000e+09,-2.147483648000000000e+09,-2.147483648000000000e+09,-2.147483648000000000e+09,-2.147483648000000000e+09,-2.147483648000000000e+09,-2.147483648000000000e+09,-2.147483648000000000e+09,-2.147483648000000000e+09
-2.147483648000000000e+09,-2.147483648000000000e+09,-2.147483648000000000e+09,-2.147483648000000000e+09,-2.147483648000000000e+09,-2.147483648000000000e+09,-2.147483648000000000e+09,-2.147483648000000000e+09,-2.147483648000000000e+09,-2.147483648000000000e+09,-2.147483648000000000e+09,-2.147483648000000000e+09,-2.147483648000000000e+09,-2.147483648000000000e+09,-2.147483648000000000e+09,-2.147483648000000000e+09,-2.147483648000000000e+09,8.831239000000000000e+06,8.831240000000000000e+06,8.831241000000000000e+06,8.831242000000000000e+06,8.831243000000000000e+06,8.831244000000000000e+06,8.831245000000000000e+06,8.831246000000000000e+06,8.831247000000000000e+06,8.831248000000000000e+06,8.831249000000000000e+06,8.831250000000000000e+06,8.831251000000000000e+06,8.831252000000000000e+06,8.831253000000000000e+06,8.831254000000000000e+06,8.831255000000000000e+06,8.831256000000000000e+06,8.831257000000000000e+06,8.831258000000000000e+06,8.831259000000000000e+06,8.831260000000000000e+06,8.831261000000000000e+06,8.831262000000000000e+06,8.831263000000000000e+06,8.831264000000000000e+06,8.831265000000000000e+06,8.831266000000000000e+06,8.831267000000000000e+06,8.831268000000000000e+06,8.831269000000000000e+06,8.831270000000000000e+06,8.831271000000000000e+06,8.831272000000000000e+06,-2.147483648000000000e+09,-2.147483648000000000e+09,-2.147483648000000000e+09,-2.147483648000000000e+09,-2.147483648000000000e+09,-2.147483648000000000e+09,-2.147483648000000000e+09,-2.147483648000000000e+09,-2.147483648000000000e+09,-2.147483648000000000e+09,-2.147483648000000000e+09,-2.147483648000000000e+09,-2.147483648000000000e+09,-2.147483648000000000e+09,-2.147483648000000000e+09,-2.147483648000000000e+09,-2.147483648000000000e+09,-2.147483648000000000e+09,-2.147483648000000000e+09
-2.147483648000000000e+09,-2.147483648000000000e+09,-2.147483648000000000e+09,-2.147483648000000000e+09,-2.147483648000000000e+09,-2.147483648000000000e+09,-2.147483648000000000e+09,-2.147483648000000000e+09,-2.147483648000000000e+09,-2.147483648000000000e+09,-2.147483648000000000e+09,-2.147483648000000000e+09,-2.147483648000000000e+09,-2.147483648000000000e+09,-2.147483648000000000e+09,-2.147483648000000000e+09,8.838438000000000000e+06,8.838439000000000000e+06,8.838440000000000000e+06,8.838441000000000000e+06,8.838442000000000000e+06,8.838443000000000000e+06,8.838444000000000000e+06,8.838445000000000000e+06,8.838446000000000000e+06,8.838447000000000000e+06,8.838448000000000000e+06,8.838449000000000000e+06,8.838450000000000000e+06,8.838451000000000000e+06,8.838452000000000000e+06,8.838453000000000000e+06,8.838454000000000000e+06,8.838455000000000000e+06,8.838456000000000000e+06,8.838457000000000000e+06,8.838458000000000000e+06,8.838459000000000000e+06,8.838460000000000000e+06,8.838461000000000000e+06,8.838462000000000000e+06,8.838463000000000000e+06,8.838464000000000000e+06,8.838465000000000000e+06,8.838466000000000000e+06,8.838467000000000000e+06,8.838468000000000000e+06,8.838469000000000000e+06,8.838470000000000000e+06,8.838471000000000000e+06,-2.147483648000000000e+09,-2.147483648000000000e+09,-2.147483648000000000e+09,-2.147483648000000000e+09,-2.147483648000000000e+09,-2.147483648000000000e+09,-2.147483648000000000e+09,-2.147483648000000000e+09,-2.147483648000000000e+09,-2.147483648000000000e+09,-2.147483648000000000e+09,-2.147483648000000000e+09,-2.147483648000000000e+09,-2.147483648000000000e+09,-2.147483648000000000e+09,-2.147483648000000000e+09,-2.147483648000000000e+09,-2.147483648000000000e+09,-2.147483648000000000e+09,-2.147483648000000000e+09
-2.147483648000000000e+09,-2.147483648000000000e+09,-2.147483648000000000e+09,-2.147483648000000000e+09,-2.147483648000000000e+09,-2.147483648000000000e+09,-2.147483648000000000e+09,-2.147483648000000000e+09,-2.147483648000000000e+09,-2.147483648000000000e+09,-2.147483648000000000e+09,-2.147483648000000000e+09,-2.147483648000000000e+09,-2.147483648000000000e+09,-2.147483648000000000e+09,8.845637000000000000e+06,8.845638000000000000e+06,8.845639000000000000e+06,8.845640000000000000e+06,8.845641000000000000e+06,8.845642000000000000e+06,8.845643000000000000e+06,8.845644000000000000e+06,8.845645000000000000e+06,8.845646000000000000e+06,8.845647000000000000e+06,8.845648000000000000e+06,8.845649000000000000e+06,8.845650000000000000e+06,8.845651000000000000e+06,8.845652000000000000e+06,8.845653000000000000e+06,8.845654000000000000e+06,8.845655000000000000e+06,8.845656000000000000e+06,8.845657000000000000e+06,8.845658000000000000e+06,8.845659000000000000e+06,8.845660000000000000e+06,8.845661000000000000e+06,8.845662000000000000e+06,8.845663000000000000e+06,8.845664000000000000e+06,8.845665000000000000e+06,8.845666000000000000e+06,8.845667000000000000e+06,8.845668000000000000e+06,8.845669000000000000e+06,8.845670000000000000e+06,-2.147483648000000000e+09,-2.147483648000000000e+09,-2.147483648000000000e+09,-2.147483648000000000e+09,-2.147483648000000000e+09,-2.147483648000000000e+09,-2.147483648000000000e+09,-2.147483648000000000e+09,-2.147483648000000000e+09,-2.147483648000000000e+09,-2.147483648000000000e+09,-2.147483648000000000e+09,-2.147483648000000000e+09,-2.147483648000000000e+09,-2.147483648000000000e+09,-2.147483648000000000e+09,-2.147483648000000000e+09,-2.147483648000000000e+09,-2.147483648000000000e+09,-2.147483648000000000e+09,-2.147483648000000000e+09
-2.147483648000000000e+09,-2.147483648000000000e+09,-2.147483648000000000e+09,-2.147483648000000000e+09,-2.147483648000000000e+09,-2.147483648000000000e+09,-2.147483648000000000e+09,-2.147483648000000000e+09,-2.147483648000000000e+09,-2.147483648000000000e+09,-2.147483648000000000e+09,-2.147483648000000000e+09,-2.147483648000000000e+09,-2.147483648000000000e+09,8.852836000000000000e+06,8.852837000000000000e+06,8.852838000000000000e+06,8.852839000000000000e+06,8.852840000000000000e+06,8.852841000000000000e+06,8.852842000000000000e+06,8.852843000000000000e+06,8.852844000000000000e+06,8.852845000000000000e+06,8.852846000000000000e+06,8.852847000000000000e+06,8.852848000000000000e+06,8.852849000000000000e+06,8.852850000000000000e+06,8.852851000000000000e+06,8.852852000000000000e+06,8.852853000000000000e+06,8.852854000000000000e+06,8.852855000000000000e+06,8.852856000000000000e+06,8.852857000000000000e+06,8.852858000000000000e+06,8.852859000000000000e+06,8.852860000000000000e+06,8.852861000000000000e+06,8.852862000000000000e+06,8.852863000000000000e+06,8.852864000000000000e+06,8.852865000000000000e+06,8.852866000000000000e+06,8.852867000000000000e+06,8.852868000000000000e+06,8.852869000000000000e+06,-2.147483648000000000e+09,-2.147483648000000000e+09,-2.147483648000000000e+09,-2.147483648000000000e+09,-2.147483648000000000e+09,-2.147483648000000000e+09,-2.147483648000000000e+09,-2.147483648000000000e+09,-2.147483648000000000e+09,-2.147483648000000000e+09,-2.147483648000000000e+09,-2.147483648000000000e+09,-2.147483648000000000e+09,-2.147483648000000000e+09,-2.147483648000000000e+09,-2.147483648000000000e+09,-2.147483648000000000e+09,-2.147483648000000000e+09,-2.147483648000000000e+09,-2.147483648000000000e+09,-2.147483648000000000e+09,-2.147483648000000000e+09
-2.147483648000000000e+09,-2.147483648000000000e+09,-2.147483648000000000e+09,-2.147483648000000000e+09,-2.147483648000000000e+09,-2.147483648000000000e+09,-2.147483648000000000e+09,-2.147483648000000000e+09,-2.147483648000000000e+09,-2.147483648000000000e+09,-2.147483648000000000e+09,-2.147483648000000000e+09,-2.147483648000000000e+09,8.860035000000000000e+06,8.860036000000000000e+06,8.860037000000000000e+06,8.860038000000000000e+06,8.860039000000000000e+06,8.860040000000000000e+06,8.860041000000000000e+06,8.860042000000000000e+06,8.860043000000000000e+06,8.860044000000000000e+06,8.860045000000000000e+06,8.860046000000000000e+06,8.860047000000000000e+06,8.860048000000000000e+06,8.860049000000000000e+06,8.860050000000000000e+06,8.860051000000000000e+06,8.860052000000000000e+06,8.860053000000000000e+06,8.860054000000000000e+06,8.860055000000000000e+06,8.860056000000000000e+06,8.860057000000000000e+06,8.860058000000000000e+06,8.860059000000000000e+06,8.860060000000000000e+06,8.860061000000000000e+06,8.860062000000000000e+06,8.860063000000000000e+06,8.860064000000000000e+06,8.860065000000000000e+06,8.860066000000000000e+06,8.860067000000000000e+06,8.860068000000000000e+06,-2.147483648000000000e+09,-2.147483648000000000e+09,-2.147483648000000000e+09,-2.147483648000000000e+09,-2.147483648000000000e+09,-2.147483648000000000e+09,-2.147483648000000000e+09,-2.147483648000000000e+09,-2.147483648000000000e+09,-2.147483648000000000e+09,-2.147483648000000000e+09,-2.147483648000000000e+09,-2.147483648000000000e+09,-2.147483648000000000e+09,-2.147483648000000000e+09,-2.147483648000000000e+09,-2.147483648000000000e+09,-2.147483648000000000e+09,-2.147483648000000000e+09,-2.147483648000000000e+09,-2.147483648000000000e+09,-2.147483648000000000e+09,-2.147483648000000000e+09
-2.147483648000000000e+09,-2.147483648000000000e+09,-2.147483648000000000e+09,-2.147483648000000000e+09,-2.147483648000000000e+09,-2.147483648000000000e+09,-2.147483648000000000e+09,-2.147483648000000000e+09,-2.147483648000000000e+09,-2.147483648000000000e+09,-2.147483648000000000e+09,-2.147483648000000000e+09,8.867234000000000000e+06,8.867235000000000000e+06,8.867236000000000000e+06,8.867237000000000000e+06,8.867238000000000000e+06,8.867239000000000000e+06,8.867240000000000000e+06,8.867241000000000000e+06,8.867242000000000000e+06,8.867243000000000000e+06,8.867244000000000000e+06,8.867245000000000000e+06,8.867246000000000000e+06,8.867247000000000000e+06,8.867248000000000000e+06,8.867249000000000000e+06,8.867250000000000000e+06,8.867251000000000000e+06,8.867252000000000000e+06,8.867253000000000000e+06,8.867254000000000000e+06,8.867255000000000000e+06,8.867256000000000000e+06,8.867257000000000000e+06,8.867258000000000000e+06,8.867259000000000000e+06,8.867260000000000000e+06,8.867261000000000000e+06,8.867262000000000000e+06,8.867263000000000000e+06,8.867264000000000000e+06,8.867265000000000000e+06,8.867266000000000000e+06,8.867267000000000000e+06,-2.147483648000000000e+09,-2.147483648000000000e+09,-2.147483648000000000e+09,-2.147483648000000000e+09,-2.147483648000000000e+09,-2.147483648000000000e+09,-2.147483648000000000e+09,-2.147483648000000000e+09,-2.147483648000000000e+09,-2.147483648000000000e+09,-2.147483648000000000e+09,-2.147483648000000000e+09,-2.147483648000000000e+09,-2.147483648000000000e+09,-2.147483648000000000e+09,-2.147483648000000000e+09,-2.147483648000000000e+09,-2.147483648000000000e+09,-2.147483648000000000e+09,-2.147483648000000000e+09,-2.147483648000000000e+09,-2.147483648000000000e+09,-2.147483648000000000e+09,-2.147483648000000000e+09
-2.147483648000000000e+09,-2.147483648000000000e+09,-2.147483648000000000e+09,-2.147483648000000000e+09,-2.147483648000000000e+09,-2.147483648000000000e+09,-2.147483648000000000e+09,-2.147483648000000000e+09,-2.147483648000000000e+09,-2.147483648000000000e+09,-2.147483648000000000e+09,8.874433000000000000e+06,8.874434000000000000e+06,8.874435000000000000e+06,8.874436000000000000e+06,8.874437000000000000e+06,8.874438000000000000e+06,8.874439000000000000e+06,8.874440000000000000e+06,8.874441000000000000e+06,8.874442000000000000e+06,8.874443000000000000e+06,8.874444000000000000e+06,8.874445000000000000e+06,8.874446000000000000e+06,8.874447000000000000e+06,8.874448000000000000e+06,8.874449000000000000e+06,8.874450000000000000e+06,8.874451000000000000e+06,8.874452000000000000e+06,8.874453000000000000e+06,8.874454000000000000e+06,8.874455000000000000e+06,8.874456000000000000e+06,8.874457000000000000e+06,8.874458000000000000e+06,8.874459000000000000e+06,8.874460000000000000e+06,8.874461000000000000e+06,8.874462000000000000e+06,8.874463000000000000e+06,8.874464000000000000e+06,8.874465000000000000e+06,8.874466000000000000e+06,8.874467000000000000e+06,-2.147483648000000000e+09,-2.147483648000000000e+09,-2.147483648000000000e+09,-2.147483648000000000e+09,-2.147483648000000000e+09,-2.147483648000000000e+09,-2.147483648000000000e+09,-2.147483648000000000e+09,-2.147483648000000000e+09,-2.147483648000000000e+09,-2.147483648000000000e+09,-2.147483648000000000e+09,-2.147483648000000000e+09,-2.147483648000000000e+09,-2.147483648000000000e+09,-2.147483648000000000e+09,-2.147483648000000000e+09,-2.147483648000000000e+09,-2.147483648000000000e+09,-2.147483648000000000e+09,-2.147483648000000000e+09,-2.147483648000000000e+09,-2.147483648000000000e+09,-2.147483648000000000e+09
-2.147483648000000000e+09,-2.147483648000000000e+09,-2.147483648000000000e+09,-2.147483648000000000e+09,-2.147483648000000000e+09,-2.147483648000000000e+09,-2.147483648000000000e+09,-2.147483648000000000e+09,-2.147483648000000000e+09,-2.147483648000000000e+09,8.881632000000000000e+06,8.881633000000000000e+06,8.881634000000000000e+06,8.881635000000000000e+06,8.881636000000000000e+06,8.881637000000000000e+06,8.881638000000000000e+06,8.881639000000000000e+06,8.881640000000000000e+06,8.881641000000000000e+06,8.881642000000000000e+06,8.881643000000000000e+06,8.881644000000000000e+06,8.881645000000000000e+06,8.881646000000000000e+06,8.881647000000000000e+06,8.881648000000000000e+06,8.881649000000000000e+06,8.881650000000000000e+06,8.881651000000000000e+06,8.881652000000000000e+06,8.881653000000000000e+06,8.881654000000000000e+06,8.881655000000000000e+06,8.881656000000000000e+06,8.881657000000000000e+06,8.881658000000000000e+06,8.881659000000000000e+06,8.881660000000000000e+06,8.881661000000000000e+06,8.881662000000000000e+06,8.881663000000000000e+06,8.881664000000000000e+06,8.881665000000000000e+06,8.881666000000000000e+06,-2.147483648000000000e+09,-2.147483648000000000e+09,-2.147483648000000000e+09,-2.147483648000000000e+09,-2.147483648000000000e+09,-2.147483648000000000e+09,-2.147483648000000000e+09,-2.147483648000000000e+09,-2.147483648000000000e+09,-2.147483648000000000e+09,-2.147483648000000000e+09,-2.147483648000000000e+09,-2.147483648000000000e+09,-2.147483648000000000e+09,-2.147483648000000000e+09,-2.147483648000000000e+09,-2.147483648000000000e+09,-2.147483648000000000e+09,-2.147483648000000000e+09,-2.147483648000000000e+09,-2.147483648000000000e+09,-2.147483648000000000e+09,-2.147483648000000000e+09,-2.147483648000000000e+09,-2.147483648000000000e+09
-2.147483648000000000e+09,-2.147483648000000000e+09,-2.147483648000000000e+09,-2.147483648000000000e+09,-2.147483648000000000e+09,-2.147483648000000000e+09,-2.147483648000000000e+09,-2.147483648000000000e+09,-2.147483648000000000e+09,8.888831000000000000e+06,8.888832000000000000e+06,8.888833000000000000e+06,8.888834000000000000e+06,8.888835000000000000e+06,8.888836000000000000e+06,8.888837000000000000e+06,8.888838000000000000e+06,8.888839000000000000e+06,8.888840000000000000e+06,8.888841000000000000e+06,8.888842000000000000e+06,8.888843000000000000e+06,8.888844000000000000e+06,8.888845000000000000e+06,8.888846000000000000e+06,8.888847000000000000e+06,8.888848000000000000e+06,8.888849000000000000e+06,8.888850000000000000e+06,8.888851000000000000e+06,8.888852000000000000e+06,8.888853000000000000e+06,8.888854000000000000e+06,8.888855000000000000e+06,8.888856000000000000e+06,8.888857000000000000e+06,8.888858000000000000e+06,8.888859000000000000e+06,8.888860000000000000e+06,8.888861000000000000e+06,8.888862000000000000e+06,8.888863000000000000e+06,8.888864000000000000e+06,8.888865000000000000e+06,-2.147483648000000000e+09,-2.147483648000000000e+09,-2.147483648000000000e+09,-2.147483648000000000e+09,-2.147483648000000000e+09,-2.147483648000000000e+09,-2.147483648000000000e+09,-2.147483648000000000e+09,-2.147483648000000000e+09,-2.147483648000000000e+09,-2.147483648000000000e+09,-2.147483648000000000e+09,-2.147483648000000000e+09,-2.147483648000000000e+09,-2.147483648000000000e+09,-2.147483648000000000e+09,-2.147483648000000000e+09,-2.147483648000000000e+09,-2.147483648000000000e+09,-2.147483648000000000e+09,-2.147483648000000000e+09,-2.147483648000000000e+09,-2.147483648000000000e+09,-2.147483648000000000e+09,-2.147483648000000000e+09,-2.147483648000000000e+09
-2.147483648000000000e+09,-2.147483648000000000e+09,-2.147483648000000000e+09,-2.147483648000000000e+09,-2.147483648000000000e+09,-2.147483648000000000e+09,-2.147483648000000000e+09,-2.147483648000000000e+09,8.896030000000000000e+06,8.896031000000000000e+06,8.896032000000000000e+06,8.896033000000000000e+06,8.896034000000000000e+06,8.896035000000000000e+06,8.896036000000000000e+06,8.896037000000000000e+06,8.896038000000000000e+06,8.896039000000000000e+06,8.896040000000000000e+06,8.896041000000000000e+06,8.896042000000000000e+06,8.896043000000000000e+06,8.896044000000000000e+06,8.896045000000000000e+06,8.896046000000000000e+06,8.896047000000000000e+06,8.896048000000000000e+06,8.896049000000000000e+06,8.896050000000000000e+06,8.896051000000000000e+06,8.896052000000000000e+06,8.896053000000000000e+06,8.896054000000000000e+06,8.896055000000000000e+06,8.896056000000000000e+06,8.896057000000000000e+06,8.896058000000000000e+06,8.896059000000000000e+06,8.896060000000000000e+06,8.896061000000000000e+06,8.896062000000000000e+06,8.896063000000000000e+06,8.896064000000000000e+06,-2.147483648000000000e+09,-2.147483648000000000e+09,-2.147483648000000000e+09,-2.147483648000000000e+09,-2.147483648000000000e+09,-2.147483648000000000e+09,-2.147483648000000000e+09,-2.147483648000000000e+09,-2.147483648000000000e+09,-2.147483648000000000e+09,-2.147483648000000000e+09,-2.147483648000000000e+09,-2.147483648000000000e+09,-2.147483648000000000e+09,-2.147483648000000000e+09,-2.147483648000000000e+09,-2.147483648000000000e+09,-2.147483648000000000e+09,-2.147483648000000000e+09,-2.147483648000000000e+09,-2.147483648000000000e+09,-2.147483648000000000e+09,-2.147483648000000000e+09,-2.147483648000000000e+09,-2.147483648000000000e+09,-2.147483648000000000e+09,-2.147483648000000000e+09
-2.147483648000000000e+09,-2.147483648000000000e+09,-2.147483648000000000e+09,-2.147483648000000000e+09,-2.147483648000000000e+09,-2.147483648000000000e+09,-2.147483648000000000e+09,8.903229000000000000e+06,8.903230000000000000e+06,8.903231000000000000e+06,8.903232000000000000e+06,8.903233000000000000e+06,8.903234000000000000e+06,8.903235000000000000e+06,8.903236000000000000e+06,8.903237000000000000e+06,8.903238000000000000e+06,8.903239000000000000e+06,8.903240000000000000e+06,8.903241000000000000e+06,8.903242000000000000e+06,8.903243000000000000e+06,8.903244000000000000e+06,8.903245000000000000e+06,8.903246000000000000e+06,8.903247000000000000e+06,8.903248000000000000e+06,8.903249000000000000e+06,8.903250000000000000e+06,8.903251000000000000e+06,8.903252000000000000e+06,8.903253000000000000e+06,8.903254000000000000e+06,8.903255000000000000e+06,8.903256000000000000e+06,8.903257000000000000e+06,8.903258000000000000e+06,8.903259000000000000e+06,8.903260000000000000e+06,8.903261000000000000e+06,8.903262000000000000e+06,8.903263000000000000e+06,-2.147483648000000000e+09,-2.147483648000000000e+09,-2.147483648000000000e+09,-2.147483648000000000e+09,-2.147483648000000000e+09,-2.147483648000000000e+09,-2.147483648000000000e+09,-2.147483648000000000e+09,-2.147483648000000000e+09,-2.147483648000000000e+09,-2.147483648000000000e+09,-2.147483648000000000e+09,-2.147483648000000000e+09,-2.147483648000000000e+09,-2.147483648000000000e+09,-2.147483648000000000e+09,-2.147483648000000000e+09,-2.147483648000000000e+09,-2.147483648000000000e+09,-2.147483648000000000e+09,-2.147483648000000000e+09,-2.147483648000000000e+09,-2.147483648000000000e+09,-2.147483648000000000e+09,-2.147483648000000000e+09,-2.147483648000000000e+09,-2.147483648000000000e+09,-2.147483648000000000e+09
-2.147483648000000000e+09,-2.147483648000000000e+09,-2.147483648000000000e+09,-2.147483648000000000e+09,-2.147483648000000000e+09,-2.147483648000000000e+09,8.910428000000000000e+06,8.910429000000000000e+06,8.910430000000000000e+06,8.910431000000000000e+06,8.910432000000000000e+06,8.910433000000000000e+06,8.910434000000000000e+06,8.910435000000000000e+06,8.910436000000000000e+06,8.910437000000000000e+06,8.910438000000000000e+06,8.910439000000000000e+06,8.910440000000000000e+06,8.910441000000000000e+06,8.910442000000000000e+06,8.910443000000000000e+06,8.910444000000000000e+06,8.910445000000000000e+06,8.910446000000000000e+06,8.910447000000000000e+06,8.910448000000000000e+06,8.910449000000000000e+06,8.910450000000000000e+06,8.910451000000000000e+06,8.910452000000000000e+06,8.910453000000000000e+06,8.910454000000000000e+06,8.910455000000000000e+06,8.910456000000000000e+06,8.910457000000000000e+06,8.910458000000000000e+06,8.910459000000000000e+06,8.910460000000000000e+06,8.910461000000000000e+06,8.910462000000000000e+06,-2.147483648000000000e+09,-2.147483648000000000e+09,-2.147483648000000000e+09,-2.147483648000000000e+09,-2.147483648000000000e+09,-2.147483648000000000e+09,-2.147483648000000000e+09,-2.147483648000000000e+09,-2.147483648000000000e+09,-2.147483648000000000e+09,-2.147483648000000000e+09,-2.147483648000000000e+09,-2.147483648000000000e+09,-2.147483648000000000e+09,-2.147483648000000000e+09,-2.147483648000000000e+09,-2.147483648000000000e+09,-2.147483648000000000e+09,-2.147483648000000000e+09,-2.147483648000000000e+09,-2.147483648000000000e+09,-2.147483648000000000e+09,-2.147483648000000000e+09,-2.147483648000000000e+09,-2.147483648000000000e+09,-2.147483648000000000e+09,-2.147483648000000000e+09,-2.147483648000000000e+09,-2.147483648000000000e+09
-2.147483648000000000e+09,-2.147483648000000000e+09,-2.147483648000000000e+09,-2.147483648000000000e+09,-2.147483648000000000e+09,8.917627000000000000e+06,8.917628000000000000e+06,8.917629000000000000e+06,8.917630000000000000e+06,8.917631000000000000e+06,8.917632000000000000e+06,8.917633000000000000e+06,8.917634000000000000e+06,8.917635000000000000e+06,8.917636000000000000e+06,8.917637000000000000e+06,8.917638000000000000e+06,8.917639000000000000e+06,8.917640000000000000e+06,8.917641000000000000e+06,8.917642000000000000e+06,8.917643000000000000e+06,8.917644000000000000e+06,8.917645000000000000e+06,8.917646000000000000e+06,8.917647000000000000e+06,8.917648000000000000e+06,8.917649000000000000e+06,8.917650000000000000e+06,8.917651000000000000e+06,8.917652000000000000e+06,8.917653000000000000e+06,8.917654000000000000e+06,8.917655000000000000e+06,8.917656000000000000e+06,8.917657000000000000e+06,8.917658000000000000e+06,8.917659000000000000e+06,8.917660000000000000e+06,8.917661000000000000e+06,-2.147483648000000000e+09,-2.147483648000000000e+09,-2.147483648000000000e+09,-2.147483648000000000e+09,-2.147483648000000000e+09,-2.147483648000000000e+09,-2.147483648000000000e+09,-2.147483648000000000e+09,-2.147483648000000000e+09,-2.147483648000000000e+09,-2.147483648000000000e+09,-2.147483648000000000e+09,-2.147483648000000000e+09,-2.147483648000000000e+09,-2.147483648000000000e+09,-2.147483648000000000e+09,-2.147483648000000000e+09,-2.147483648000000000e+09,-2.147483648000000000e+09,-2.147483648000000000e+09,-2.147483648000000000e+09,-2.147483648000000000e+09,-2.147483648000000000e+09,-2.147483648000000000e+09,-2.147483648000000000e+09,-2.147483648000000000e+09,-2.147483648000000000e+09,-2.147483648000000000e+09,-2.147483648000000000e+09,-2.147483648000000000e+09
-2.147483648000000000e+09,-2.147483648000000000e+09,-2.147483648000000000e+09,-2.147483648000000000e+09,8.924826000000000000e+06,8.924827000000000000e+06,8.924828000000000000e+06,8.924829000000000000e+06,8.924830000000000000e+06,8.924831000000000000e+06,8.924832000000000000e+06,8.924833000000000000e+06,8.924834000000000000e+06,8.924835000000000000e+06,8.924836000000000000e+06,8.924837000000000000e+06,8.924838000000000000e+06,8.924839000000000000e+06,8.924840000000000000e+06,8.924841000000000000e+06,8.924842000000000000e+06,8.924843000000000000e+06,8.924844000000000000e+06,8.924845000000000000e+06,8.924846000000000000e+06,8.924847000000000000e+06,8.924848000000000000e+06,8.924849000000000000e+06,8.924850000000000000e+06,8.924851000000000000e+06,8.924852000000000000e+06,8.924853000000000000e+06,8.924854000000000000e+06,8.924855000000000000e+06,8.924856000000000000e+06,8.924857000000000000e+06,8.924858000000000000e+06,8.924859000000000000e+06,8.924860000000000000e+06,-2.147483648000000000e+09,-2.147483648000000000e+09,-2.147483648000000000e+09,-2.147483648000000000e+09,-2.147483648000000000e+09,-2.147483648000000000e+09,-2.147483648000000000e+09,-2.147483648000000000e+09,-2.147483648000000000e+09,-2.147483648000000000e+09,-2.147483648000000000e+09,-2.147483648000000000e+09,-2.147483648000000000e+09,-2.147483648000000000e+09,-2.147483648000000000e+09,-2.147483648000000000e+09,-2.147483648000000000e+09,-2.147483648000000000e+09,-2.147483648000000000e+09,-2.147483648000000000e+09,-2.147483648000000000e+09,-2.147483648000000000e+09,-2.147483648000000000e+09,-2.147483648000000000e+09,-2.147483648000000000e+09,-2.147483648000000000e+09,-2.147483648000000000e+09,-2.147483648000000000e+09,-2.147483648000000000e+09,-2.147483648000000000e+09,-2.147483648000000000e+09
-2.147483648000000000e+09,-2.147483648000000000e+09,-2.147483648000000000e+09,8.932025000000000000e+06,8.932026000000000000e+06,8.932027000000000000e+06,8.932028000000000000e+06,8.932029000000000000e+06,8.932030000000000000e+06,8.932031000000000000e+06,8.932032000000000000e+06,8.932033000000000000e+06,8.932034000000000000e+06,8.932035000000000000e+06,8.932036000000000000e+06,8.932037000000000000e+06,8.932038000000000000e+06,8.932039000000000000e+06,8.932040000000000000e+06,8.932041000000000000e+06,8.932042000000000000e+06,8.932043000000000000e+06,8.932044000000000000e+06,8.932045000000000000e+06,8.932046000000000000e+06,8.932047000000000000e+06,8.932048000000000000e+06,8.932049000000000000e+06,8.932050000000000000e+06,8.932051000000000000e+06,8.932052000000000000e+06,8.932053000000000000e+06,8.932054000000000000e+06,8.932055000000000000e+06,8.932056000000000000e+06,8.932057000000000000e+06,8.932058000000000000e+06,8.932059000000000000e+06,-2.147483648000000000e+09,-2.147483648000000000e+09,-2.147483648000000000e+09,-2.147483648000000000e+09,-2.147483648000000000e+09,-2.147483648000000000e+09,-2.147483648000000000e+09,-2.147483648000000000e+09,-2.147483648000000000e+09,-2.147483648000000000e+09,-2.147483648000000000e+09,-2.147483648000000000e+09,-2.147483648000000000e+09,-2.147483648000000000e+09,-2.147483648000000000e+09,-2.147483648000000000e+09,-2.147483648000000000e+09,-2.147483648000000000e+09,-2.147483648000000000e+09,-2.147483648000000000e+09,-2.147483648000000000e+09,-2.147483648000000000e+09,-2.147483648000000000e+09,-2.147483648000000000e+09,-2.147483648000000000e+09,-2.147483648000000000e+09,-2.147483648000000000e+09,-2.147483648000000000e+09,-2.147483648000000000e+09,-2.147483648000000000e+09,-2.147483648000000000e+09,-2.147483648000000000e+09
-2.147483648000000000e+09,-2.147483648000000000e+09,8.939224000000000000e+06,8.939225000000000000e+06,8.939226000000000000e+06,8.939227000000000000e+06,8.939228000000000000e+06,8.939229000000000000e+06,8.939230000000000000e+06,8.939231000000000000e+06,8.939232000000000000e+06,8.939233000000000000e+06,8.939234000000000000e+06,8.939235000000000000e+06,8.939236000000000000e+06,8.939237000000000000e+06,8.939238000000000000e+06,8.939239000000000000e+06,8.939240000000000000e+06,8.939241000000000000e+06,8.939242000000000000e+06,8.939243000000000000e+06,8.939244000000000000e+06,8.939245000000000000e+06,8.939246000000000000e+06,8.939247000000000000e+06,8.939248000000000000e+06,8.939249000000000000e+06,8.939250000000000000e+06,8.939251000000000000e+06,8.939252000000000000e+06,8.939253000000000000e+06,8.939254000000000000e+06,8.939255000000000000e+06,8.939256000000000000e+06,8.939257000000000000e+06,8.939258000000000000e+06,-2.147483648000000000e+09,-2.147483648000000000e+09,-2.147483648000000000e+09,-2.147483648000000000e+09,-2.147483648000000000e+09,-2.147483648000000000e+09,-2.147483648000000000e+09,-2.147483648000000000e+09,-2.147483648000000000e+09,-2.147483648000000000e+09,-2.147483648000000000e+09,-2.147483648000000000e+09,-2.147483648000000000e+09,-2.147483648000000000e+09,-2.147483648000000000e+09,-2.147483648000000000e+09,-2.147483648000000000e+09,-2.147483648000000000e+09,-2.147483648000000000e+09,-2.147483648000000000e+09,-2.147483648000000000e+09,-2.147483648000000000e+09,-2.147483648000000000e+09,-2.147483648000000000e+09,-2.147483648000000000e+09,-2.147483648000000000e+09,-2.147483648000000000e+09,-2.147483648000000000e+09,-2.147483648000000000e+09,-2.147483648000000000e+09,-2.147483648000000000e+09,-2.147483648000000000e+09,-2.147483648000000000e+09
-2.147483648000000000e+09,8.946423000000000000e+06,8.946424000000000000e+06,8.946425000000000000e+06,8.946426000000000000e+06,8.946427000000000000e+06,8.946428000000000000e+06,8.946429000000000000e+06,8.946430000000000000e+06,8.946431000000000000e+06,8.946432000000000000e+06,8.946433000000000000e+06,8.946434000000000000e+06,8.946435000000000000e+06,8.946436000000000000e+06,8.946437000000000000e+06,8.946438000000000000e+06,8.946439000000000000e+06,8.946440000000000000e+06,8.946441000000000000e+06,8.946442000000000000e+06,8.946443000000000000e+06,8.946444000000000000e+06,8.946445000000000000e+06,8.946446000000000000e+06,8.946447000000000000e+06,8.946448000000000000e+06,8.946449000000000000e+06,8.946450000000000000e+06,8.946451000000000000e+06,8.946452000000000000e+06,8.946453000000000000e+06,8.946454000000000000e+06,8.946455000000000000e+06,8.946456000000000000e+06,8.946457000000000000e+06,-2.147483648000000000e+09,-2.147483648000000000e+09,-2.147483648000000000e+09,-2.147483648000000000e+09,-2.147483648000000000e+09,-2.147483648000000000e+09,-2.147483648000000000e+09,-2.147483648000000000e+09,-2.147483648000000000e+09,-2.147483648000000000e+09,-2.147483648000000000e+09,-2.147483648000000000e+09,-2.147483648000000000e+09,-2.147483648000000000e+09,-2.147483648000000000e+09,-2.147483648000000000e+09,-2.147483648000000000e+09,-2.147483648000000000e+09,-2.147483648000000000e+09,-2.147483648000000000e+09,-2.147483648000000000e+09,-2.147483648000000000e+09,-2.147483648000000000e+09,-2.147483648000000000e+09,-2.147483648000000000e+09,-2.147483648000000000e+09,-2.147483648000000000e+09,-2.147483648000000000e+09,-2.147483648000000000e+09,-2.147483648000000000e+09,-2.147483648000000000e+09,-2.147483648000000000e+09,-2.147483648000000000e+09,-2.147483648000000000e+09
8.953622000000000000e+06,8.953623000000000000e+06,8.953624000000000000e+06,8.953625000000000000e+06,8.953626000000000000e+06,8.953627000000000000e+06,8.953628000000000000e+06,8.953629000000000000e+06,8.953630000000000000e+06,8.953631000000000000e+06,8.953632000000000000e+06,8.953633000000000000e+06,8.953634000000000000e+06,8.953635000000000000e+06,8.953636000000000000e+06,8.953637000000000000e+06,8.953638000000000000e+06,8.953639000000000000e+06,8.953640000000000000e+06,8.953641000000000000e+06,8.953642000000000000e+06,8.953643000000000000e+06,8.953644000000000000e+06,-2.147483648000000000e+09,-2.147483648000000000e+09,-2.147483648000000000e+09,-2.147483648000000000e+09,-2.147483648000000000e+09,-2.147483648000000000e+09,-2.147483648000000000e+09,-2.147483648000000000e+09,-2.147483648000000000e+09,-2.147483648000000000e+09,-2.147483648000000000e+09,-2.147483648000000000e+09,-2.147483648000000000e+09,-2.147483648000000000e+09,-2.147483648000000000e+09,-2.147483648000000000e+09,-2.147483648000000000e+09,-2.147483648000000000e+09,-2.147483648000000000e+09,-2.147483648000000000e+09,-2.147483648000000000e+09,-2.147483648000000000e+09,-2.147483648000000000e+09,-2.147483648000000000e+09,-2.147483648000000000e+09,-2.147483648000000000e+09,-2.147483648000000000e+09,-2.147483648000000000e+09,-2.147483648000000000e+09,-2.147483648000000000e+09,-2.147483648000000000e+09,-2.147483648000000000e+09,-2.147483648000000000e+09,-2.147483648000000000e+09,-2.147483648000000000e+09,-2.147483648000000000e+09,-2.147483648000000000e+09,-2.147483648000000000e+09,-2.147483648000000000e+09,-2.147483648000000000e+09,-2.147483648000000000e+09,-2.147483648000000000e+09,-2.147483648000000000e+09,-2.147483648000000000e+09,-2.147483648000000000e+09,-2.147483648000000000e+09,-2.147483648000000000e+09
