-2.147483648000000000e+09,-2.147483648000000000e+09,-2.147483648000000000e+09,-2.147483648000000000e+09,-2.147483648000000000e+09,-2.147483648000000000e+09,-2.147483648000000000e+09,-2.147483648000000000e+09,-2.147483648000000000e+09,-2.147483648000000000e+09,-2.147483648000000000e+09,-2.147483648000000000e+09,-2.147483648000000000e+09,-2.147483648000000000e+09,-2.147483648000000000e+09,-2.147483648000000000e+09,-2.147483648000000000e+09,-2.147483648000000000e+09,-2.147483648000000000e+09,-2.147483648000000000e+09,-2.147483648000000000e+09,-2.147483648000000000e+09,-2.147483648000000000e+09,-2.147483648000000000e+09,-2.147483648000000000e+09,-2.147483648000000000e+09,1.367517200000000000e+07,1.367517300000000000e+07,1.367517400000000000e+07,1.367517500000000000e+07,1.367517600000000000e+07,1.367517700000000000e+07,1.367517800000000000e+07,1.367517900000000000e+07,1.367518000000000000e+07,1.367518100000000000e+07,1.367518200000000000e+07,1.367518300000000000e+07,1.367518400000000000e+07,1.367518500000000000e+07,1.367518600000000000e+07,1.367518700000000000e+07,1.367518800000000000e+07,1.367518900000000000e+07,1.367519000000000000e+07,1.367519100000000000e+07,1.367519200000000000e+07,1.367519300000000000e+07,1.367519400000000000e+07,1.367519500000000000e+07,1.367519600000000000e+07,1.367519700000000000e+07,1.367519800000000000e+07,1.367519900000000000e+07,1.367520000000000000e+07,1.367520100000000000e+07,1.367520200000000000e+07,-2.147483648000000000e+09,-2.147483648000000000e+09,-2.147483648000000000e+09
-2.147483648000000000e+09,-2.147483648000000000e+09,-2.147483648000000000e+09,-2.147483648000000000e+09,-2.147483648000000000e+09,-2.147483648000000000e+09,-2.147483648000000000e+09,-2.147483648000000000e+09,-2.147483648000000000e+09,-2.147483648000000000e+09,-2.147483648000000000e+09,-2.147483648000000000e+09,-2.147483648000000000e+09,-2.147483648000000000e+09,-2.147483648000000000e+09,-2.147483648000000000e+09,-2.147483648000000000e+09,-2.147483648000000000e+09,-2.147483648000000000e+09,-2.147483648000000000e+09,-2.147483648000000000e+09,-2.147483648000000000e+09,-2.147483648000000000e+09,-2.147483648000000000e+09,-2.147483648000000000e+09,1.368237100000000000e+07,1.368237200000000000e+07,1.368237300000000000e+07,1.368237400000000000e+07,1.368237500000000000e+07,1.368237600000000000e+07,1.368237700000000000e+07,1.368237800000000000e+07,1.368237900000000000e+07,1.368238000000000000e+07,1.368238100000000000e+07,1.368238200000000000e+07,1.368238300000000000e+07,1.368238400000000000e+07,1.368238500000000000e+07,1.368238600000000000e+07,1.368238700000000000e+07,1.368238800000000000e+07,1.368238900000000000e+07,1.368239000000000000e+07,1.368239100000000000e+07,1.368239200000000000e+07,1.368239300000000000e+07,1.368239400000000000e+07,1.368239500000000000e+07,1.368239600000000000e+07,1.368239700000000000e+07,1.368239800000000000e+07,1.368239900000000000e+07,1.368240000000000000e+07,1.368240100000000000e+07,1.368240200000000000e+07,1.368240300000000000e+07,-2.147483648000000000e+09,1.368240500000000000e+07
-2.147483648000000000e+09,-2.147483648000000000e+09,-2.147483648000000000e+09,-2.147483648000000000e+09,-2.147483648000000000e+09,-2.147483648000000000e+09,-2.147483648000000000e+09,-2.147483648000000000e+09,-2.147483648000000000e+09,-2.147483648000000000e+09,-2.147483648000000000e+09,-2.147483648000000000e+09,-2.147483648000000000e+09,-2.147483648000000000e+09,-2.147483648000000000e+09,-2.147483648000000000e+09,-2.147483648000000000e+09,-2.147483648000000000e+09,-2.147483648000000000e+09,-2.147483648000000000e+09,-2.147483648000000000e+09,-2.147483648000000000e+09,-2.147483648000000000e+09,-2.147483648000000000e+09,1.368957000000000000e+07,1.368957100000000000e+07,1.368957200000000000e+07,1.368957300000000000e+07,1.368957400000000000e+07,1.368957500000000000e+07,1.368957600000000000e+07,1.368957700000000000e+07,1.368957800000000000e+07,1.368957900000000000e+07,1.368958000000000000e+07,1.368958100000000000e+07,1.368958200000000000e+07,1.368958300000000000e+07,1.368958400000000000e+07,1.368958500000000000e+07,1.368958600000000000e+07,1.368958700000000000e+07,1.368958800000000000e+07,1.368958900000000000e+07,1.368959000000000000e+07,1.368959100000000000e+07,1.368959200000000000e+07,1.368959300000000000e+07,1.368959400000000000e+07,1.368959500000000000e+07,1.368959600000000000e+07,1.368959700000000000e+07,1.368959800000000000e+07,1.368959900000000000e+07,1.368960000000000000e+07,1.368960100000000000e+07,1.368960200000000000e+07,1.368960300000000000e+07,1.368960400000000000e+07,1.368960500000000000e+07
-2.147483648000000000e+09,-2.147483648000000000e+09,-2.147483648000000000e+09,-2.147483648000000000e+09,-2.147483648000000000e+09,-2.147483648000000000e+09,-2.147483648000000000e+09,-2.147483648000000000e+09,-2.147483648000000000e+09,-2.147483648000000000e+09,-2.147483648000000000e+09,-2.147483648000000000e+09,-2.147483648000000000e+09,-2.147483648000000000e+09,-2.147483648000000000e+09,-2.147483648000000000e+09,-2.147483648000000000e+09,-2.147483648000000000e+09,-2.147483648000000000e+09,-2.147483648000000000e+09,-2.147483648000000000e+09,-2.147483648000000000e+09,-2.147483648000000000e+09,1.369676900000000000e+07,1.369677000000000000e+07,1.369677100000000000e+07,1.369677200000000000e+07,1.369677300000000000e+07,1.369677400000000000e+07,1.369677500000000000e+07,1.369677600000000000e+07,1.369677700000000000e+07,1.369677800000000000e+07,1.369677900000000000e+07,1.369678000000000000e+07,1.369678100000000000e+07,1.369678200000000000e+07,1.369678300000000000e+07,1.369678400000000000e+07,1.369678500000000000e+07,1.369678600000000000e+07,1.369678700000000000e+07,1.369678800000000000e+07,1.369678900000000000e+07,1.369679000000000000e+07,1.369679100000000000e+07,1.369679200000000000e+07,1.369679300000000000e+07,1.369679400000000000e+07,1.369679500000000000e+07,1.369679600000000000e+07,1.369679700000000000e+07,1.369679800000000000e+07,1.369679900000000000e+07,1.369680000000000000e+07,1.369680100000000000e+07,1.369680200000000000e+07,1.369680300000000000e+07,1.369680400000000000e+07,1.369680500000000000e+07
-2.147483648000000000e+09,-2.147483648000000000e+09,-2.147483648000000000e+09,-2.147483648000000000e+09,-2.147483648000000000e+09,-2.147483648000000000e+09,-2.147483648000000000e+09,-2.147483648000000000e+09,-2.147483648000000000e+09,-2.147483648000000000e+09,-2.147483648000000000e+09,-2.147483648000000000e+09,-2.147483648000000000e+09,-2.147483648000000000e+09,-2.147483648000000000e+09,-2.147483648000000000e+09,-2.147483648000000000e+09,-2.147483648000000000e+09,-2.147483648000000000e+09,-2.147483648000000000e+09,-2.147483648000000000e+09,-2.147483648000000000e+09,1.370396800000000000e+07,1.370396900000000000e+07,1.370397000000000000e+07,1.370397100000000000e+07,1.370397200000000000e+07,1.370397300000000000e+07,1.370397400000000000e+07,1.370397500000000000e+07,1.370397600000000000e+07,1.370397700000000000e+07,1.370397800000000000e+07,1.370397900000000000e+07,1.370398000000000000e+07,1.370398100000000000e+07,1.370398200000000000e+07,1.370398300000000000e+07,1.370398400000000000e+07,1.370398500000000000e+07,1.370398600000000000e+07,1.370398700000000000e+07,1.370398800000000000e+07,1.370398900000000000e+07,1.370399000000000000e+07,1.370399100000000000e+07,1.370399200000000000e+07,1.370399300000000000e+07,1.370399400000000000e+07,1.370399500000000000e+07,1.370399600000000000e+07,1.370399700000000000e+07,1.370399800000000000e+07,1.370399900000000000e+07,1.370400000000000000e+07,1.370400100000000000e+07,1.370400200000000000e+07,1.370400300000000000e+07,1.370400400000000000e+07,-2.147483648000000000e+09
-2.147483648000000000e+09,-2.147483648000000000e+09,-2.147483648000000000e+09,-2.147483648000000000e+09,-2.147483648000000000e+09,-2.147483648000000000e+09,-2.147483648000000000e+09,-2.147483648000000000e+09,-2.147483648000000000e+09,-2.147483648000000000e+09,-2.147483648000000000e+09,-2.147483648000000000e+09,-2.147483648000000000e+09,-2.147483648000000000e+09,-2.147483648000000000e+09,-2.147483648000000000e+09,-2.147483648000000000e+09,-2.147483648000000000e+09,-2.147483648000000000e+09,-2.147483648000000000e+09,-2.147483648000000000e+09,1.371116700000000000e+07,1.371116800000000000e+07,1.371116900000000000e+07,1.371117000000000000e+07,1.371117100000000000e+07,1.371117200000000000e+07,1.371117300000000000e+07,1.371117400000000000e+07,1.371117500000000000e+07,1.371117600000000000e+07,1.371117700000000000e+07,1.371117800000000000e+07,1.371117900000000000e+07,1.371118000000000000e+07,1.371118100000000000e+07,1.371118200000000000e+07,1.371118300000000000e+07,1.371118400000000000e+07,1.371118500000000000e+07,1.371118600000000000e+07,1.371118700000000000e+07,1.371118800000000000e+07,1.371118900000000000e+07,1.371119000000000000e+07,1.371119100000000000e+07,1.371119200000000000e+07,1.371119300000000000e+07,1.371119400000000000e+07,1.371119500000000000e+07,1.371119600000000000e+07,1.371119700000000000e+07,1.371119800000000000e+07,1.371119900000000000e+07,1.371120000000000000e+07,1.371120100000000000e+07,1.371120200000000000e+07,1.371120300000000000e+07,1.371120400000000000e+07,-2.147483648000000000e+09
-2.147483648000000000e+09,-2.147483648000000000e+09,-2.147483648000000000e+09,-2.147483648000000000e+09,-2.147483648000000000e+09,-2.147483648000000000e+09,-2.147483648000000000e+09,-2.147483648000000000e+09,-2.147483648000000000e+09,-2.147483648000000000e+09,-2.147483648000000000e+09,-2.147483648000000000e+09,-2.147483648000000000e+09,-2.147483648000000000e+09,-2.147483648000000000e+09,-2.147483648000000000e+09,-2.147483648000000000e+09,-2.147483648000000000e+09,-2.147483648000000000e+09,-2.147483648000000000e+09,1.371836600000000000e+07,1.371836700000000000e+07,1.371836800000000000e+07,1.371836900000000000e+07,1.371837000000000000e+07,1.371837100000000000e+07,1.371837200000000000e+07,1.371837300000000000e+07,1.371837400000000000e+07,1.371837500000000000e+07,1.371837600000000000e+07,1.371837700000000000e+07,1.371837800000000000e+07,1.371837900000000000e+07,1.371838000000000000e+07,1.371838100000000000e+07,1.371838200000000000e+07,1.371838300000000000e+07,1.371838400000000000e+07,1.371838500000000000e+07,1.371838600000000000e+07,1.371838700000000000e+07,1.371838800000000000e+07,1.371838900000000000e+07,1.371839000000000000e+07,1.371839100000000000e+07,1.371839200000000000e+07,1.371839300000000000e+07,1.371839400000000000e+07,1.371839500000000000e+07,1.371839600000000000e+07,1.371839700000000000e+07,1.371839800000000000e+07,1.371839900000000000e+07,1.371840000000000000e+07,1.371840100000000000e+07,1.371840200000000000e+07,1.371840300000000000e+07,1.371840400000000000e+07,-2.147483648000000000e+09
-2.147483648000000000e+09,-2.147483648000000000e+09,-2.147483648000000000e+09,-2.147483648000000000e+09,-2.147483648000000000e+09,-2.147483648000000000e+09,-2.147483648000000000e+09,-2.147483648000000000e+09,-2.147483648000000000e+09,-2.147483648000000000e+09,-2.147483648000000000e+09,-2.147483648000000000e+09,-2.147483648000000000e+09,-2.147483648000000000e+09,-2.147483648000000000e+09,-2.147483648000000000e+09,-2.147483648000000000e+09,-2.147483648000000000e+09,-2.147483648000000000e+09,1.372556500000000000e+07,1.372556600000000000e+07,1.372556700000000000e+07,1.372556800000000000e+07,1.372556900000000000e+07,1.372557000000000000e+07,1.372557100000000000e+07,1.372557200000000000e+07,1.372557300000000000e+07,1.372557400000000000e+07,1.372557500000000000e+07,1.372557600000000000e+07,1.372557700000000000e+07,1.372557800000000000e+07,1.372557900000000000e+07,1.372558000000000000e+07,1.372558100000000000e+07,1.372558200000000000e+07,1.372558300000000000e+07,1.372558400000000000e+07,1.372558500000000000e+07,1.372558600000000000e+07,1.372558700000000000e+07,1.372558800000000000e+07,1.372558900000000000e+07,1.372559000000000000e+07,1.372559100000000000e+07,1.372559200000000000e+07,1.372559300000000000e+07,1.372559400000000000e+07,1.372559500000000000e+07,1.372559600000000000e+07,1.372559700000000000e+07,1.372559800000000000e+07,1.372559900000000000e+07,1.372560000000000000e+07,1.372560100000000000e+07,1.372560200000000000e+07,1.372560300000000000e+07,-2.147483648000000000e+09,-2.147483648000000000e+09
-2.147483648000000000e+09,-2.147483648000000000e+09,-2.147483648000000000e+09,-2.147483648000000000e+09,-2.147483648000000000e+09,-2.147483648000000000e+09,-2.147483648000000000e+09,-2.147483648000000000e+09,-2.147483648000000000e+09,-2.147483648000000000e+09,-2.147483648000000000e+09,-2.147483648000000000e+09,-2.147483648000000000e+09,-2.147483648000000000e+09,-2.147483648000000000e+09,-2.147483648000000000e+09,-2.147483648000000000e+09,-2.147483648000000000e+09,1.373276400000000000e+07,1.373276500000000000e+07,1.373276600000000000e+07,1.373276700000000000e+07,1.373276800000000000e+07,1.373276900000000000e+07,1.373277000000000000e+07,1.373277100000000000e+07,1.373277200000000000e+07,1.373277300000000000e+07,1.373277400000000000e+07,1.373277500000000000e+07,1.373277600000000000e+07,1.373277700000000000e+07,1.373277800000000000e+07,1.373277900000000000e+07,1.373278000000000000e+07,1.373278100000000000e+07,1.373278200000000000e+07,1.373278300000000000e+07,1.373278400000000000e+07,1.373278500000000000e+07,1.373278600000000000e+07,1.373278700000000000e+07,1.373278800000000000e+07,1.373278900000000000e+07,1.373279000000000000e+07,1.373279100000000000e+07,1.373279200000000000e+07,1.373279300000000000e+07,1.373279400000000000e+07,1.373279500000000000e+07,1.373279600000000000e+07,1.373279700000000000e+07,1.373279800000000000e+07,1.373279900000000000e+07,1.373280000000000000e+07,1.373280100000000000e+07,1.373280200000000000e+07,-2.147483648000000000e+09,-2.147483648000000000e+09,-2.147483648000000000e+09
-2.147483648000000000e+09,-2.147483648000000000e+09,-2.147483648000000000e+09,-2.147483648000000000e+09,-2.147483648000000000e+09,-2.147483648000000000e+09,-2.147483648000000000e+09,-2.147483648000000000e+09,-2.147483648000000000e+09,-2.147483648000000000e+09,-2.147483648000000000e+09,-2.147483648000000000e+09,-2.147483648000000000e+09,-2.147483648000000000e+09,-2.147483648000000000e+09,-2.147483648000000000e+09,-2.147483648000000000e+09,1.373996300000000000e+07,1.373996400000000000e+07,1.373996500000000000e+07,1.373996600000000000e+07,1.373996700000000000e+07,1.373996800000000000e+07,1.373996900000000000e+07,1.373997000000000000e+07,1.373997100000000000e+07,1.373997200000000000e+07,1.373997300000000000e+07,1.373997400000000000e+07,1.373997500000000000e+07,1.373997600000000000e+07,1.373997700000000000e+07,1.373997800000000000e+07,1.373997900000000000e+07,1.373998000000000000e+07,1.373998100000000000e+07,1.373998200000000000e+07,1.373998300000000000e+07,1.373998400000000000e+07,1.373998500000000000e+07,1.373998600000000000e+07,1.373998700000000000e+07,1.373998800000000000e+07,1.373998900000000000e+07,1.373999000000000000e+07,1.373999100000000000e+07,1.373999200000000000e+07,1.373999300000000000e+07,1.373999400000000000e+07,1.373999500000000000e+07,1.373999600000000000e+07,1.373999700000000000e+07,1.373999800000000000e+07,1.373999900000000000e+07,1.374000000000000000e+07,1.374000100000000000e+07,1.374000200000000000e+07,-2.147483648000000000e+09,-2.147483648000000000e+09,-2.147483648000000000e+09
-2.147483648000000000e+09,-2.147483648000000000e+09,-2.147483648000000000e+09,-2.147483648000000000e+09,-2.147483648000000000e+09,-2.147483648000000000e+09,-2.147483648000000000e+09,-2.147483648000000000e+09,-2.147483648000000000e+09,-2.147483648000000000e+09,-2.147483648000000000e+09,-2.147483648000000000e+09,-2.147483648000000000e+09,-2.147483648000000000e+09,-2.147483648000000000e+09,-2.147483648000000000e+09,1.374716200000000000e+07,1.374716300000000000e+07,1.374716400000000000e+07,1.374716500000000000e+07,1.374716600000000000e+07,1.374716700000000000e+07,1.374716800000000000e+07,1.374716900000000000e+07,1.374717000000000000e+07,1.374717100000000000e+07,1.374717200000000000e+07,1.374717300000000000e+07,1.374717400000000000e+07,1.374717500000000000e+07,1.374717600000000000e+07,1.374717700000000000e+07,1.374717800000000000e+07,1.374717900000000000e+07,1.374718000000000000e+07,1.374718100000000000e+07,1.374718200000000000e+07,1.374718300000000000e+07,1.374718400000000000e+07,1.374718500000000000e+07,1.374718600000000000e+07,1.374718700000000000e+07,1.374718800000000000e+07,1.374718900000000000e+07,1.374719000000000000e+07,1.374719100000000000e+07,1.374719200000000000e+07,1.374719300000000000e+07,1.374719400000000000e+07,1.374719500000000000e+07,1.374719600000000000e+07,1.374719700000000000e+07,1.374719800000000000e+07,1.374719900000000000e+07,1.374720000000000000e+07,1.374720100000000000e+07,-2.147483648000000000e+09,-2.147483648000000000e+09,-2.147483648000000000e+09,-2.147483648000000000e+09
-2.147483648000000000e+09,-2.147483648000000000e+09,-2.147483648000000000e+09,-2.147483648000000000e+09,-2.147483648000000000e+09,-2.147483648000000000e+09,-2.147483648000000000e+09,-2.147483648000000000e+09,-2.147483648000000000e+09,-2.147483648000000000e+09,-2.147483648000000000e+09,-2.147483648000000000e+09,-2.147483648000000000e+09,-2.147483648000000000e+09,-2.147483648000000000e+09,1.375436100000000000e+07,1.375436200000000000e+07,1.375436300000000000e+07,1.375436400000000000e+07,1.375436500000000000e+07,1.375436600000000000e+07,1.375436700000000000e+07,1.375436800000000000e+07,1.375436900000000000e+07,1.375437000000000000e+07,1.375437100000000000e+07,1.375437200000000000e+07,1.375437300000000000e+07,1.375437400000000000e+07,1.375437500000000000e+07,1.375437600000000000e+07,1.375437700000000000e+07,1.375437800000000000e+07,1.375437900000000000e+07,1.375438000000000000e+07,1.375438100000000000e+07,1.375438200000000000e+07,1.375438300000000000e+07,1.375438400000000000e+07,1.375438500000000000e+07,1.375438600000000000e+07,1.375438700000000000e+07,1.375438800000000000e+07,1.375438900000000000e+07,1.375439000000000000e+07,1.375439100000000000e+07,1.375439200000000000e+07,1.375439300000000000e+07,1.375439400000000000e+07,1.375439500000000000e+07,1.375439600000000000e+07,1.375439700000000000e+07,1.375439800000000000e+07,1.375439900000000000e+07,1.375440000000000000e+07,1.375440100000000000e+07,-2.147483648000000000e+09,-2.147483648000000000e+09,-2.147483648000000000e+09,-2.147483648000000000e+09
-2.147483648000000000e+09,-2.147483648000000000e+09,-2.147483648000000000e+09,-2.147483648000000000e+09,-2.147483648000000000e+09,-2.147483648000000000e+09,-2.147483648000000000e+09,-2.147483648000000000e+09,-2.147483648000000000e+09,-2.147483648000000000e+09,-2.147483648000000000e+09,-2.147483648000000000e+09,-2.147483648000000000e+09,-2.147483648000000000e+09,1.376156000000000000e+07,1.376156100000000000e+07,1.376156200000000000e+07,1.376156300000000000e+07,1.376156400000000000e+07,1.376156500000000000e+07,1.376156600000000000e+07,1.376156700000000000e+07,1.376156800000000000e+07,1.376156900000000000e+07,1.376157000000000000e+07,1.376157100000000000e+07,1.376157200000000000e+07,1.376157300000000000e+07,1.376157400000000000e+07,1.376157500000000000e+07,1.376157600000000000e+07,1.376157700000000000e+07,1.376157800000000000e+07,1.376157900000000000e+07,1.376158000000000000e+07,1.376158100000000000e+07,1.376158200000000000e+07,1.376158300000000000e+07,1.376158400000000000e+07,1.376158500000000000e+07,1.376158600000000000e+07,1.376158700000000000e+07,1.376158800000000000e+07,1.376158900000000000e+07,1.376159000000000000e+07,1.376159100000000000e+07,1.376159200000000000e+07,1.376159300000000000e+07,1.376159400000000000e+07,1.376159500000000000e+07,1.376159600000000000e+07,1.376159700000000000e+07,1.376159800000000000e+07,1.376159900000000000e+07,1.376160000000000000e+07,1.376160100000000000e+07,-2.147483648000000000e+09,-2.147483648000000000e+09,-2.147483648000000000e+09,-2.147483648000000000e+09
-2.147483648000000000e+09,-2.147483648000000000e+09,-2.147483648000000000e+09,-2.147483648000000000e+09,-2.147483648000000000e+09,-2.147483648000000000e+09,-2.147483648000000000e+09,-2.147483648000000000e+09,-2.147483648000000000e+09,-2.147483648000000000e+09,-2.147483648000000000e+09,-2.147483648000000000e+09,-2.147483648000000000e+09,1.376875900000000000e+07,1.376876000000000000e+07,1.376876100000000000e+07,1.376876200000000000e+07,1.376876300000000000e+07,1.376876400000000000e+07,1.376876500000000000e+07,1.376876600000000000e+07,1.376876700000000000e+07,1.376876800000000000e+07,1.376876900000000000e+07,1.376877000000000000e+07,1.376877100000000000e+07,1.376877200000000000e+07,1.376877300000000000e+07,1.376877400000000000e+07,1.376877500000000000e+07,1.376877600000000000e+07,1.376877700000000000e+07,1.376877800000000000e+07,1.376877900000000000e+07,1.376878000000000000e+07,1.376878100000000000e+07,1.376878200000000000e+07,1.376878300000000000e+07,1.376878400000000000e+07,1.376878500000000000e+07,1.376878600000000000e+07,1.376878700000000000e+07,1.376878800000000000e+07,1.376878900000000000e+07,1.376879000000000000e+07,1.376879100000000000e+07,1.376879200000000000e+07,1.376879300000000000e+07,1.376879400000000000e+07,1.376879500000000000e+07,1.376879600000000000e+07,1.376879700000000000e+07,1.376879800000000000e+07,1.376879900000000000e+07,1.376880000000000000e+07,-2.147483648000000000e+09,-2.147483648000000000e+09,-2.147483648000000000e+09,-2.147483648000000000e+09,-2.147483648000000000e+09
-2.147483648000000000e+09,-2.147483648000000000e+09,-2.147483648000000000e+09,-2.147483648000000000e+09,-2.147483648000000000e+09,-2.147483648000000000e+09,-2.147483648000000000e+09,-2.147483648000000000e+09,-2.147483648000000000e+09,-2.147483648000000000e+09,-2.147483648000000000e+09,-2.147483648000000000e+09,1.377595900000000000e+07,1.377595900000000000e+07,1.377596000000000000e+07,1.377596100000000000e+07,1.377596200000000000e+07,1.377596300000000000e+07,1.377596400000000000e+07,1.377596500000000000e+07,1.377596600000000000e+07,1.377596700000000000e+07,1.377596800000000000e+07,1.377596900000000000e+07,1.377597000000000000e+07,1.377597100000000000e+07,1.377597200000000000e+07,1.377597300000000000e+07,1.377597400000000000e+07,1.377597500000000000e+07,1.377597600000000000e+07,1.377597700000000000e+07,1.377597800000000000e+07,1.377597900000000000e+07,1.377598000000000000e+07,1.377598100000000000e+07,1.377598200000000000e+07,1.377598300000000000e+07,1.377598400000000000e+07,1.377598500000000000e+07,1.377598600000000000e+07,1.377598700000000000e+07,1.377598800000000000e+07,1.377598900000000000e+07,1.377599000000000000e+07,1.377599100000000000e+07,1.377599200000000000e+07,1.377599300000000000e+07,1.377599400000000000e+07,1.377599500000000000e+07,1.377599600000000000e+07,1.377599700000000000e+07,1.377599800000000000e+07,1.377599900000000000e+07,-2.147483648000000000e+09,-2.147483648000000000e+09,-2.147483648000000000e+09,-2.147483648000000000e+09,-2.147483648000000000e+09,-2.147483648000000000e+09
-2.147483648000000000e+09,-2.147483648000000000e+09,-2.147483648000000000e+09,-2.147483648000000000e+09,-2.147483648000000000e+09,-2.147483648000000000e+09,-2.147483648000000000e+09,-2.147483648000000000e+09,-2.147483648000000000e+09,-2.147483648000000000e+09,-2.147483648000000000e+09,-2.147483648000000000e+09,1.378315900000000000e+07,1.378315900000000000e+07,1.378316000000000000e+07,1.378316100000000000e+07,1.378316200000000000e+07,1.378316300000000000e+07,1.378316400000000000e+07,1.378316500000000000e+07,1.378316600000000000e+07,1.378316700000000000e+07,1.378316800000000000e+07,1.378316900000000000e+07,1.378317000000000000e+07,1.378317100000000000e+07,1.378317200000000000e+07,1.378317300000000000e+07,1.378317400000000000e+07,1.378317500000000000e+07,1.378317600000000000e+07,1.378317700000000000e+07,1.378317800000000000e+07,1.378317900000000000e+07,1.378318000000000000e+07,1.378318100000000000e+07,1.378318200000000000e+07,1.378318300000000000e+07,1.378318400000000000e+07,1.378318500000000000e+07,1.378318600000000000e+07,1.378318700000000000e+07,1.378318800000000000e+07,1.378318900000000000e+07,1.378319000000000000e+07,1.378319100000000000e+07,1.378319200000000000e+07,1.378319300000000000e+07,1.378319400000000000e+07,1.378319500000000000e+07,1.378319600000000000e+07,1.378319700000000000e+07,-2.147483648000000000e+09,-2.147483648000000000e+09,-2.147483648000000000e+09,-2.147483648000000000e+09,-2.147483648000000000e+09,-2.147483648000000000e+09,-2.147483648000000000e+09,-2.147483648000000000e+09
-2.147483648000000000e+09,-2.147483648000000000e+09,-2.147483648000000000e+09,-2.147483648000000000e+09,-2.147483648000000000e+09,-2.147483648000000000e+09,-2.147483648000000000e+09,-2.147483648000000000e+09,-2.147483648000000000e+09,-2.147483648000000000e+09,-2.147483648000000000e+09,1.379035800000000000e+07,1.379035900000000000e+07,1.379035900000000000e+07,1.379036000000000000e+07,1.379036100000000000e+07,1.379036200000000000e+07,1.379036300000000000e+07,1.379036400000000000e+07,1.379036500000000000e+07,1.379036600000000000e+07,1.379036700000000000e+07,1.379036800000000000e+07,1.379036900000000000e+07,1.379037000000000000e+07,1.379037100000000000e+07,1.379037200000000000e+07,1.379037300000000000e+07,1.379037400000000000e+07,1.379037500000000000e+07,1.379037600000000000e+07,1.379037700000000000e+07,1.379037800000000000e+07,1.379037900000000000e+07,1.379038000000000000e+07,1.379038100000000000e+07,1.379038200000000000e+07,1.379038300000000000e+07,1.379038400000000000e+07,1.379038500000000000e+07,1.379038600000000000e+07,1.379038700000000000e+07,1.379038800000000000e+07,1.379038900000000000e+07,1.379039000000000000e+07,1.379039100000000000e+07,1.379039200000000000e+07,1.379039300000000000e+07,1.379039400000000000e+07,1.379039500000000000e+07,-2.147483648000000000e+09,-2.147483648000000000e+09,-2.147483648000000000e+09,-2.147483648000000000e+09,-2.147483648000000000e+09,-2.147483648000000000e+09,-2.147483648000000000e+09,-2.147483648000000000e+09,-2.147483648000000000e+09,-2.147483648000000000e+09
-2.147483648000000000e+09,-2.147483648000000000e+09,-2.147483648000000000e+09,-2.147483648000000000e+09,-2.147483648000000000e+09,-2.147483648000000000e+09,-2.147483648000000000e+09,-2.147483648000000000e+09,-2.147483648000000000e+09,-2.147483648000000000e+09,1.379755700000000000e+07,1.379755800000000000e+07,1.379755900000000000e+07,1.379755900000000000e+07,1.379756000000000000e+07,1.379756100000000000e+07,1.379756200000000000e+07,1.379756300000000000e+07,1.379756400000000000e+07,1.379756500000000000e+07,1.379756600000000000e+07,1.379756700000000000e+07,1.379756800000000000e+07,1.379756900000000000e+07,1.379757000000000000e+07,1.379757100000000000e+07,1.379757200000000000e+07,1.379757300000000000e+07,1.379757400000000000e+07,1.379757500000000000e+07,1.379757600000000000e+07,1.379757700000000000e+07,1.379757800000000000e+07,1.379757900000000000e+07,1.379758000000000000e+07,1.379758100000000000e+07,1.379758200000000000e+07,1.379758300000000000e+07,1.379758400000000000e+07,1.379758500000000000e+07,1.379758600000000000e+07,1.379758700000000000e+07,1.379758800000000000e+07,1.379758900000000000e+07,1.379759000000000000e+07,1.379759100000000000e+07,1.379759200000000000e+07,1.379759300000000000e+07,1.379759400000000000e+07,-2.147483648000000000e+09,-2.147483648000000000e+09,-2.147483648000000000e+09,-2.147483648000000000e+09,-2.147483648000000000e+09,-2.147483648000000000e+09,-2.147483648000000000e+09,-2.147483648000000000e+09,-2.147483648000000000e+09,-2.147483648000000000e+09,-2.147483648000000000e+09
-2.147483648000000000e+09,-2.147483648000000000e+09,-2.147483648000000000e+09,-2.147483648000000000e+09,-2.147483648000000000e+09,-2.147483648000000000e+09,-2.147483648000000000e+09,-2.147483648000000000e+09,-2.147483648000000000e+09,1.380475600000000000e+07,1.380475700000000000e+07,1.380475800000000000e+07,1.380475900000000000e+07,1.380475900000000000e+07,1.380476000000000000e+07,1.380476100000000000e+07,1.380476200000000000e+07,1.380476300000000000e+07,1.380476400000000000e+07,1.380476500000000000e+07,1.380476600000000000e+07,1.380476700000000000e+07,1.380476800000000000e+07,1.380476900000000000e+07,1.380477000000000000e+07,1.380477100000000000e+07,1.380477200000000000e+07,1.380477300000000000e+07,1.380477400000000000e+07,1.380477500000000000e+07,1.380477600000000000e+07,1.380477700000000000e+07,1.380477800000000000e+07,1.380477900000000000e+07,1.380478000000000000e+07,1.380478100000000000e+07,1.380478200000000000e+07,1.380478300000000000e+07,1.380478400000000000e+07,1.380478500000000000e+07,1.380478600000000000e+07,1.380478700000000000e+07,1.380478800000000000e+07,1.380478900000000000e+07,1.380479000000000000e+07,1.380479100000000000e+07,1.380479200000000000e+07,1.380479300000000000e+07,-2.147483648000000000e+09,-2.147483648000000000e+09,-2.147483648000000000e+09,-2.147483648000000000e+09,-2.147483648000000000e+09,-2.147483648000000000e+09,-2.147483648000000000e+09,-2.147483648000000000e+09,-2.147483648000000000e+09,-2.147483648000000000e+09,-2.147483648000000000e+09,-2.147483648000000000e+09
-2.147483648000000000e+09,-2.147483648000000000e+09,-2.147483648000000000e+09,-2.147483648000000000e+09,-2.147483648000000000e+09,-2.147483648000000000e+09,-2.147483648000000000e+09,-2.147483648000000000e+09,-2.147483648000000000e+09,-2.147483648000000000e+09,-2.147483648000000000e+09,1.381195800000000000e+07,1.381195900000000000e+07,1.381195900000000000e+07,1.381196000000000000e+07,1.381196100000000000e+07,1.381196200000000000e+07,1.381196300000000000e+07,1.381196400000000000e+07,1.381196500000000000e+07,1.381196600000000000e+07,1.381196700000000000e+07,1.381196800000000000e+07,1.381196900000000000e+07,1.381197000000000000e+07,1.381197100000000000e+07,1.381197200000000000e+07,1.381197300000000000e+07,1.381197400000000000e+07,1.381197500000000000e+07,1.381197600000000000e+07,1.381197700000000000e+07,1.381197800000000000e+07,1.381197900000000000e+07,1.381198000000000000e+07,1.381198100000000000e+07,1.381198200000000000e+07,1.381198300000000000e+07,1.381198400000000000e+07,1.381198500000000000e+07,1.381198600000000000e+07,1.381198700000000000e+07,1.381198800000000000e+07,1.381198900000000000e+07,-2.147483648000000000e+09,-2.147483648000000000e+09,1.381199200000000000e+07,-2.147483648000000000e+09,-2.147483648000000000e+09,-2.147483648000000000e+09,-2.147483648000000000e+09,-2.147483648000000000e+09,-2.147483648000000000e+09,-2.147483648000000000e+09,-2.147483648000000000e+09,-2.147483648000000000e+09,-2.147483648000000000e+09,-2.147483648000000000e+09,-2.147483648000000000e+09,-2.147483648000000000e+09
-2.147483648000000000e+09,-2.147483648000000000e+09,-2.147483648000000000e+09,-2.147483648000000000e+09,-2.147483648000000000e+09,-2.147483648000000000e+09,-2.147483648000000000e+09,-2.147483648000000000e+09,-2.147483648000000000e+09,-2.147483648000000000e+09,1.381915700000000000e+07,1.381915800000000000e+07,1.381915900000000000e+07,1.381915900000000000e+07,1.381916000000000000e+07,1.381916100000000000e+07,1.381916200000000000e+07,1.381916300000000000e+07,1.381916400000000000e+07,1.381916500000000000e+07,1.381916600000000000e+07,1.381916700000000000e+07,1.381916800000000000e+07,1.381916900000000000e+07,1.381917000000000000e+07,1.381917100000000000e+07,1.381917200000000000e+07,1.381917300000000000e+07,1.381917400000000000e+07,1.381917500000000000e+07,1.381917600000000000e+07,1.381917700000000000e+07,1.381917800000000000e+07,1.381917900000000000e+07,1.381918000000000000e+07,1.381918100000000000e+07,1.381918200000000000e+07,1.381918300000000000e+07,1.381918400000000000e+07,1.381918500000000000e+07,1.381918600000000000e+07,1.381918700000000000e+07,-2.147483648000000000e+09,-2.147483648000000000e+09,-2.147483648000000000e+09,-2.147483648000000000e+09,-2.147483648000000000e+09,-2.147483648000000000e+09,-2.147483648000000000e+09,-2.147483648000000000e+09,-2.147483648000000000e+09,-2.147483648000000000e+09,-2.147483648000000000e+09,-2.147483648000000000e+09,-2.147483648000000000e+09,-2.147483648000000000e+09,-2.147483648000000000e+09,-2.147483648000000000e+09,-2.147483648000000000e+09,-2.147483648000000000e+09
-2.147483648000000000e+09,-2.147483648000000000e+09,-2.147483648000000000e+09,-2.147483648000000000e+09,-2.147483648000000000e+09,-2.147483648000000000e+09,-2.147483648000000000e+09,-2.147483648000000000e+09,-2.147483648000000000e+09,1.382635600000000000e+07,1.382635700000000000e+07,1.382635800000000000e+07,1.382635900000000000e+07,1.382635900000000000e+07,1.382636000000000000e+07,1.382636100000000000e+07,1.382636200000000000e+07,1.382636300000000000e+07,1.382636400000000000e+07,1.382636500000000000e+07,1.382636600000000000e+07,1.382636700000000000e+07,1.382636800000000000e+07,1.382636900000000000e+07,1.382637000000000000e+07,1.382637100000000000e+07,1.382637200000000000e+07,1.382637300000000000e+07,1.382637400000000000e+07,1.382637500000000000e+07,1.382637600000000000e+07,1.382637700000000000e+07,1.382637800000000000e+07,1.382637900000000000e+07,1.382638000000000000e+07,1.382638100000000000e+07,1.382638200000000000e+07,1.382638300000000000e+07,1.382638400000000000e+07,1.382638500000000000e+07,1.382638600000000000e+07,1.382638700000000000e+07,-2.147483648000000000e+09,-2.147483648000000000e+09,-2.147483648000000000e+09,-2.147483648000000000e+09,-2.147483648000000000e+09,-2.147483648000000000e+09,-2.147483648000000000e+09,-2.147483648000000000e+09,-2.147483648000000000e+09,-2.147483648000000000e+09,-2.147483648000000000e+09,-2.147483648000000000e+09,-2.147483648000000000e+09,-2.147483648000000000e+09,-2.147483648000000000e+09,-2.147483648000000000e+09,-2.147483648000000000e+09,-2.147483648000000000e+09
-2.147483648000000000e+09,-2.147483648000000000e+09,-2.147483648000000000e+09,-2.147483648000000000e+09,-2.147483648000000000e+09,-2.147483648000000000e+09,-2.147483648000000000e+09,-2.147483648000000000e+09,1.383355500000000000e+07,1.383355600000000000e+07,1.383355700000000000e+07,1.383355800000000000e+07,1.383355900000000000e+07,1.383355900000000000e+07,1.383356000000000000e+07,1.383356100000000000e+07,1.383356200000000000e+07,1.383356300000000000e+07,1.383356400000000000e+07,1.383356500000000000e+07,1.383356600000000000e+07,1.383356700000000000e+07,1.383356800000000000e+07,1.383356900000000000e+07,1.383357000000000000e+07,1.383357100000000000e+07,1.383357200000000000e+07,1.383357300000000000e+07,1.383357400000000000e+07,1.383357500000000000e+07,1.383357600000000000e+07,1.383357700000000000e+07,1.383357800000000000e+07,1.383357900000000000e+07,1.383358000000000000e+07,1.383358100000000000e+07,1.383358200000000000e+07,1.383358300000000000e+07,1.383358400000000000e+07,1.383358500000000000e+07,1.383358600000000000e+07,1.383358700000000000e+07,-2.147483648000000000e+09,-2.147483648000000000e+09,-2.147483648000000000e+09,-2.147483648000000000e+09,-2.147483648000000000e+09,-2.147483648000000000e+09,-2.147483648000000000e+09,-2.147483648000000000e+09,-2.147483648000000000e+09,-2.147483648000000000e+09,-2.147483648000000000e+09,-2.147483648000000000e+09,-2.147483648000000000e+09,-2.147483648000000000e+09,-2.147483648000000000e+09,-2.147483648000000000e+09,-2.147483648000000000e+09,-2.147483648000000000e+09
-2.147483648000000000e+09,-2.147483648000000000e+09,-2.147483648000000000e+09,-2.147483648000000000e+09,-2.147483648000000000e+09,-2.147483648000000000e+09,-2.147483648000000000e+09,1.384075400000000000e+07,1.384075500000000000e+07,1.384075600000000000e+07,1.384075700000000000e+07,1.384075800000000000e+07,1.384075900000000000e+07,1.384075900000000000e+07,1.384076000000000000e+07,1.384076100000000000e+07,1.384076200000000000e+07,1.384076300000000000e+07,1.384076400000000000e+07,1.384076500000000000e+07,1.384076600000000000e+07,1.384076700000000000e+07,1.384076800000000000e+07,1.384076900000000000e+07,1.384077000000000000e+07,1.384077100000000000e+07,1.384077200000000000e+07,1.384077300000000000e+07,1.384077400000000000e+07,1.384077500000000000e+07,1.384077600000000000e+07,1.384077700000000000e+07,1.384077800000000000e+07,1.384077900000000000e+07,1.384078000000000000e+07,1.384078100000000000e+07,1.384078200000000000e+07,1.384078300000000000e+07,1.384078400000000000e+07,1.384078500000000000e+07,1.384078600000000000e+07,-2.147483648000000000e+09,-2.147483648000000000e+09,-2.147483648000000000e+09,-2.147483648000000000e+09,-2.147483648000000000e+09,-2.147483648000000000e+09,-2.147483648000000000e+09,-2.147483648000000000e+09,-2.147483648000000000e+09,-2.147483648000000000e+09,-2.147483648000000000e+09,-2.147483648000000000e+09,-2.147483648000000000e+09,-2.147483648000000000e+09,-2.147483648000000000e+09,-2.147483648000000000e+09,-2.147483648000000000e+09,-2.147483648000000000e+09,-2.147483648000000000e+09
-2.147483648000000000e+09,-2.147483648000000000e+09,-2.147483648000000000e+09,-2.147483648000000000e+09,-2.147483648000000000e+09,-2.147483648000000000e+09,1.384795300000000000e+07,1.384795400000000000e+07,1.384795500000000000e+07,1.384795600000000000e+07,1.384795700000000000e+07,1.384795800000000000e+07,1.384795900000000000e+07,1.384795900000000000e+07,1.384796000000000000e+07,1.384796100000000000e+07,1.384796200000000000e+07,1.384796300000000000e+07,1.384796400000000000e+07,1.384796500000000000e+07,1.384796600000000000e+07,1.384796700000000000e+07,1.384796800000000000e+07,1.384796900000000000e+07,1.384797000000000000e+07,1.384797100000000000e+07,1.384797200000000000e+07,1.384797300000000000e+07,1.384797400000000000e+07,1.384797500000000000e+07,1.384797600000000000e+07,1.384797700000000000e+07,1.384797800000000000e+07,1.384797900000000000e+07,1.384798000000000000e+07,1.384798100000000000e+07,1.384798200000000000e+07,1.384798300000000000e+07,1.384798400000000000e+07,1.384798500000000000e+07,1.384798600000000000e+07,1.384798700000000000e+07,-2.147483648000000000e+09,-2.147483648000000000e+09,-2.147483648000000000e+09,-2.147483648000000000e+09,-2.147483648000000000e+09,-2.147483648000000000e+09,-2.147483648000000000e+09,-2.147483648000000000e+09,-2.147483648000000000e+09,-2.147483648000000000e+09,-2.147483648000000000e+09,-2.147483648000000000e+09,-2.147483648000000000e+09,-2.147483648000000000e+09,-2.147483648000000000e+09,-2.147483648000000000e+09,-2.147483648000000000e+09,-2.147483648000000000e+09
-2.147483648000000000e+09,-2.147483648000000000e+09,-2.147483648000000000e+09,-2.147483648000000000e+09,-2.147483648000000000e+09,-2.147483648000000000e+09,1.385515300000000000e+07,1.385515400000000000e+07,1.385515500000000000e+07,1.385515600000000000e+07,1.385515700000000000e+07,1.385515800000000000e+07,1.385515900000000000e+07,1.385515900000000000e+07,1.385516000000000000e+07,1.385516100000000000e+07,1.385516200000000000e+07,1.385516300000000000e+07,1.385516400000000000e+07,1.385516500000000000e+07,1.385516600000000000e+07,1.385516700000000000e+07,1.385516800000000000e+07,1.385516900000000000e+07,1.385517000000000000e+07,1.385517100000000000e+07,1.385517200000000000e+07,1.385517300000000000e+07,1.385517400000000000e+07,1.385517500000000000e+07,1.385517600000000000e+07,1.385517700000000000e+07,1.385517800000000000e+07,1.385517900000000000e+07,1.385518000000000000e+07,1.385518100000000000e+07,1.385518200000000000e+07,1.385518300000000000e+07,1.385518400000000000e+07,1.385518500000000000e+07,1.385518600000000000e+07,1.385518700000000000e+07,-2.147483648000000000e+09,-2.147483648000000000e+09,-2.147483648000000000e+09,-2.147483648000000000e+09,-2.147483648000000000e+09,-2.147483648000000000e+09,-2.147483648000000000e+09,-2.147483648000000000e+09,-2.147483648000000000e+09,-2.147483648000000000e+09,-2.147483648000000000e+09,-2.147483648000000000e+09,-2.147483648000000000e+09,-2.147483648000000000e+09,-2.147483648000000000e+09,-2.147483648000000000e+09,-2.147483648000000000e+09,-2.147483648000000000e+09
-2.147483648000000000e+09,-2.147483648000000000e+09,-2.147483648000000000e+09,-2.147483648000000000e+09,-2.147483648000000000e+09,-2.147483648000000000e+09,-2.147483648000000000e+09,1.386235400000000000e+07,1.386235500000000000e+07,1.386235600000000000e+07,1.386235700000000000e+07,1.386235800000000000e+07,1.386235900000000000e+07,1.386235900000000000e+07,1.386236000000000000e+07,1.386236100000000000e+07,1.386236200000000000e+07,1.386236300000000000e+07,1.386236400000000000e+07,1.386236500000000000e+07,1.386236600000000000e+07,1.386236700000000000e+07,1.386236800000000000e+07,1.386236900000000000e+07,1.386237000000000000e+07,1.386237100000000000e+07,1.386237200000000000e+07,1.386237300000000000e+07,1.386237400000000000e+07,1.386237500000000000e+07,1.386237600000000000e+07,1.386237700000000000e+07,1.386237800000000000e+07,1.386237900000000000e+07,1.386238000000000000e+07,1.386238100000000000e+07,1.386238200000000000e+07,1.386238300000000000e+07,1.386238400000000000e+07,1.386238500000000000e+07,-2.147483648000000000e+09,-2.147483648000000000e+09,-2.147483648000000000e+09,-2.147483648000000000e+09,-2.147483648000000000e+09,-2.147483648000000000e+09,-2.147483648000000000e+09,-2.147483648000000000e+09,-2.147483648000000000e+09,-2.147483648000000000e+09,-2.147483648000000000e+09,-2.147483648000000000e+09,-2.147483648000000000e+09,-2.147483648000000000e+09,-2.147483648000000000e+09,-2.147483648000000000e+09,-2.147483648000000000e+09,-2.147483648000000000e+09,-2.147483648000000000e+09,-2.147483648000000000e+09
-2.147483648000000000e+09,-2.147483648000000000e+09,-2.147483648000000000e+09,-2.147483648000000000e+09,-2.147483648000000000e+09,-2.147483648000000000e+09,-2.147483648000000000e+09,1.386955400000000000e+07,1.386955500000000000e+07,1.386955600000000000e+07,1.386955700000000000e+07,1.386955800000000000e+07,1.386955900000000000e+07,1.386955900000000000e+07,1.386956000000000000e+07,1.386956100000000000e+07,1.386956200000000000e+07,1.386956300000000000e+07,1.386956400000000000e+07,1.386956500000000000e+07,1.386956600000000000e+07,1.386956700000000000e+07,1.386956800000000000e+07,1.386956900000000000e+07,1.386957000000000000e+07,1.386957100000000000e+07,1.386957200000000000e+07,1.386957300000000000e+07,1.386957400000000000e+07,1.386957500000000000e+07,1.386957600000000000e+07,1.386957700000000000e+07,1.386957800000000000e+07,1.386957900000000000e+07,1.386958000000000000e+07,1.386958100000000000e+07,1.386958200000000000e+07,1.386958300000000000e+07,-2.147483648000000000e+09,-2.147483648000000000e+09,-2.147483648000000000e+09,-2.147483648000000000e+09,-2.147483648000000000e+09,-2.147483648000000000e+09,-2.147483648000000000e+09,-2.147483648000000000e+09,-2.147483648000000000e+09,-2.147483648000000000e+09,-2.147483648000000000e+09,-2.147483648000000000e+09,-2.147483648000000000e+09,-2.147483648000000000e+09,-2.147483648000000000e+09,-2.147483648000000000e+09,-2.147483648000000000e+09,-2.147483648000000000e+09,-2.147483648000000000e+09,-2.147483648000000000e+09,-2.147483648000000000e+09,-2.147483648000000000e+09
-2.147483648000000000e+09,-2.147483648000000000e+09,-2.147483648000000000e+09,-2.147483648000000000e+09,-2.147483648000000000e+09,-2.147483648000000000e+09,1.387675300000000000e+07,1.387675400000000000e+07,1.387675500000000000e+07,1.387675600000000000e+07,1.387675700000000000e+07,1.387675800000000000e+07,1.387675900000000000e+07,1.387675900000000000e+07,1.387676000000000000e+07,1.387676100000000000e+07,1.387676200000000000e+07,1.387676300000000000e+07,1.387676400000000000e+07,1.387676500000000000e+07,1.387676600000000000e+07,1.387676700000000000e+07,1.387676800000000000e+07,1.387676900000000000e+07,1.387677000000000000e+07,1.387677100000000000e+07,1.387677200000000000e+07,1.387677300000000000e+07,1.387677400000000000e+07,1.387677500000000000e+07,1.387677600000000000e+07,1.387677700000000000e+07,1.387677800000000000e+07,1.387677900000000000e+07,1.387678000000000000e+07,1.387678100000000000e+07,1.387678200000000000e+07,-2.147483648000000000e+09,-2.147483648000000000e+09,-2.147483648000000000e+09,-2.147483648000000000e+09,-2.147483648000000000e+09,-2.147483648000000000e+09,-2.147483648000000000e+09,-2.147483648000000000e+09,-2.147483648000000000e+09,-2.147483648000000000e+09,-2.147483648000000000e+09,-2.147483648000000000e+09,-2.147483648000000000e+09,-2.147483648000000000e+09,-2.147483648000000000e+09,-2.147483648000000000e+09,-2.147483648000000000e+09,-2.147483648000000000e+09,-2.147483648000000000e+09,-2.147483648000000000e+09,-2.147483648000000000e+09,-2.147483648000000000e+09,-2.147483648000000000e+09
-2.147483648000000000e+09,-2.147483648000000000e+09,-2.147483648000000000e+09,-2.147483648000000000e+09,-2.147483648000000000e+09,1.388395200000000000e+07,1.388395300000000000e+07,1.388395400000000000e+07,1.388395500000000000e+07,1.388395600000000000e+07,1.388395700000000000e+07,1.388395800000000000e+07,1.388395900000000000e+07,1.388395900000000000e+07,1.388396000000000000e+07,1.388396100000000000e+07,1.388396200000000000e+07,1.388396300000000000e+07,1.388396400000000000e+07,1.388396500000000000e+07,1.388396600000000000e+07,1.388396700000000000e+07,1.388396800000000000e+07,1.388396900000000000e+07,1.388397000000000000e+07,1.388397100000000000e+07,1.388397200000000000e+07,1.388397300000000000e+07,1.388397400000000000e+07,1.388397500000000000e+07,1.388397600000000000e+07,1.388397700000000000e+07,1.388397800000000000e+07,1.388397900000000000e+07,1.388398000000000000e+07,1.388398100000000000e+07,-2.147483648000000000e+09,-2.147483648000000000e+09,-2.147483648000000000e+09,-2.147483648000000000e+09,-2.147483648000000000e+09,-2.147483648000000000e+09,-2.147483648000000000e+09,-2.147483648000000000e+09,-2.147483648000000000e+09,-2.147483648000000000e+09,-2.147483648000000000e+09,-2.147483648000000000e+09,-2.147483648000000000e+09,-2.147483648000000000e+09,-2.147483648000000000e+09,-2.147483648000000000e+09,-2.147483648000000000e+09,-2.147483648000000000e+09,-2.147483648000000000e+09,-2.147483648000000000e+09,-2.147483648000000000e+09,-2.147483648000000000e+09,-2.147483648000000000e+09,-2.147483648000000000e+09
-2.147483648000000000e+09,-2.147483648000000000e+09,-2.147483648000000000e+09,-2.147483648000000000e+09,-2.147483648000000000e+09,1.389115200000000000e+07,1.389115300000000000e+07,1.389115400000000000e+07,1.389115500000000000e+07,1.389115600000000000e+07,1.389115700000000000e+07,1.389115800000000000e+07,1.389115900000000000e+07,1.389115900000000000e+07,1.389116000000000000e+07,1.389116100000000000e+07,1.389116200000000000e+07,1.389116300000000000e+07,1.389116400000000000e+07,1.389116500000000000e+07,1.389116600000000000e+07,1.389116700000000000e+07,1.389116800000000000e+07,1.389116900000000000e+07,1.389117000000000000e+07,1.389117100000000000e+07,1.389117200000000000e+07,1.389117300000000000e+07,1.389117400000000000e+07,1.389117500000000000e+07,1.389117600000000000e+07,1.389117700000000000e+07,1.389117800000000000e+07,1.389117900000000000e+07,1.389118000000000000e+07,1.389118100000000000e+07,-2.147483648000000000e+09,-2.147483648000000000e+09,-2.147483648000000000e+09,-2.147483648000000000e+09,-2.147483648000000000e+09,-2.147483648000000000e+09,-2.147483648000000000e+09,-2.147483648000000000e+09,-2.147483648000000000e+09,-2.147483648000000000e+09,-2.147483648000000000e+09,-2.147483648000000000e+09,-2.147483648000000000e+09,-2.147483648000000000e+09,-2.147483648000000000e+09,-2.147483648000000000e+09,-2.147483648000000000e+09,-2.147483648000000000e+09,-2.147483648000000000e+09,-2.147483648000000000e+09,-2.147483648000000000e+09,-2.147483648000000000e+09,-2.147483648000000000e+09,-2.147483648000000000e+09
-2.147483648000000000e+09,-2.147483648000000000e+09,-2.147483648000000000e+09,-2.147483648000000000e+09,1.389835100000000000e+07,1.389835200000000000e+07,1.389835300000000000e+07,1.389835400000000000e+07,1.389835500000000000e+07,1.389835600000000000e+07,1.389835700000000000e+07,1.389835800000000000e+07,1.389835900000000000e+07,1.389835900000000000e+07,1.389836000000000000e+07,1.389836100000000000e+07,1.389836200000000000e+07,1.389836300000000000e+07,1.389836400000000000e+07,1.389836500000000000e+07,1.389836600000000000e+07,1.389836700000000000e+07,1.389836800000000000e+07,1.389836900000000000e+07,1.389837000000000000e+07,1.389837100000000000e+07,-2.147483648000000000e+09,-2.147483648000000000e+09,1.389837400000000000e+07,1.389837500000000000e+07,1.389837600000000000e+07,1.389837700000000000e+07,1.389837800000000000e+07,1.389837900000000000e+07,1.389838000000000000e+07,-2.147483648000000000e+09,-2.147483648000000000e+09,-2.147483648000000000e+09,-2.147483648000000000e+09,-2.147483648000000000e+09,-2.147483648000000000e+09,-2.147483648000000000e+09,-2.147483648000000000e+09,-2.147483648000000000e+09,-2.147483648000000000e+09,-2.147483648000000000e+09,-2.147483648000000000e+09,-2.147483648000000000e+09,-2.147483648000000000e+09,-2.147483648000000000e+09,-2.147483648000000000e+09,-2.147483648000000000e+09,-2.147483648000000000e+09,-2.147483648000000000e+09,-2.147483648000000000e+09,-2.147483648000000000e+09,-2.147483648000000000e+09,-2.147483648000000000e+09,-2.147483648000000000e+09,-2.147483648000000000e+09
-2.147483648000000000e+09,-2.147483648000000000e+09,-2.147483648000000000e+09,1.390555000000000000e+07,1.390555100000000000e+07,1.390555200000000000e+07,1.390555300000000000e+07,1.390555400000000000e+07,1.390555500000000000e+07,1.390555600000000000e+07,1.390555700000000000e+07,1.390555800000000000e+07,1.390555900000000000e+07,1.390555900000000000e+07,1.390556000000000000e+07,1.390556100000000000e+07,1.390556200000000000e+07,1.390556300000000000e+07,1.390556400000000000e+07,1.390556500000000000e+07,1.390556600000000000e+07,1.390556700000000000e+07,1.390556800000000000e+07,1.390556900000000000e+07,1.390557000000000000e+07,-2.147483648000000000e+09,-2.147483648000000000e+09,-2.147483648000000000e+09,1.390557400000000000e+07,1.390557500000000000e+07,1.390557600000000000e+07,1.390557700000000000e+07,1.390557800000000000e+07,-2.147483648000000000e+09,-2.147483648000000000e+09,-2.147483648000000000e+09,-2.147483648000000000e+09,-2.147483648000000000e+09,-2.147483648000000000e+09,-2.147483648000000000e+09,-2.147483648000000000e+09,-2.147483648000000000e+09,-2.147483648000000000e+09,-2.147483648000000000e+09,-2.147483648000000000e+09,-2.147483648000000000e+09,-2.147483648000000000e+09,-2.147483648000000000e+09,-2.147483648000000000e+09,-2.147483648000000000e+09,-2.147483648000000000e+09,-2.147483648000000000e+09,-2.147483648000000000e+09,-2.147483648000000000e+09,-2.147483648000000000e+09,-2.147483648000000000e+09,-2.147483648000000000e+09,-2.147483648000000000e+09,-2.147483648000000000e+09,-2.147483648000000000e+09
-2.147483648000000000e+09,-2.147483648000000000e+09,1.391274900000000000e+07,1.391275000000000000e+07,1.391275100000000000e+07,1.391275200000000000e+07,1.391275300000000000e+07,1.391275400000000000e+07,1.391275500000000000e+07,1.391275600000000000e+07,1.391275700000000000e+07,1.391275800000000000e+07,1.391275900000000000e+07,1.391275900000000000e+07,1.391276000000000000e+07,1.391276100000000000e+07,1.391276200000000000e+07,1.391276300000000000e+07,1.391276400000000000e+07,1.391276500000000000e+07,1.391276600000000000e+07,1.391276700000000000e+07,1.391276800000000000e+07,-2.147483648000000000e+09,-2.147483648000000000e+09,-2.147483648000000000e+09,-2.147483648000000000e+09,-2.147483648000000000e+09,-2.147483648000000000e+09,1.391277500000000000e+07,1.391277600000000000e+07,-2.147483648000000000e+09,-2.147483648000000000e+09,1.391277900000000000e+07,-2.147483648000000000e+09,-2.147483648000000000e+09,-2.147483648000000000e+09,-2.147483648000000000e+09,-2.147483648000000000e+09,-2.147483648000000000e+09,-2.147483648000000000e+09,-2.147483648000000000e+09,-2.147483648000000000e+09,-2.147483648000000000e+09,-2.147483648000000000e+09,-2.147483648000000000e+09,-2.147483648000000000e+09,-2.147483648000000000e+09,-2.147483648000000000e+09,-2.147483648000000000e+09,-2.147483648000000000e+09,-2.147483648000000000e+09,-2.147483648000000000e+09,-2.147483648000000000e+09,-2.147483648000000000e+09,-2.147483648000000000e+09,-2.147483648000000000e+09,-2.147483648000000000e+09,-2.147483648000000000e+09,-2.147483648000000000e+09
-2.147483648000000000e+09,1.391994800000000000e+07,1.391994900000000000e+07,1.391995000000000000e+07,1.391995100000000000e+07,1.391995200000000000e+07,1.391995300000000000e+07,1.391995400000000000e+07,1.391995500000000000e+07,1.391995600000000000e+07,1.391995700000000000e+07,1.391995800000000000e+07,1.391995900000000000e+07,1.391995900000000000e+07,1.391996000000000000e+07,1.391996100000000000e+07,1.391996200000000000e+07,1.391996300000000000e+07,1.391996400000000000e+07,1.391996500000000000e+07,1.391996600000000000e+07,1.391996700000000000e+07,-2.147483648000000000e+09,-2.147483648000000000e+09,-2.147483648000000000e+09,-2.147483648000000000e+09,-2.147483648000000000e+09,-2.147483648000000000e+09,-2.147483648000000000e+09,-2.147483648000000000e+09,-2.147483648000000000e+09,-2.147483648000000000e+09,-2.147483648000000000e+09,-2.147483648000000000e+09,-2.147483648000000000e+09,-2.147483648000000000e+09,-2.147483648000000000e+09,-2.147483648000000000e+09,-2.147483648000000000e+09,-2.147483648000000000e+09,-2.147483648000000000e+09,-2.147483648000000000e+09,-2.147483648000000000e+09,-2.147483648000000000e+09,-2.147483648000000000e+09,-2.147483648000000000e+09,-2.147483648000000000e+09,-2.147483648000000000e+09,-2.147483648000000000e+09,-2.147483648000000000e+09,-2.147483648000000000e+09,-2.147483648000000000e+09,-2.147483648000000000e+09,-2.147483648000000000e+09,-2.147483648000000000e+09,-2.147483648000000000e+09,-2.147483648000000000e+09,-2.147483648000000000e+09,-2.147483648000000000e+09,-2.147483648000000000e+09
-2.147483648000000000e+09,1.392714800000000000e+07,1.392714900000000000e+07,1.392715000000000000e+07,1.392715100000000000e+07,1.392715200000000000e+07,1.392715300000000000e+07,1.392715400000000000e+07,1.392715500000000000e+07,1.392715600000000000e+07,1.392715700000000000e+07,1.392715800000000000e+07,1.392715900000000000e+07,1.392715900000000000e+07,1.392716000000000000e+07,1.392716100000000000e+07,1.392716200000000000e+07,1.392716300000000000e+07,1.392716400000000000e+07,1.392716500000000000e+07,1.392716600000000000e+07,-2.147483648000000000e+09,-2.147483648000000000e+09,-2.147483648000000000e+09,-2.147483648000000000e+09,-2.147483648000000000e+09,-2.147483648000000000e+09,-2.147483648000000000e+09,-2.147483648000000000e+09,-2.147483648000000000e+09,-2.147483648000000000e+09,-2.147483648000000000e+09,-2.147483648000000000e+09,-2.147483648000000000e+09,-2.147483648000000000e+09,-2.147483648000000000e+09,-2.147483648000000000e+09,-2.147483648000000000e+09,-2.147483648000000000e+09,-2.147483648000000000e+09,-2.147483648000000000e+09,-2.147483648000000000e+09,-2.147483648000000000e+09,-2.147483648000000000e+09,-2.147483648000000000e+09,-2.147483648000000000e+09,-2.147483648000000000e+09,-2.147483648000000000e+09,-2.147483648000000000e+09,-2.147483648000000000e+09,-2.147483648000000000e+09,-2.147483648000000000e+09,-2.147483648000000000e+09,-2.147483648000000000e+09,-2.147483648000000000e+09,-2.147483648000000000e+09,-2.147483648000000000e+09,-2.147483648000000000e+09,-2.147483648000000000e+09,-2.147483648000000000e+09
1.393434700000000000e+07,1.393434800000000000e+07,1.393434900000000000e+07,1.393435000000000000e+07,1.393435100000000000e+07,-2.147483648000000000e+09,-2.147483648000000000e+09,-2.147483648000000000e+09,-2.147483648000000000e+09,1.393435600000000000e+07,1.393435700000000000e+07,1.393435800000000000e+07,1.393435900000000000e+07,1.393435900000000000e+07,1.393436000000000000e+07,1.393436100000000000e+07,1.393436200000000000e+07,1.393436300000000000e+07,1.393436400000000000e+07,1.393436500000000000e+07,-2.147483648000000000e+09,-2.147483648000000000e+09,-2.147483648000000000e+09,-2.147483648000000000e+09,-2.147483648000000000e+09,-2.147483648000000000e+09,-2.147483648000000000e+09,-2.147483648000000000e+09,-2.147483648000000000e+09,-2.147483648000000000e+09,-2.147483648000000000e+09,-2.147483648000000000e+09,-2.147483648000000000e+09,-2.147483648000000000e+09,-2.147483648000000000e+09,-2.147483648000000000e+09,-2.147483648000000000e+09,-2.147483648000000000e+09,-2.147483648000000000e+09,-2.147483648000000000e+09,-2.147483648000000000e+09,-2.147483648000000000e+09,-2.147483648000000000e+09,-2.147483648000000000e+09,-2.147483648000000000e+09,-2.147483648000000000e+09,-2.147483648000000000e+09,-2.147483648000000000e+09,-2.147483648000000000e+09,-2.147483648000000000e+09,-2.147483648000000000e+09,-2.147483648000000000e+09,-2.147483648000000000e+09,-2.147483648000000000e+09,-2.147483648000000000e+09,-2.147483648000000000e+09,-2.147483648000000000e+09,-2.147483648000000000e+09,-2.147483648000000000e+09,-2.147483648000000000e+09
1.394154700000000000e+07,1.394154800000000000e+07,1.394154900000000000e+07,1.394155000000000000e+07,-2.147483648000000000e+09,-2.147483648000000000e+09,-2.147483648000000000e+09,-2.147483648000000000e+09,-2.147483648000000000e+09,-2.147483648000000000e+09,1.394155700000000000e+07,1.394155800000000000e+07,1.394155900000000000e+07,1.394155900000000000e+07,1.394156000000000000e+07,1.394156100000000000e+07,1.394156200000000000e+07,1.394156300000000000e+07,1.394156400000000000e+07,-2.147483648000000000e+09,-2.147483648000000000e+09,-2.147483648000000000e+09,-2.147483648000000000e+09,-2.147483648000000000e+09,-2.147483648000000000e+09,-2.147483648000000000e+09,-2.147483648000000000e+09,-2.147483648000000000e+09,-2.147483648000000000e+09,-2.147483648000000000e+09,-2.147483648000000000e+09,-2.147483648000000000e+09,-2.147483648000000000e+09,-2.147483648000000000e+09,-2.147483648000000000e+09,-2.147483648000000000e+09,-2.147483648000000000e+09,-2.147483648000000000e+09,-2.147483648000000000e+09,-2.147483648000000000e+09,-2.147483648000000000e+09,-2.147483648000000000e+09,-2.147483648000000000e+09,-2.147483648000000000e+09,-2.147483648000000000e+09,-2.147483648000000000e+09,-2.147483648000000000e+09,-2.147483648000000000e+09,-2.147483648000000000e+09,-2.147483648000000000e+09,-2.147483648000000000e+09,-2.147483648000000000e+09,-2.147483648000000000e+09,-2.147483648000000000e+09,-2.147483648000000000e+09,-2.147483648000000000e+09,-2.147483648000000000e+09,-2.147483648000000000e+09,-2.147483648000000000e+09,-2.147483648000000000e+09
1.394874700000000000e+07,1.394874800000000000e+07,1.394874900000000000e+07,-2.147483648000000000e+09,-2.147483648000000000e+09,-2.147483648000000000e+09,-2.147483648000000000e+09,-2.147483648000000000e+09,-2.147483648000000000e+09,1.394875600000000000e+07,1.394875700000000000e+07,1.394875800000000000e+07,1.394875900000000000e+07,1.394875900000000000e+07,1.394876000000000000e+07,1.394876100000000000e+07,1.394876200000000000e+07,1.394876300000000000e+07,-2.147483648000000000e+09,-2.147483648000000000e+09,-2.147483648000000000e+09,-2.147483648000000000e+09,-2.147483648000000000e+09,-2.147483648000000000e+09,-2.147483648000000000e+09,-2.147483648000000000e+09,-2.147483648000000000e+09,-2.147483648000000000e+09,-2.147483648000000000e+09,-2.147483648000000000e+09,-2.147483648000000000e+09,-2.147483648000000000e+09,-2.147483648000000000e+09,-2.147483648000000000e+09,-2.147483648000000000e+09,-2.147483648000000000e+09,-2.147483648000000000e+09,-2.147483648000000000e+09,-2.147483648000000000e+09,-2.147483648000000000e+09,-2.147483648000000000e+09,-2.147483648000000000e+09,-2.147483648000000000e+09,-2.147483648000000000e+09,-2.147483648000000000e+09,-2.147483648000000000e+09,-2.147483648000000000e+09,-2.147483648000000000e+09,-2.147483648000000000e+09,-2.147483648000000000e+09,-2.147483648000000000e+09,-2.147483648000000000e+09,-2.147483648000000000e+09,-2.147483648000000000e+09,-2.147483648000000000e+09,-2.147483648000000000e+09,-2.147483648000000000e+09,-2.147483648000000000e+09,-2.147483648000000000e+09,-2.147483648000000000e+09
-2.147483648000000000e+09,-2.147483648000000000e+09,-2.147483648000000000e+09,-2.147483648000000000e+09,-2.147483648000000000e+09,-2.147483648000000000e+09,-2.147483648000000000e+09,-2.147483648000000000e+09,1.395595500000000000e+07,1.395595600000000000e+07,1.395595700000000000e+07,1.395595800000000000e+07,1.395595900000000000e+07,1.395595900000000000e+07,1.395596000000000000e+07,1.395596100000000000e+07,-2.147483648000000000e+09,-2.147483648000000000e+09,-2.147483648000000000e+09,-2.147483648000000000e+09,-2.147483648000000000e+09,-2.147483648000000000e+09,-2.147483648000000000e+09,-2.147483648000000000e+09,-2.147483648000000000e+09,-2.147483648000000000e+09,-2.147483648000000000e+09,-2.147483648000000000e+09,-2.147483648000000000e+09,-2.147483648000000000e+09,-2.147483648000000000e+09,-2.147483648000000000e+09,-2.147483648000000000e+09,-2.147483648000000000e+09,-2.147483648000000000e+09,-2.147483648000000000e+09,-2.147483648000000000e+09,-2.147483648000000000e+09,-2.147483648000000000e+09,-2.147483648000000000e+09,-2.147483648000000000e+09,-2.147483648000000000e+09,-2.147483648000000000e+09,-2.147483648000000000e+09,-2.147483648000000000e+09,-2.147483648000000000e+09,-2.147483648000000000e+09,-2.147483648000000000e+09,-2.147483648000000000e+09,-2.147483648000000000e+09,-2.147483648000000000e+09,-2.147483648000000000e+09,-2.147483648000000000e+09,-2.147483648000000000e+09,-2.147483648000000000e+09,-2.147483648000000000e+09,-2.147483648000000000e+09,-2.147483648000000000e+09,-2.147483648000000000e+09,-2.147483648000000000e+09
-2.147483648000000000e+09,-2.147483648000000000e+09,-2.147483648000000000e+09,-2.147483648000000000e+09,-2.147483648000000000e+09,-2.147483648000000000e+09,-2.147483648000000000e+09,1.396315400000000000e+07,1.396315500000000000e+07,1.396315600000000000e+07,1.396315700000000000e+07,1.396315800000000000e+07,1.396315900000000000e+07,1.396315900000000000e+07,1.396316000000000000e+07,-2.147483648000000000e+09,-2.147483648000000000e+09,-2.147483648000000000e+09,-2.147483648000000000e+09,-2.147483648000000000e+09,-2.147483648000000000e+09,-2.147483648000000000e+09,-2.147483648000000000e+09,-2.147483648000000000e+09,-2.147483648000000000e+09,-2.147483648000000000e+09,-2.147483648000000000e+09,-2.147483648000000000e+09,-2.147483648000000000e+09,-2.147483648000000000e+09,-2.147483648000000000e+09,-2.147483648000000000e+09,-2.147483648000000000e+09,-2.147483648000000000e+09,-2.147483648000000000e+09,-2.147483648000000000e+09,-2.147483648000000000e+09,-2.147483648000000000e+09,-2.147483648000000000e+09,-2.147483648000000000e+09,-2.147483648000000000e+09,-2.147483648000000000e+09,-2.147483648000000000e+09,-2.147483648000000000e+09,-2.147483648000000000e+09,-2.147483648000000000e+09,-2.147483648000000000e+09,-2.147483648000000000e+09,-2.147483648000000000e+09,-2.147483648000000000e+09,-2.147483648000000000e+09,-2.147483648000000000e+09,-2.147483648000000000e+09,-2.147483648000000000e+09,-2.147483648000000000e+09,-2.147483648000000000e+09,-2.147483648000000000e+09,-2.147483648000000000e+09,-2.147483648000000000e+09,-2.147483648000000000e+09
-2.147483648000000000e+09,-2.147483648000000000e+09,-2.147483648000000000e+09,-2.147483648000000000e+09,-2.147483648000000000e+09,-2.147483648000000000e+09,-2.147483648000000000e+09,1.397035400000000000e+07,1.397035500000000000e+07,1.397035600000000000e+07,1.397035700000000000e+07,-2.147483648000000000e+09,-2.147483648000000000e+09,-2.147483648000000000e+09,-2.147483648000000000e+09,-2.147483648000000000e+09,-2.147483648000000000e+09,-2.147483648000000000e+09,-2.147483648000000000e+09,-2.147483648000000000e+09,-2.147483648000000000e+09,-2.147483648000000000e+09,-2.147483648000000000e+09,-2.147483648000000000e+09,-2.147483648000000000e+09,-2.147483648000000000e+09,-2.147483648000000000e+09,-2.147483648000000000e+09,-2.147483648000000000e+09,-2.147483648000000000e+09,-2.147483648000000000e+09,-2.147483648000000000e+09,-2.147483648000000000e+09,-2.147483648000000000e+09,-2.147483648000000000e+09,-2.147483648000000000e+09,-2.147483648000000000e+09,-2.147483648000000000e+09,-2.147483648000000000e+09,-2.147483648000000000e+09,-2.147483648000000000e+09,-2.147483648000000000e+09,-2.147483648000000000e+09,-2.147483648000000000e+09,-2.147483648000000000e+09,-2.147483648000000000e+09,-2.147483648000000000e+09,-2.147483648000000000e+09,-2.147483648000000000e+09,-2.147483648000000000e+09,-2.147483648000000000e+09,-2.147483648000000000e+09,-2.147483648000000000e+09,-2.147483648000000000e+09,-2.147483648000000000e+09,-2.147483648000000000e+09,-2.147483648000000000e+09,-2.147483648000000000e+09,-2.147483648000000000e+09,-2.147483648000000000e+09
