-2.147483648000000000e+09,-2.147483648000000000e+09,-2.147483648000000000e+09,-2.147483648000000000e+09,-2.147483648000000000e+09,-2.147483648000000000e+09,-2.147483648000000000e+09,-2.147483648000000000e+09,-2.147483648000000000e+09,-2.147483648000000000e+09,-2.147483648000000000e+09,-2.147483648000000000e+09,-2.147483648000000000e+09,-2.147483648000000000e+09,-2.147483648000000000e+09,-2.147483648000000000e+09,-2.147483648000000000e+09,-2.147483648000000000e+09,-2.147483648000000000e+09,-2.147483648000000000e+09,-2.147483648000000000e+09,-2.147483648000000000e+09,-2.147483648000000000e+09,-2.147483648000000000e+09,-2.147483648000000000e+09,-2.147483648000000000e+09,-2.147483648000000000e+09,-2.147483648000000000e+09,-2.147483648000000000e+09,-2.147483648000000000e+09,-2.147483648000000000e+09,1.143650400000000000e+07,1.143650500000000000e+07,1.143650600000000000e+07,1.143650700000000000e+07,1.143650800000000000e+07,1.143650900000000000e+07,1.143651000000000000e+07,1.143651100000000000e+07,1.143651100000000000e+07,1.143651200000000000e+07,1.143651300000000000e+07,1.143651400000000000e+07,-2.147483648000000000e+09,-2.147483648000000000e+09,-2.147483648000000000e+09,-2.147483648000000000e+09,-2.147483648000000000e+09,-2.147483648000000000e+09,-2.147483648000000000e+09,-2.147483648000000000e+09,-2.147483648000000000e+09,-2.147483648000000000e+09,-2.147483648000000000e+09,-2.147483648000000000e+09,-2.147483648000000000e+09,-2.147483648000000000e+09,-2.147483648000000000e+09,-2.147483648000000000e+09,-2.147483648000000000e+09,-2.147483648000000000e+09,-2.147483648000000000e+09,-2.147483648000000000e+09,-2.147483648000000000e+09,-2.147483648000000000e+09,-2.147483648000000000e+09,-2.147483648000000000e+09,-2.147483648000000000e+09,-2.147483648000000000e+09,-2.147483648000000000e+09,-2.147483648000000000e+09,-2.147483648000000000e+09,-2.147483648000000000e+09,-2.147483648000000000e+09,-2.147483648000000000e+09,-2.147483648000000000e+09,-2.147483648000000000e+09,-2.147483648000000000e+09,-2.147483648000000000e+09,-2.147483648000000000e+09,-2.147483648000000000e+09,-2.147483648000000000e+09,-2.147483648000000000e+09
-2.147483648000000000e+09,-2.147483648000000000e+09,-2.147483648000000000e+09,-2.147483648000000000e+09,-2.147483648000000000e+09,-2.147483648000000000e+09,-2.147483648000000000e+09,-2.147483648000000000e+09,-2.147483648000000000e+09,-2.147483648000000000e+09,-2.147483648000000000e+09,-2.147483648000000000e+09,-2.147483648000000000e+09,-2.147483648000000000e+09,-2.147483648000000000e+09,-2.147483648000000000e+09,-2.147483648000000000e+09,-2.147483648000000000e+09,-2.147483648000000000e+09,-2.147483648000000000e+09,-2.147483648000000000e+09,-2.147483648000000000e+09,-2.147483648000000000e+09,-2.147483648000000000e+09,-2.147483648000000000e+09,-2.147483648000000000e+09,-2.147483648000000000e+09,-2.147483648000000000e+09,-2.147483648000000000e+09,-2.147483648000000000e+09,1.144370300000000000e+07,1.144370400000000000e+07,1.144370500000000000e+07,1.144370600000000000e+07,1.144370700000000000e+07,1.144370800000000000e+07,1.144370900000000000e+07,1.144371000000000000e+07,1.144371100000000000e+07,1.144371100000000000e+07,1.144371200000000000e+07,1.144371300000000000e+07,1.144371400000000000e+07,1.144371500000000000e+07,1.144371600000000000e+07,1.144371700000000000e+07,1.144371800000000000e+07,1.144371900000000000e+07,1.144372000000000000e+07,1.144372100000000000e+07,1.144372200000000000e+07,1.144372300000000000e+07,1.144372400000000000e+07,1.144372500000000000e+07,1.144372600000000000e+07,1.144372700000000000e+07,1.144372800000000000e+07,1.144372900000000000e+07,1.144373000000000000e+07,1.144373100000000000e+07,1.144373200000000000e+07,1.144373300000000000e+07,1.144373400000000000e+07,1.144373500000000000e+07,1.144373600000000000e+07,-2.147483648000000000e+09,-2.147483648000000000e+09,-2.147483648000000000e+09,-2.147483648000000000e+09,-2.147483648000000000e+09,-2.147483648000000000e+09,-2.147483648000000000e+09,-2.147483648000000000e+09,-2.147483648000000000e+09,-2.147483648000000000e+09,-2.147483648000000000e+09,-2.147483648000000000e+09,-2.147483648000000000e+09,-2.147483648000000000e+09,-2.147483648000000000e+09,-2.147483648000000000e+09,-2.147483648000000000e+09,-2.147483648000000000e+09
-2.147483648000000000e+09,-2.147483648000000000e+09,-2.147483648000000000e+09,-2.147483648000000000e+09,-2.147483648000000000e+09,-2.147483648000000000e+09,-2.147483648000000000e+09,-2.147483648000000000e+09,-2.147483648000000000e+09,-2.147483648000000000e+09,-2.147483648000000000e+09,-2.147483648000000000e+09,-2.147483648000000000e+09,-2.147483648000000000e+09,-2.147483648000000000e+09,-2.147483648000000000e+09,-2.147483648000000000e+09,-2.147483648000000000e+09,-2.147483648000000000e+09,-2.147483648000000000e+09,-2.147483648000000000e+09,-2.147483648000000000e+09,-2.147483648000000000e+09,-2.147483648000000000e+09,-2.147483648000000000e+09,-2.147483648000000000e+09,-2.147483648000000000e+09,-2.147483648000000000e+09,-2.147483648000000000e+09,1.145090200000000000e+07,1.145090300000000000e+07,1.145090400000000000e+07,1.145090500000000000e+07,1.145090600000000000e+07,1.145090700000000000e+07,1.145090800000000000e+07,1.145090900000000000e+07,1.145091000000000000e+07,1.145091100000000000e+07,1.145091100000000000e+07,1.145091200000000000e+07,1.145091300000000000e+07,1.145091400000000000e+07,1.145091500000000000e+07,1.145091600000000000e+07,1.145091700000000000e+07,1.145091800000000000e+07,1.145091900000000000e+07,1.145092000000000000e+07,1.145092100000000000e+07,1.145092200000000000e+07,1.145092300000000000e+07,1.145092400000000000e+07,1.145092500000000000e+07,1.145092600000000000e+07,1.145092700000000000e+07,1.145092800000000000e+07,1.145092900000000000e+07,1.145093000000000000e+07,1.145093100000000000e+07,1.145093200000000000e+07,1.145093300000000000e+07,1.145093400000000000e+07,1.145093500000000000e+07,1.145093600000000000e+07,1.145093700000000000e+07,1.145093800000000000e+07,1.145093900000000000e+07,1.145094000000000000e+07,1.145094100000000000e+07,1.145094200000000000e+07,1.145094300000000000e+07,1.145094400000000000e+07,1.145094500000000000e+07,1.145094600000000000e+07,1.145094700000000000e+07,1.145094800000000000e+07,1.145094900000000000e+07,1.145095000000000000e+07,1.145095100000000000e+07,1.145095200000000000e+07,1.145095300000000000e+07,1.145095400000000000e+07
-2.147483648000000000e+09,-2.147483648000000000e+09,-2.147483648000000000e+09,-2.147483648000000000e+09,-2.147483648000000000e+09,-2.147483648000000000e+09,-2.147483648000000000e+09,-2.147483648000000000e+09,-2.147483648000000000e+09,-2.147483648000000000e+09,-2.147483648000000000e+09,-2.147483648000000000e+09,-2.147483648000000000e+09,-2.147483648000000000e+09,-2.147483648000000000e+09,-2.147483648000000000e+09,-2.147483648000000000e+09,-2.147483648000000000e+09,-2.147483648000000000e+09,-2.147483648000000000e+09,-2.147483648000000000e+09,-2.147483648000000000e+09,-2.147483648000000000e+09,-2.147483648000000000e+09,-2.147483648000000000e+09,-2.147483648000000000e+09,-2.147483648000000000e+09,-2.147483648000000000e+09,1.145810100000000000e+07,1.145810200000000000e+07,1.145810300000000000e+07,1.145810400000000000e+07,1.145810500000000000e+07,1.145810600000000000e+07,1.145810700000000000e+07,1.145810800000000000e+07,1.145810900000000000e+07,1.145811000000000000e+07,1.145811100000000000e+07,1.145811100000000000e+07,1.145811200000000000e+07,1.145811300000000000e+07,1.145811400000000000e+07,1.145811500000000000e+07,1.145811600000000000e+07,1.145811700000000000e+07,1.145811800000000000e+07,1.145811900000000000e+07,1.145812000000000000e+07,1.145812100000000000e+07,1.145812200000000000e+07,1.145812300000000000e+07,1.145812400000000000e+07,1.145812500000000000e+07,1.145812600000000000e+07,1.145812700000000000e+07,1.145812800000000000e+07,1.145812900000000000e+07,1.145813000000000000e+07,1.145813100000000000e+07,1.145813200000000000e+07,1.145813300000000000e+07,1.145813400000000000e+07,1.145813500000000000e+07,1.145813600000000000e+07,1.145813700000000000e+07,1.145813800000000000e+07,1.145813900000000000e+07,1.145814000000000000e+07,1.145814100000000000e+07,1.145814200000000000e+07,1.145814300000000000e+07,1.145814400000000000e+07,1.145814500000000000e+07,1.145814600000000000e+07,1.145814700000000000e+07,1.145814800000000000e+07,1.145814900000000000e+07,1.145815000000000000e+07,1.145815100000000000e+07,1.145815200000000000e+07,1.145815300000000000e+07,-2.147483648000000000e+09
-2.147483648000000000e+09,-2.147483648000000000e+09,-2.147483648000000000e+09,-2.147483648000000000e+09,-2.147483648000000000e+09,-2.147483648000000000e+09,-2.147483648000000000e+09,-2.147483648000000000e+09,-2.147483648000000000e+09,-2.147483648000000000e+09,-2.147483648000000000e+09,-2.147483648000000000e+09,-2.147483648000000000e+09,-2.147483648000000000e+09,-2.147483648000000000e+09,-2.147483648000000000e+09,-2.147483648000000000e+09,-2.147483648000000000e+09,-2.147483648000000000e+09,-2.147483648000000000e+09,-2.147483648000000000e+09,-2.147483648000000000e+09,-2.147483648000000000e+09,-2.147483648000000000e+09,-2.147483648000000000e+09,-2.147483648000000000e+09,-2.147483648000000000e+09,1.146530000000000000e+07,1.146530100000000000e+07,1.146530200000000000e+07,1.146530300000000000e+07,1.146530400000000000e+07,1.146530500000000000e+07,1.146530600000000000e+07,1.146530700000000000e+07,1.146530800000000000e+07,1.146530900000000000e+07,1.146531000000000000e+07,1.146531100000000000e+07,1.146531100000000000e+07,1.146531200000000000e+07,1.146531300000000000e+07,1.146531400000000000e+07,1.146531500000000000e+07,1.146531600000000000e+07,1.146531700000000000e+07,1.146531800000000000e+07,1.146531900000000000e+07,1.146532000000000000e+07,1.146532100000000000e+07,1.146532200000000000e+07,1.146532300000000000e+07,1.146532400000000000e+07,1.146532500000000000e+07,1.146532600000000000e+07,1.146532700000000000e+07,1.146532800000000000e+07,1.146532900000000000e+07,1.146533000000000000e+07,1.146533100000000000e+07,1.146533200000000000e+07,1.146533300000000000e+07,1.146533400000000000e+07,1.146533500000000000e+07,1.146533600000000000e+07,1.146533700000000000e+07,1.146533800000000000e+07,1.146533900000000000e+07,1.146534000000000000e+07,1.146534100000000000e+07,1.146534200000000000e+07,1.146534300000000000e+07,1.146534400000000000e+07,1.146534500000000000e+07,1.146534600000000000e+07,1.146534700000000000e+07,1.146534800000000000e+07,1.146534900000000000e+07,1.146535000000000000e+07,1.146535100000000000e+07,1.146535200000000000e+07,-2.147483648000000000e+09,-2.147483648000000000e+09
-2.147483648000000000e+09,-2.147483648000000000e+09,-2.147483648000000000e+09,-2.147483648000000000e+09,-2.147483648000000000e+09,-2.147483648000000000e+09,-2.147483648000000000e+09,-2.147483648000000000e+09,-2.147483648000000000e+09,-2.147483648000000000e+09,-2.147483648000000000e+09,-2.147483648000000000e+09,-2.147483648000000000e+09,-2.147483648000000000e+09,-2.147483648000000000e+09,-2.147483648000000000e+09,-2.147483648000000000e+09,-2.147483648000000000e+09,-2.147483648000000000e+09,-2.147483648000000000e+09,-2.147483648000000000e+09,-2.147483648000000000e+09,-2.147483648000000000e+09,-2.147483648000000000e+09,-2.147483648000000000e+09,-2.147483648000000000e+09,1.147249900000000000e+07,1.147250000000000000e+07,1.147250100000000000e+07,1.147250200000000000e+07,1.147250300000000000e+07,1.147250400000000000e+07,1.147250500000000000e+07,1.147250600000000000e+07,1.147250700000000000e+07,1.147250800000000000e+07,1.147250900000000000e+07,1.147251000000000000e+07,1.147251100000000000e+07,1.147251100000000000e+07,1.147251200000000000e+07,1.147251300000000000e+07,1.147251400000000000e+07,1.147251500000000000e+07,1.147251600000000000e+07,1.147251700000000000e+07,1.147251800000000000e+07,1.147251900000000000e+07,1.147252000000000000e+07,1.147252100000000000e+07,1.147252200000000000e+07,1.147252300000000000e+07,1.147252400000000000e+07,1.147252500000000000e+07,1.147252600000000000e+07,1.147252700000000000e+07,1.147252800000000000e+07,1.147252900000000000e+07,1.147253000000000000e+07,1.147253100000000000e+07,1.147253200000000000e+07,1.147253300000000000e+07,1.147253400000000000e+07,1.147253500000000000e+07,1.147253600000000000e+07,1.147253700000000000e+07,1.147253800000000000e+07,1.147253900000000000e+07,1.147254000000000000e+07,1.147254100000000000e+07,1.147254200000000000e+07,1.147254300000000000e+07,1.147254400000000000e+07,1.147254500000000000e+07,1.147254600000000000e+07,1.147254700000000000e+07,1.147254800000000000e+07,1.147254900000000000e+07,1.147255000000000000e+07,1.147255100000000000e+07,-2.147483648000000000e+09,-2.147483648000000000e+09,-2.147483648000000000e+09
-2.147483648000000000e+09,-2.147483648000000000e+09,-2.147483648000000000e+09,-2.147483648000000000e+09,-2.147483648000000000e+09,-2.147483648000000000e+09,-2.147483648000000000e+09,-2.147483648000000000e+09,-2.147483648000000000e+09,-2.147483648000000000e+09,-2.147483648000000000e+09,-2.147483648000000000e+09,-2.147483648000000000e+09,-2.147483648000000000e+09,-2.147483648000000000e+09,-2.147483648000000000e+09,-2.147483648000000000e+09,-2.147483648000000000e+09,-2.147483648000000000e+09,-2.147483648000000000e+09,-2.147483648000000000e+09,-2.147483648000000000e+09,-2.147483648000000000e+09,-2.147483648000000000e+09,-2.147483648000000000e+09,-2.147483648000000000e+09,1.147969900000000000e+07,1.147970000000000000e+07,1.147970100000000000e+07,1.147970200000000000e+07,1.147970300000000000e+07,1.147970400000000000e+07,1.147970500000000000e+07,1.147970600000000000e+07,1.147970700000000000e+07,1.147970800000000000e+07,1.147970900000000000e+07,1.147971000000000000e+07,1.147971100000000000e+07,1.147971100000000000e+07,1.147971200000000000e+07,1.147971300000000000e+07,1.147971400000000000e+07,1.147971500000000000e+07,1.147971600000000000e+07,1.147971700000000000e+07,1.147971800000000000e+07,1.147971900000000000e+07,1.147972000000000000e+07,1.147972100000000000e+07,1.147972200000000000e+07,1.147972300000000000e+07,1.147972400000000000e+07,1.147972500000000000e+07,1.147972600000000000e+07,1.147972700000000000e+07,1.147972800000000000e+07,1.147972900000000000e+07,1.147973000000000000e+07,1.147973100000000000e+07,1.147973200000000000e+07,1.147973300000000000e+07,1.147973400000000000e+07,1.147973500000000000e+07,1.147973600000000000e+07,1.147973700000000000e+07,1.147973800000000000e+07,1.147973900000000000e+07,1.147974000000000000e+07,1.147974100000000000e+07,1.147974200000000000e+07,1.147974300000000000e+07,1.147974400000000000e+07,1.147974500000000000e+07,1.147974600000000000e+07,1.147974700000000000e+07,1.147974800000000000e+07,1.147974900000000000e+07,1.147975000000000000e+07,-2.147483648000000000e+09,-2.147483648000000000e+09,-2.147483648000000000e+09,-2.147483648000000000e+09
-2.147483648000000000e+09,-2.147483648000000000e+09,-2.147483648000000000e+09,-2.147483648000000000e+09,-2.147483648000000000e+09,-2.147483648000000000e+09,-2.147483648000000000e+09,-2.147483648000000000e+09,-2.147483648000000000e+09,-2.147483648000000000e+09,-2.147483648000000000e+09,-2.147483648000000000e+09,-2.147483648000000000e+09,-2.147483648000000000e+09,-2.147483648000000000e+09,-2.147483648000000000e+09,-2.147483648000000000e+09,-2.147483648000000000e+09,-2.147483648000000000e+09,-2.147483648000000000e+09,-2.147483648000000000e+09,-2.147483648000000000e+09,-2.147483648000000000e+09,-2.147483648000000000e+09,-2.147483648000000000e+09,1.148689800000000000e+07,1.148689900000000000e+07,1.148690000000000000e+07,1.148690100000000000e+07,1.148690200000000000e+07,1.148690300000000000e+07,1.148690400000000000e+07,1.148690500000000000e+07,1.148690600000000000e+07,1.148690700000000000e+07,1.148690800000000000e+07,1.148690900000000000e+07,1.148691000000000000e+07,1.148691100000000000e+07,1.148691100000000000e+07,1.148691200000000000e+07,1.148691300000000000e+07,1.148691400000000000e+07,1.148691500000000000e+07,1.148691600000000000e+07,1.148691700000000000e+07,1.148691800000000000e+07,1.148691900000000000e+07,1.148692000000000000e+07,1.148692100000000000e+07,1.148692200000000000e+07,1.148692300000000000e+07,1.148692400000000000e+07,1.148692500000000000e+07,1.148692600000000000e+07,1.148692700000000000e+07,1.148692800000000000e+07,1.148692900000000000e+07,1.148693000000000000e+07,1.148693100000000000e+07,1.148693200000000000e+07,1.148693300000000000e+07,1.148693400000000000e+07,1.148693500000000000e+07,1.148693600000000000e+07,1.148693700000000000e+07,1.148693800000000000e+07,1.148693900000000000e+07,1.148694000000000000e+07,1.148694100000000000e+07,1.148694200000000000e+07,1.148694300000000000e+07,1.148694400000000000e+07,1.148694500000000000e+07,1.148694600000000000e+07,1.148694700000000000e+07,1.148694800000000000e+07,1.148694900000000000e+07,-2.147483648000000000e+09,-2.147483648000000000e+09,-2.147483648000000000e+09,-2.147483648000000000e+09,-2.147483648000000000e+09
-2.147483648000000000e+09,-2.147483648000000000e+09,-2.147483648000000000e+09,-2.147483648000000000e+09,-2.147483648000000000e+09,-2.147483648000000000e+09,-2.147483648000000000e+09,-2.147483648000000000e+09,-2.147483648000000000e+09,-2.147483648000000000e+09,-2.147483648000000000e+09,-2.147483648000000000e+09,-2.147483648000000000e+09,-2.147483648000000000e+09,-2.147483648000000000e+09,-2.147483648000000000e+09,-2.147483648000000000e+09,-2.147483648000000000e+09,-2.147483648000000000e+09,-2.147483648000000000e+09,-2.147483648000000000e+09,-2.147483648000000000e+09,-2.147483648000000000e+09,-2.147483648000000000e+09,1.149409700000000000e+07,1.149409800000000000e+07,1.149409900000000000e+07,1.149410000000000000e+07,1.149410100000000000e+07,1.149410200000000000e+07,1.149410300000000000e+07,1.149410400000000000e+07,1.149410500000000000e+07,1.149410600000000000e+07,1.149410700000000000e+07,1.149410800000000000e+07,1.149410900000000000e+07,1.149411000000000000e+07,1.149411100000000000e+07,1.149411100000000000e+07,1.149411200000000000e+07,1.149411300000000000e+07,1.149411400000000000e+07,1.149411500000000000e+07,1.149411600000000000e+07,1.149411700000000000e+07,1.149411800000000000e+07,1.149411900000000000e+07,1.149412000000000000e+07,1.149412100000000000e+07,1.149412200000000000e+07,1.149412300000000000e+07,1.149412400000000000e+07,1.149412500000000000e+07,1.149412600000000000e+07,1.149412700000000000e+07,1.149412800000000000e+07,1.149412900000000000e+07,1.149413000000000000e+07,1.149413100000000000e+07,1.149413200000000000e+07,1.149413300000000000e+07,1.149413400000000000e+07,1.149413500000000000e+07,1.149413600000000000e+07,1.149413700000000000e+07,1.149413800000000000e+07,1.149413900000000000e+07,1.149414000000000000e+07,1.149414100000000000e+07,1.149414200000000000e+07,1.149414300000000000e+07,1.149414400000000000e+07,1.149414500000000000e+07,1.149414600000000000e+07,1.149414700000000000e+07,1.149414800000000000e+07,-2.147483648000000000e+09,-2.147483648000000000e+09,-2.147483648000000000e+09,-2.147483648000000000e+09,-2.147483648000000000e+09,-2.147483648000000000e+09
-2.147483648000000000e+09,-2.147483648000000000e+09,-2.147483648000000000e+09,-2.147483648000000000e+09,-2.147483648000000000e+09,-2.147483648000000000e+09,-2.147483648000000000e+09,-2.147483648000000000e+09,-2.147483648000000000e+09,-2.147483648000000000e+09,-2.147483648000000000e+09,-2.147483648000000000e+09,-2.147483648000000000e+09,-2.147483648000000000e+09,-2.147483648000000000e+09,-2.147483648000000000e+09,-2.147483648000000000e+09,-2.147483648000000000e+09,-2.147483648000000000e+09,-2.147483648000000000e+09,-2.147483648000000000e+09,-2.147483648000000000e+09,-2.147483648000000000e+09,1.150129600000000000e+07,1.150129700000000000e+07,1.150129800000000000e+07,1.150129900000000000e+07,1.150130000000000000e+07,1.150130100000000000e+07,1.150130200000000000e+07,1.150130300000000000e+07,1.150130400000000000e+07,1.150130500000000000e+07,1.150130600000000000e+07,1.150130700000000000e+07,1.150130800000000000e+07,1.150130900000000000e+07,1.150131000000000000e+07,1.150131100000000000e+07,1.150131100000000000e+07,1.150131200000000000e+07,1.150131300000000000e+07,1.150131400000000000e+07,1.150131500000000000e+07,1.150131600000000000e+07,1.150131700000000000e+07,1.150131800000000000e+07,1.150131900000000000e+07,1.150132000000000000e+07,1.150132100000000000e+07,1.150132200000000000e+07,1.150132300000000000e+07,1.150132400000000000e+07,1.150132500000000000e+07,1.150132600000000000e+07,1.150132700000000000e+07,1.150132800000000000e+07,1.150132900000000000e+07,1.150133000000000000e+07,1.150133100000000000e+07,1.150133200000000000e+07,1.150133300000000000e+07,1.150133400000000000e+07,1.150133500000000000e+07,1.150133600000000000e+07,1.150133700000000000e+07,1.150133800000000000e+07,1.150133900000000000e+07,1.150134000000000000e+07,1.150134100000000000e+07,1.150134200000000000e+07,1.150134300000000000e+07,1.150134400000000000e+07,1.150134500000000000e+07,1.150134600000000000e+07,1.150134700000000000e+07,-2.147483648000000000e+09,-2.147483648000000000e+09,-2.147483648000000000e+09,-2.147483648000000000e+09,-2.147483648000000000e+09,-2.147483648000000000e+09,-2.147483648000000000e+09
-2.147483648000000000e+09,-2.147483648000000000e+09,-2.147483648000000000e+09,-2.147483648000000000e+09,-2.147483648000000000e+09,-2.147483648000000000e+09,-2.147483648000000000e+09,-2.147483648000000000e+09,-2.147483648000000000e+09,-2.147483648000000000e+09,-2.147483648000000000e+09,-2.147483648000000000e+09,-2.147483648000000000e+09,-2.147483648000000000e+09,-2.147483648000000000e+09,-2.147483648000000000e+09,-2.147483648000000000e+09,-2.147483648000000000e+09,-2.147483648000000000e+09,-2.147483648000000000e+09,-2.147483648000000000e+09,-2.147483648000000000e+09,1.150849500000000000e+07,1.150849600000000000e+07,1.150849700000000000e+07,1.150849800000000000e+07,1.150849900000000000e+07,1.150850000000000000e+07,1.150850100000000000e+07,1.150850200000000000e+07,1.150850300000000000e+07,1.150850400000000000e+07,1.150850500000000000e+07,1.150850600000000000e+07,1.150850700000000000e+07,1.150850800000000000e+07,1.150850900000000000e+07,1.150851000000000000e+07,1.150851100000000000e+07,1.150851100000000000e+07,1.150851200000000000e+07,1.150851300000000000e+07,1.150851400000000000e+07,1.150851500000000000e+07,1.150851600000000000e+07,1.150851700000000000e+07,1.150851800000000000e+07,1.150851900000000000e+07,1.150852000000000000e+07,1.150852100000000000e+07,1.150852200000000000e+07,1.150852300000000000e+07,1.150852400000000000e+07,1.150852500000000000e+07,1.150852600000000000e+07,1.150852700000000000e+07,1.150852800000000000e+07,1.150852900000000000e+07,1.150853000000000000e+07,1.150853100000000000e+07,1.150853200000000000e+07,1.150853300000000000e+07,1.150853400000000000e+07,1.150853500000000000e+07,1.150853600000000000e+07,1.150853700000000000e+07,1.150853800000000000e+07,1.150853900000000000e+07,1.150854000000000000e+07,1.150854100000000000e+07,1.150854200000000000e+07,1.150854300000000000e+07,1.150854400000000000e+07,1.150854500000000000e+07,1.150854600000000000e+07,-2.147483648000000000e+09,-2.147483648000000000e+09,-2.147483648000000000e+09,-2.147483648000000000e+09,-2.147483648000000000e+09,-2.147483648000000000e+09,-2.147483648000000000e+09,-2.147483648000000000e+09
-2.147483648000000000e+09,-2.147483648000000000e+09,-2.147483648000000000e+09,-2.147483648000000000e+09,-2.147483648000000000e+09,-2.147483648000000000e+09,-2.147483648000000000e+09,-2.147483648000000000e+09,-2.147483648000000000e+09,-2.147483648000000000e+09,-2.147483648000000000e+09,-2.147483648000000000e+09,-2.147483648000000000e+09,-2.147483648000000000e+09,-2.147483648000000000e+09,-2.147483648000000000e+09,-2.147483648000000000e+09,-2.147483648000000000e+09,-2.147483648000000000e+09,-2.147483648000000000e+09,-2.147483648000000000e+09,1.151569400000000000e+07,1.151569500000000000e+07,1.151569600000000000e+07,1.151569700000000000e+07,1.151569800000000000e+07,1.151569900000000000e+07,1.151570000000000000e+07,1.151570100000000000e+07,1.151570200000000000e+07,1.151570300000000000e+07,1.151570400000000000e+07,1.151570500000000000e+07,1.151570600000000000e+07,1.151570700000000000e+07,1.151570800000000000e+07,1.151570900000000000e+07,1.151571000000000000e+07,1.151571100000000000e+07,1.151571100000000000e+07,1.151571200000000000e+07,1.151571300000000000e+07,1.151571400000000000e+07,1.151571500000000000e+07,1.151571600000000000e+07,1.151571700000000000e+07,1.151571800000000000e+07,1.151571900000000000e+07,1.151572000000000000e+07,1.151572100000000000e+07,1.151572200000000000e+07,1.151572300000000000e+07,1.151572400000000000e+07,1.151572500000000000e+07,1.151572600000000000e+07,1.151572700000000000e+07,1.151572800000000000e+07,1.151572900000000000e+07,1.151573000000000000e+07,1.151573100000000000e+07,1.151573200000000000e+07,1.151573300000000000e+07,1.151573400000000000e+07,1.151573500000000000e+07,1.151573600000000000e+07,1.151573700000000000e+07,1.151573800000000000e+07,1.151573900000000000e+07,1.151574000000000000e+07,1.151574100000000000e+07,1.151574200000000000e+07,1.151574300000000000e+07,1.151574400000000000e+07,1.151574500000000000e+07,-2.147483648000000000e+09,-2.147483648000000000e+09,-2.147483648000000000e+09,-2.147483648000000000e+09,-2.147483648000000000e+09,-2.147483648000000000e+09,-2.147483648000000000e+09,-2.147483648000000000e+09,-2.147483648000000000e+09
-2.147483648000000000e+09,-2.147483648000000000e+09,-2.147483648000000000e+09,-2.147483648000000000e+09,-2.147483648000000000e+09,-2.147483648000000000e+09,-2.147483648000000000e+09,-2.147483648000000000e+09,-2.147483648000000000e+09,-2.147483648000000000e+09,-2.147483648000000000e+09,-2.147483648000000000e+09,-2.147483648000000000e+09,-2.147483648000000000e+09,-2.147483648000000000e+09,-2.147483648000000000e+09,-2.147483648000000000e+09,-2.147483648000000000e+09,-2.147483648000000000e+09,-2.147483648000000000e+09,1.152289300000000000e+07,1.152289400000000000e+07,1.152289500000000000e+07,1.152289600000000000e+07,1.152289700000000000e+07,1.152289800000000000e+07,1.152289900000000000e+07,1.152290000000000000e+07,1.152290100000000000e+07,1.152290200000000000e+07,1.152290300000000000e+07,1.152290400000000000e+07,1.152290500000000000e+07,1.152290600000000000e+07,1.152290700000000000e+07,1.152290800000000000e+07,1.152290900000000000e+07,1.152291000000000000e+07,1.152291100000000000e+07,1.152291100000000000e+07,1.152291200000000000e+07,1.152291300000000000e+07,1.152291400000000000e+07,1.152291500000000000e+07,1.152291600000000000e+07,1.152291700000000000e+07,1.152291800000000000e+07,1.152291900000000000e+07,1.152292000000000000e+07,1.152292100000000000e+07,1.152292200000000000e+07,1.152292300000000000e+07,1.152292400000000000e+07,1.152292500000000000e+07,1.152292600000000000e+07,1.152292700000000000e+07,1.152292800000000000e+07,1.152292900000000000e+07,1.152293000000000000e+07,1.152293100000000000e+07,1.152293200000000000e+07,1.152293300000000000e+07,1.152293400000000000e+07,1.152293500000000000e+07,1.152293600000000000e+07,1.152293700000000000e+07,1.152293800000000000e+07,1.152293900000000000e+07,1.152294000000000000e+07,1.152294100000000000e+07,1.152294200000000000e+07,1.152294300000000000e+07,1.152294400000000000e+07,-2.147483648000000000e+09,-2.147483648000000000e+09,-2.147483648000000000e+09,-2.147483648000000000e+09,-2.147483648000000000e+09,-2.147483648000000000e+09,-2.147483648000000000e+09,-2.147483648000000000e+09,-2.147483648000000000e+09,-2.147483648000000000e+09
-2.147483648000000000e+09,-2.147483648000000000e+09,-2.147483648000000000e+09,-2.147483648000000000e+09,-2.147483648000000000e+09,-2.147483648000000000e+09,-2.147483648000000000e+09,-2.147483648000000000e+09,-2.147483648000000000e+09,-2.147483648000000000e+09,-2.147483648000000000e+09,-2.147483648000000000e+09,-2.147483648000000000e+09,-2.147483648000000000e+09,-2.147483648000000000e+09,-2.147483648000000000e+09,-2.147483648000000000e+09,-2.147483648000000000e+09,-2.147483648000000000e+09,1.153009200000000000e+07,1.153009300000000000e+07,1.153009400000000000e+07,1.153009500000000000e+07,1.153009600000000000e+07,1.153009700000000000e+07,1.153009800000000000e+07,1.153009900000000000e+07,1.153010000000000000e+07,1.153010100000000000e+07,1.153010200000000000e+07,1.153010300000000000e+07,1.153010400000000000e+07,1.153010500000000000e+07,1.153010600000000000e+07,1.153010700000000000e+07,1.153010800000000000e+07,1.153010900000000000e+07,1.153011000000000000e+07,1.153011100000000000e+07,1.153011100000000000e+07,1.153011200000000000e+07,1.153011300000000000e+07,1.153011400000000000e+07,1.153011500000000000e+07,1.153011600000000000e+07,1.153011700000000000e+07,1.153011800000000000e+07,1.153011900000000000e+07,1.153012000000000000e+07,1.153012100000000000e+07,1.153012200000000000e+07,1.153012300000000000e+07,1.153012400000000000e+07,1.153012500000000000e+07,1.153012600000000000e+07,1.153012700000000000e+07,1.153012800000000000e+07,1.153012900000000000e+07,1.153013000000000000e+07,1.153013100000000000e+07,1.153013200000000000e+07,1.153013300000000000e+07,1.153013400000000000e+07,1.153013500000000000e+07,1.153013600000000000e+07,1.153013700000000000e+07,1.153013800000000000e+07,1.153013900000000000e+07,1.153014000000000000e+07,1.153014100000000000e+07,1.153014200000000000e+07,1.153014300000000000e+07,-2.147483648000000000e+09,-2.147483648000000000e+09,-2.147483648000000000e+09,-2.147483648000000000e+09,-2.147483648000000000e+09,-2.147483648000000000e+09,-2.147483648000000000e+09,-2.147483648000000000e+09,-2.147483648000000000e+09,-2.147483648000000000e+09,-2.147483648000000000e+09
-2.147483648000000000e+09,-2.147483648000000000e+09,-2.147483648000000000e+09,-2.147483648000000000e+09,-2.147483648000000000e+09,-2.147483648000000000e+09,-2.147483648000000000e+09,-2.147483648000000000e+09,-2.147483648000000000e+09,-2.147483648000000000e+09,-2.147483648000000000e+09,-2.147483648000000000e+09,-2.147483648000000000e+09,-2.147483648000000000e+09,-2.147483648000000000e+09,-2.147483648000000000e+09,-2.147483648000000000e+09,-2.147483648000000000e+09,1.153729100000000000e+07,1.153729200000000000e+07,1.153729300000000000e+07,1.153729400000000000e+07,1.153729500000000000e+07,1.153729600000000000e+07,1.153729700000000000e+07,1.153729800000000000e+07,1.153729900000000000e+07,1.153730000000000000e+07,1.153730100000000000e+07,1.153730200000000000e+07,1.153730300000000000e+07,1.153730400000000000e+07,1.153730500000000000e+07,1.153730600000000000e+07,1.153730700000000000e+07,1.153730800000000000e+07,1.153730900000000000e+07,1.153731000000000000e+07,1.153731100000000000e+07,1.153731100000000000e+07,1.153731200000000000e+07,1.153731300000000000e+07,1.153731400000000000e+07,1.153731500000000000e+07,1.153731600000000000e+07,1.153731700000000000e+07,1.153731800000000000e+07,1.153731900000000000e+07,1.153732000000000000e+07,1.153732100000000000e+07,1.153732200000000000e+07,1.153732300000000000e+07,1.153732400000000000e+07,1.153732500000000000e+07,1.153732600000000000e+07,1.153732700000000000e+07,1.153732800000000000e+07,1.153732900000000000e+07,1.153733000000000000e+07,1.153733100000000000e+07,1.153733200000000000e+07,1.153733300000000000e+07,1.153733400000000000e+07,1.153733500000000000e+07,1.153733600000000000e+07,1.153733700000000000e+07,1.153733800000000000e+07,1.153733900000000000e+07,1.153734000000000000e+07,1.153734100000000000e+07,1.153734200000000000e+07,-2.147483648000000000e+09,-2.147483648000000000e+09,-2.147483648000000000e+09,-2.147483648000000000e+09,-2.147483648000000000e+09,-2.147483648000000000e+09,-2.147483648000000000e+09,-2.147483648000000000e+09,-2.147483648000000000e+09,-2.147483648000000000e+09,-2.147483648000000000e+09,-2.147483648000000000e+09
-2.147483648000000000e+09,-2.147483648000000000e+09,-2.147483648000000000e+09,-2.147483648000000000e+09,-2.147483648000000000e+09,-2.147483648000000000e+09,-2.147483648000000000e+09,-2.147483648000000000e+09,-2.147483648000000000e+09,-2.147483648000000000e+09,-2.147483648000000000e+09,-2.147483648000000000e+09,-2.147483648000000000e+09,-2.147483648000000000e+09,-2.147483648000000000e+09,-2.147483648000000000e+09,-2.147483648000000000e+09,1.154449000000000000e+07,1.154449100000000000e+07,1.154449200000000000e+07,1.154449300000000000e+07,1.154449400000000000e+07,1.154449500000000000e+07,1.154449600000000000e+07,1.154449700000000000e+07,1.154449800000000000e+07,1.154449900000000000e+07,1.154450000000000000e+07,1.154450100000000000e+07,1.154450200000000000e+07,1.154450300000000000e+07,1.154450400000000000e+07,1.154450500000000000e+07,1.154450600000000000e+07,1.154450700000000000e+07,1.154450800000000000e+07,1.154450900000000000e+07,1.154451000000000000e+07,1.154451100000000000e+07,1.154451100000000000e+07,1.154451200000000000e+07,1.154451300000000000e+07,1.154451400000000000e+07,1.154451500000000000e+07,1.154451600000000000e+07,1.154451700000000000e+07,1.154451800000000000e+07,1.154451900000000000e+07,1.154452000000000000e+07,1.154452100000000000e+07,1.154452200000000000e+07,1.154452300000000000e+07,1.154452400000000000e+07,1.154452500000000000e+07,1.154452600000000000e+07,1.154452700000000000e+07,1.154452800000000000e+07,1.154452900000000000e+07,1.154453000000000000e+07,1.154453100000000000e+07,1.154453200000000000e+07,1.154453300000000000e+07,1.154453400000000000e+07,1.154453500000000000e+07,1.154453600000000000e+07,1.154453700000000000e+07,1.154453800000000000e+07,1.154453900000000000e+07,1.154454000000000000e+07,1.154454100000000000e+07,-2.147483648000000000e+09,-2.147483648000000000e+09,-2.147483648000000000e+09,-2.147483648000000000e+09,-2.147483648000000000e+09,-2.147483648000000000e+09,-2.147483648000000000e+09,-2.147483648000000000e+09,-2.147483648000000000e+09,-2.147483648000000000e+09,-2.147483648000000000e+09,-2.147483648000000000e+09,-2.147483648000000000e+09
-2.147483648000000000e+09,-2.147483648000000000e+09,-2.147483648000000000e+09,-2.147483648000000000e+09,-2.147483648000000000e+09,-2.147483648000000000e+09,-2.147483648000000000e+09,-2.147483648000000000e+09,-2.147483648000000000e+09,-2.147483648000000000e+09,-2.147483648000000000e+09,-2.147483648000000000e+09,-2.147483648000000000e+09,-2.147483648000000000e+09,-2.147483648000000000e+09,-2.147483648000000000e+09,1.155168900000000000e+07,1.155169000000000000e+07,1.155169100000000000e+07,1.155169200000000000e+07,1.155169300000000000e+07,1.155169400000000000e+07,1.155169500000000000e+07,1.155169600000000000e+07,1.155169700000000000e+07,1.155169800000000000e+07,1.155169900000000000e+07,1.155170000000000000e+07,1.155170100000000000e+07,1.155170200000000000e+07,1.155170300000000000e+07,1.155170400000000000e+07,1.155170500000000000e+07,1.155170600000000000e+07,1.155170700000000000e+07,1.155170800000000000e+07,1.155170900000000000e+07,1.155171000000000000e+07,1.155171100000000000e+07,1.155171100000000000e+07,1.155171200000000000e+07,1.155171300000000000e+07,1.155171400000000000e+07,1.155171500000000000e+07,1.155171600000000000e+07,1.155171700000000000e+07,1.155171800000000000e+07,1.155171900000000000e+07,1.155172000000000000e+07,1.155172100000000000e+07,1.155172200000000000e+07,1.155172300000000000e+07,1.155172400000000000e+07,1.155172500000000000e+07,1.155172600000000000e+07,1.155172700000000000e+07,1.155172800000000000e+07,1.155172900000000000e+07,1.155173000000000000e+07,1.155173100000000000e+07,1.155173200000000000e+07,1.155173300000000000e+07,1.155173400000000000e+07,1.155173500000000000e+07,1.155173600000000000e+07,1.155173700000000000e+07,1.155173800000000000e+07,1.155173900000000000e+07,1.155174000000000000e+07,-2.147483648000000000e+09,-2.147483648000000000e+09,-2.147483648000000000e+09,-2.147483648000000000e+09,-2.147483648000000000e+09,-2.147483648000000000e+09,-2.147483648000000000e+09,-2.147483648000000000e+09,-2.147483648000000000e+09,-2.147483648000000000e+09,-2.147483648000000000e+09,-2.147483648000000000e+09,-2.147483648000000000e+09,-2.147483648000000000e+09
-2.147483648000000000e+09,-2.147483648000000000e+09,-2.147483648000000000e+09,-2.147483648000000000e+09,-2.147483648000000000e+09,-2.147483648000000000e+09,-2.147483648000000000e+09,-2.147483648000000000e+09,-2.147483648000000000e+09,-2.147483648000000000e+09,-2.147483648000000000e+09,-2.147483648000000000e+09,-2.147483648000000000e+09,-2.147483648000000000e+09,-2.147483648000000000e+09,1.155888800000000000e+07,1.155888900000000000e+07,1.155889000000000000e+07,1.155889100000000000e+07,1.155889200000000000e+07,1.155889300000000000e+07,1.155889400000000000e+07,1.155889500000000000e+07,1.155889600000000000e+07,1.155889700000000000e+07,1.155889800000000000e+07,1.155889900000000000e+07,1.155890000000000000e+07,1.155890100000000000e+07,1.155890200000000000e+07,1.155890300000000000e+07,1.155890400000000000e+07,1.155890500000000000e+07,1.155890600000000000e+07,1.155890700000000000e+07,1.155890800000000000e+07,1.155890900000000000e+07,1.155891000000000000e+07,1.155891100000000000e+07,1.155891100000000000e+07,1.155891200000000000e+07,1.155891300000000000e+07,1.155891400000000000e+07,1.155891500000000000e+07,1.155891600000000000e+07,1.155891700000000000e+07,1.155891800000000000e+07,1.155891900000000000e+07,1.155892000000000000e+07,1.155892100000000000e+07,1.155892200000000000e+07,1.155892300000000000e+07,1.155892400000000000e+07,1.155892500000000000e+07,1.155892600000000000e+07,1.155892700000000000e+07,1.155892800000000000e+07,1.155892900000000000e+07,1.155893000000000000e+07,1.155893100000000000e+07,1.155893200000000000e+07,1.155893300000000000e+07,1.155893400000000000e+07,1.155893500000000000e+07,1.155893600000000000e+07,1.155893700000000000e+07,1.155893800000000000e+07,1.155893900000000000e+07,-2.147483648000000000e+09,-2.147483648000000000e+09,-2.147483648000000000e+09,-2.147483648000000000e+09,-2.147483648000000000e+09,-2.147483648000000000e+09,-2.147483648000000000e+09,-2.147483648000000000e+09,-2.147483648000000000e+09,-2.147483648000000000e+09,-2.147483648000000000e+09,-2.147483648000000000e+09,-2.147483648000000000e+09,-2.147483648000000000e+09,-2.147483648000000000e+09
-2.147483648000000000e+09,-2.147483648000000000e+09,-2.147483648000000000e+09,-2.147483648000000000e+09,-2.147483648000000000e+09,-2.147483648000000000e+09,-2.147483648000000000e+09,-2.147483648000000000e+09,-2.147483648000000000e+09,-2.147483648000000000e+09,-2.147483648000000000e+09,-2.147483648000000000e+09,-2.147483648000000000e+09,-2.147483648000000000e+09,1.156608700000000000e+07,1.156608800000000000e+07,1.156608900000000000e+07,1.156609000000000000e+07,1.156609100000000000e+07,1.156609200000000000e+07,1.156609300000000000e+07,1.156609400000000000e+07,1.156609500000000000e+07,1.156609600000000000e+07,1.156609700000000000e+07,1.156609800000000000e+07,1.156609900000000000e+07,1.156610000000000000e+07,1.156610100000000000e+07,1.156610200000000000e+07,1.156610300000000000e+07,1.156610400000000000e+07,1.156610500000000000e+07,1.156610600000000000e+07,1.156610700000000000e+07,1.156610800000000000e+07,1.156610900000000000e+07,1.156611000000000000e+07,1.156611100000000000e+07,1.156611100000000000e+07,1.156611200000000000e+07,1.156611300000000000e+07,1.156611400000000000e+07,1.156611500000000000e+07,1.156611600000000000e+07,1.156611700000000000e+07,1.156611800000000000e+07,1.156611900000000000e+07,1.156612000000000000e+07,1.156612100000000000e+07,1.156612200000000000e+07,1.156612300000000000e+07,1.156612400000000000e+07,1.156612500000000000e+07,1.156612600000000000e+07,1.156612700000000000e+07,1.156612800000000000e+07,1.156612900000000000e+07,1.156613000000000000e+07,1.156613100000000000e+07,1.156613200000000000e+07,1.156613300000000000e+07,1.156613400000000000e+07,1.156613500000000000e+07,1.156613600000000000e+07,1.156613700000000000e+07,1.156613800000000000e+07,-2.147483648000000000e+09,-2.147483648000000000e+09,-2.147483648000000000e+09,-2.147483648000000000e+09,-2.147483648000000000e+09,-2.147483648000000000e+09,-2.147483648000000000e+09,-2.147483648000000000e+09,-2.147483648000000000e+09,-2.147483648000000000e+09,-2.147483648000000000e+09,-2.147483648000000000e+09,-2.147483648000000000e+09,-2.147483648000000000e+09,-2.147483648000000000e+09,-2.147483648000000000e+09
-2.147483648000000000e+09,-2.147483648000000000e+09,-2.147483648000000000e+09,-2.147483648000000000e+09,-2.147483648000000000e+09,-2.147483648000000000e+09,-2.147483648000000000e+09,-2.147483648000000000e+09,-2.147483648000000000e+09,-2.147483648000000000e+09,-2.147483648000000000e+09,-2.147483648000000000e+09,-2.147483648000000000e+09,1.157328600000000000e+07,1.157328700000000000e+07,1.157328800000000000e+07,1.157328900000000000e+07,1.157329000000000000e+07,1.157329100000000000e+07,1.157329200000000000e+07,1.157329300000000000e+07,1.157329400000000000e+07,1.157329500000000000e+07,1.157329600000000000e+07,1.157329700000000000e+07,1.157329800000000000e+07,1.157329900000000000e+07,1.157330000000000000e+07,1.157330100000000000e+07,1.157330200000000000e+07,1.157330300000000000e+07,1.157330400000000000e+07,1.157330500000000000e+07,1.157330600000000000e+07,1.157330700000000000e+07,1.157330800000000000e+07,1.157330900000000000e+07,1.157331000000000000e+07,1.157331100000000000e+07,1.157331100000000000e+07,1.157331200000000000e+07,1.157331300000000000e+07,1.157331400000000000e+07,1.157331500000000000e+07,1.157331600000000000e+07,1.157331700000000000e+07,1.157331800000000000e+07,1.157331900000000000e+07,1.157332000000000000e+07,1.157332100000000000e+07,1.157332200000000000e+07,1.157332300000000000e+07,1.157332400000000000e+07,1.157332500000000000e+07,1.157332600000000000e+07,1.157332700000000000e+07,1.157332800000000000e+07,1.157332900000000000e+07,1.157333000000000000e+07,1.157333100000000000e+07,1.157333200000000000e+07,1.157333300000000000e+07,1.157333400000000000e+07,1.157333500000000000e+07,1.157333600000000000e+07,1.157333700000000000e+07,-2.147483648000000000e+09,-2.147483648000000000e+09,-2.147483648000000000e+09,-2.147483648000000000e+09,-2.147483648000000000e+09,-2.147483648000000000e+09,-2.147483648000000000e+09,-2.147483648000000000e+09,-2.147483648000000000e+09,-2.147483648000000000e+09,-2.147483648000000000e+09,-2.147483648000000000e+09,-2.147483648000000000e+09,-2.147483648000000000e+09,-2.147483648000000000e+09,-2.147483648000000000e+09,-2.147483648000000000e+09
-2.147483648000000000e+09,-2.147483648000000000e+09,-2.147483648000000000e+09,-2.147483648000000000e+09,-2.147483648000000000e+09,-2.147483648000000000e+09,-2.147483648000000000e+09,-2.147483648000000000e+09,-2.147483648000000000e+09,-2.147483648000000000e+09,-2.147483648000000000e+09,-2.147483648000000000e+09,1.157328500000000000e+07,1.157328600000000000e+07,1.157328700000000000e+07,1.157328800000000000e+07,1.157328900000000000e+07,1.157329000000000000e+07,1.157329100000000000e+07,1.157329200000000000e+07,1.157329300000000000e+07,1.157329400000000000e+07,1.157329500000000000e+07,1.157329600000000000e+07,1.157329700000000000e+07,1.157329800000000000e+07,1.157329900000000000e+07,1.157330000000000000e+07,1.157330100000000000e+07,1.157330200000000000e+07,1.157330300000000000e+07,1.157330400000000000e+07,1.157330500000000000e+07,1.157330600000000000e+07,1.157330700000000000e+07,1.157330800000000000e+07,1.157330900000000000e+07,1.157331000000000000e+07,1.157331100000000000e+07,1.157331100000000000e+07,1.157331200000000000e+07,1.157331300000000000e+07,1.157331400000000000e+07,1.157331500000000000e+07,1.157331600000000000e+07,1.157331700000000000e+07,1.157331800000000000e+07,1.157331900000000000e+07,1.157332000000000000e+07,1.157332100000000000e+07,1.157332200000000000e+07,1.157332300000000000e+07,1.157332400000000000e+07,1.157332500000000000e+07,1.157332600000000000e+07,1.157332700000000000e+07,1.157332800000000000e+07,1.157332900000000000e+07,1.157333000000000000e+07,1.157333100000000000e+07,1.157333200000000000e+07,1.157333300000000000e+07,1.157333400000000000e+07,1.157333500000000000e+07,1.157333600000000000e+07,-2.147483648000000000e+09,-2.147483648000000000e+09,-2.147483648000000000e+09,-2.147483648000000000e+09,-2.147483648000000000e+09,-2.147483648000000000e+09,-2.147483648000000000e+09,-2.147483648000000000e+09,-2.147483648000000000e+09,-2.147483648000000000e+09,-2.147483648000000000e+09,-2.147483648000000000e+09,-2.147483648000000000e+09,-2.147483648000000000e+09,-2.147483648000000000e+09,-2.147483648000000000e+09,-2.147483648000000000e+09,-2.147483648000000000e+09
-2.147483648000000000e+09,-2.147483648000000000e+09,-2.147483648000000000e+09,-2.147483648000000000e+09,-2.147483648000000000e+09,-2.147483648000000000e+09,-2.147483648000000000e+09,-2.147483648000000000e+09,-2.147483648000000000e+09,-2.147483648000000000e+09,-2.147483648000000000e+09,1.158048400000000000e+07,1.158048500000000000e+07,1.158048600000000000e+07,1.158048700000000000e+07,1.158048800000000000e+07,1.158048900000000000e+07,1.158049000000000000e+07,1.158049100000000000e+07,1.158049200000000000e+07,1.158049300000000000e+07,1.158049400000000000e+07,1.158049500000000000e+07,1.158049600000000000e+07,1.158049700000000000e+07,1.158049800000000000e+07,1.158049900000000000e+07,1.158050000000000000e+07,1.158050100000000000e+07,1.158050200000000000e+07,1.158050300000000000e+07,1.158050400000000000e+07,1.158050500000000000e+07,1.158050600000000000e+07,1.158050700000000000e+07,1.158050800000000000e+07,1.158050900000000000e+07,1.158051000000000000e+07,1.158051100000000000e+07,1.158051100000000000e+07,1.158051200000000000e+07,1.158051300000000000e+07,1.158051400000000000e+07,1.158051500000000000e+07,1.158051600000000000e+07,1.158051700000000000e+07,1.158051800000000000e+07,1.158051900000000000e+07,1.158052000000000000e+07,1.158052100000000000e+07,1.158052200000000000e+07,1.158052300000000000e+07,1.158052400000000000e+07,1.158052500000000000e+07,1.158052600000000000e+07,1.158052700000000000e+07,1.158052800000000000e+07,1.158052900000000000e+07,1.158053000000000000e+07,1.158053100000000000e+07,1.158053200000000000e+07,1.158053300000000000e+07,1.158053400000000000e+07,1.158053500000000000e+07,-2.147483648000000000e+09,-2.147483648000000000e+09,-2.147483648000000000e+09,-2.147483648000000000e+09,-2.147483648000000000e+09,-2.147483648000000000e+09,-2.147483648000000000e+09,-2.147483648000000000e+09,-2.147483648000000000e+09,-2.147483648000000000e+09,-2.147483648000000000e+09,-2.147483648000000000e+09,-2.147483648000000000e+09,-2.147483648000000000e+09,-2.147483648000000000e+09,-2.147483648000000000e+09,-2.147483648000000000e+09,-2.147483648000000000e+09,-2.147483648000000000e+09
-2.147483648000000000e+09,-2.147483648000000000e+09,-2.147483648000000000e+09,-2.147483648000000000e+09,-2.147483648000000000e+09,-2.147483648000000000e+09,-2.147483648000000000e+09,-2.147483648000000000e+09,-2.147483648000000000e+09,-2.147483648000000000e+09,1.158768300000000000e+07,1.158768400000000000e+07,1.158768500000000000e+07,1.158768600000000000e+07,1.158768700000000000e+07,1.158768800000000000e+07,1.158768900000000000e+07,1.158769000000000000e+07,1.158769100000000000e+07,1.158769200000000000e+07,1.158769300000000000e+07,1.158769400000000000e+07,1.158769500000000000e+07,1.158769600000000000e+07,1.158769700000000000e+07,1.158769800000000000e+07,1.158769900000000000e+07,1.158770000000000000e+07,1.158770100000000000e+07,1.158770200000000000e+07,1.158770300000000000e+07,1.158770400000000000e+07,1.158770500000000000e+07,1.158770600000000000e+07,1.158770700000000000e+07,1.158770800000000000e+07,1.158770900000000000e+07,1.158771000000000000e+07,1.158771100000000000e+07,1.158771100000000000e+07,1.158771200000000000e+07,1.158771300000000000e+07,1.158771400000000000e+07,1.158771500000000000e+07,1.158771600000000000e+07,1.158771700000000000e+07,1.158771800000000000e+07,1.158771900000000000e+07,1.158772000000000000e+07,1.158772100000000000e+07,1.158772200000000000e+07,1.158772300000000000e+07,1.158772400000000000e+07,1.158772500000000000e+07,1.158772600000000000e+07,1.158772700000000000e+07,1.158772800000000000e+07,1.158772900000000000e+07,1.158773000000000000e+07,1.158773100000000000e+07,1.158773200000000000e+07,1.158773300000000000e+07,1.158773400000000000e+07,-2.147483648000000000e+09,-2.147483648000000000e+09,-2.147483648000000000e+09,-2.147483648000000000e+09,-2.147483648000000000e+09,-2.147483648000000000e+09,-2.147483648000000000e+09,-2.147483648000000000e+09,-2.147483648000000000e+09,-2.147483648000000000e+09,-2.147483648000000000e+09,-2.147483648000000000e+09,-2.147483648000000000e+09,-2.147483648000000000e+09,-2.147483648000000000e+09,-2.147483648000000000e+09,-2.147483648000000000e+09,-2.147483648000000000e+09,-2.147483648000000000e+09,-2.147483648000000000e+09
-2.147483648000000000e+09,-2.147483648000000000e+09,-2.147483648000000000e+09,-2.147483648000000000e+09,-2.147483648000000000e+09,-2.147483648000000000e+09,-2.147483648000000000e+09,-2.147483648000000000e+09,-2.147483648000000000e+09,1.159488200000000000e+07,1.159488300000000000e+07,1.159488400000000000e+07,1.159488500000000000e+07,1.159488600000000000e+07,1.159488700000000000e+07,1.159488800000000000e+07,1.159488900000000000e+07,1.159489000000000000e+07,1.159489100000000000e+07,1.159489200000000000e+07,1.159489300000000000e+07,1.159489400000000000e+07,1.159489500000000000e+07,1.159489600000000000e+07,1.159489700000000000e+07,1.159489800000000000e+07,1.159489900000000000e+07,1.159490000000000000e+07,1.159490100000000000e+07,1.159490200000000000e+07,1.159490300000000000e+07,1.159490400000000000e+07,1.159490500000000000e+07,1.159490600000000000e+07,1.159490700000000000e+07,1.159490800000000000e+07,1.159490900000000000e+07,1.159491000000000000e+07,1.159491100000000000e+07,1.159491100000000000e+07,1.159491200000000000e+07,1.159491300000000000e+07,1.159491400000000000e+07,1.159491500000000000e+07,1.159491600000000000e+07,1.159491700000000000e+07,1.159491800000000000e+07,1.159491900000000000e+07,1.159492000000000000e+07,1.159492100000000000e+07,1.159492200000000000e+07,1.159492300000000000e+07,1.159492400000000000e+07,1.159492500000000000e+07,1.159492600000000000e+07,1.159492700000000000e+07,1.159492800000000000e+07,1.159492900000000000e+07,1.159493000000000000e+07,1.159493100000000000e+07,1.159493200000000000e+07,1.159493300000000000e+07,-2.147483648000000000e+09,-2.147483648000000000e+09,-2.147483648000000000e+09,-2.147483648000000000e+09,-2.147483648000000000e+09,-2.147483648000000000e+09,-2.147483648000000000e+09,-2.147483648000000000e+09,-2.147483648000000000e+09,-2.147483648000000000e+09,-2.147483648000000000e+09,-2.147483648000000000e+09,-2.147483648000000000e+09,-2.147483648000000000e+09,-2.147483648000000000e+09,-2.147483648000000000e+09,-2.147483648000000000e+09,-2.147483648000000000e+09,-2.147483648000000000e+09,-2.147483648000000000e+09,-2.147483648000000000e+09
-2.147483648000000000e+09,-2.147483648000000000e+09,-2.147483648000000000e+09,-2.147483648000000000e+09,-2.147483648000000000e+09,-2.147483648000000000e+09,-2.147483648000000000e+09,-2.147483648000000000e+09,1.160208100000000000e+07,1.160208200000000000e+07,1.160208300000000000e+07,1.160208400000000000e+07,1.160208500000000000e+07,1.160208600000000000e+07,1.160208700000000000e+07,1.160208800000000000e+07,1.160208900000000000e+07,1.160209000000000000e+07,1.160209100000000000e+07,1.160209200000000000e+07,1.160209300000000000e+07,1.160209400000000000e+07,1.160209500000000000e+07,1.160209600000000000e+07,1.160209700000000000e+07,1.160209800000000000e+07,1.160209900000000000e+07,1.160210000000000000e+07,1.160210100000000000e+07,1.160210200000000000e+07,1.160210300000000000e+07,1.160210400000000000e+07,1.160210500000000000e+07,1.160210600000000000e+07,1.160210700000000000e+07,1.160210800000000000e+07,1.160210900000000000e+07,1.160211000000000000e+07,1.160211100000000000e+07,1.160211100000000000e+07,1.160211200000000000e+07,1.160211300000000000e+07,1.160211400000000000e+07,1.160211500000000000e+07,1.160211600000000000e+07,1.160211700000000000e+07,1.160211800000000000e+07,1.160211900000000000e+07,1.160212000000000000e+07,1.160212100000000000e+07,1.160212200000000000e+07,1.160212300000000000e+07,1.160212400000000000e+07,1.160212500000000000e+07,1.160212600000000000e+07,1.160212700000000000e+07,1.160212800000000000e+07,1.160212900000000000e+07,1.160213000000000000e+07,1.160213100000000000e+07,1.160213200000000000e+07,-2.147483648000000000e+09,-2.147483648000000000e+09,-2.147483648000000000e+09,-2.147483648000000000e+09,-2.147483648000000000e+09,-2.147483648000000000e+09,-2.147483648000000000e+09,-2.147483648000000000e+09,-2.147483648000000000e+09,-2.147483648000000000e+09,-2.147483648000000000e+09,-2.147483648000000000e+09,-2.147483648000000000e+09,-2.147483648000000000e+09,-2.147483648000000000e+09,-2.147483648000000000e+09,-2.147483648000000000e+09,-2.147483648000000000e+09,-2.147483648000000000e+09,-2.147483648000000000e+09,-2.147483648000000000e+09,-2.147483648000000000e+09
-2.147483648000000000e+09,-2.147483648000000000e+09,-2.147483648000000000e+09,-2.147483648000000000e+09,-2.147483648000000000e+09,-2.147483648000000000e+09,-2.147483648000000000e+09,1.160928000000000000e+07,1.160928100000000000e+07,1.160928200000000000e+07,1.160928300000000000e+07,1.160928400000000000e+07,1.160928500000000000e+07,1.160928600000000000e+07,1.160928700000000000e+07,1.160928800000000000e+07,1.160928900000000000e+07,1.160929000000000000e+07,1.160929100000000000e+07,1.160929200000000000e+07,1.160929300000000000e+07,1.160929400000000000e+07,1.160929500000000000e+07,1.160929600000000000e+07,1.160929700000000000e+07,1.160929800000000000e+07,1.160929900000000000e+07,1.160930000000000000e+07,1.160930100000000000e+07,1.160930200000000000e+07,1.160930300000000000e+07,1.160930400000000000e+07,1.160930500000000000e+07,1.160930600000000000e+07,1.160930700000000000e+07,1.160930800000000000e+07,1.160930900000000000e+07,1.160931000000000000e+07,1.160931100000000000e+07,1.160931100000000000e+07,1.160931200000000000e+07,1.160931300000000000e+07,1.160931400000000000e+07,1.160931500000000000e+07,1.160931600000000000e+07,1.160931700000000000e+07,1.160931800000000000e+07,1.160931900000000000e+07,1.160932000000000000e+07,1.160932100000000000e+07,1.160932200000000000e+07,1.160932300000000000e+07,1.160932400000000000e+07,1.160932500000000000e+07,1.160932600000000000e+07,1.160932700000000000e+07,1.160932800000000000e+07,1.160932900000000000e+07,1.160933000000000000e+07,1.160933100000000000e+07,-2.147483648000000000e+09,-2.147483648000000000e+09,-2.147483648000000000e+09,-2.147483648000000000e+09,-2.147483648000000000e+09,-2.147483648000000000e+09,-2.147483648000000000e+09,-2.147483648000000000e+09,-2.147483648000000000e+09,-2.147483648000000000e+09,-2.147483648000000000e+09,-2.147483648000000000e+09,-2.147483648000000000e+09,-2.147483648000000000e+09,-2.147483648000000000e+09,-2.147483648000000000e+09,-2.147483648000000000e+09,-2.147483648000000000e+09,-2.147483648000000000e+09,-2.147483648000000000e+09,-2.147483648000000000e+09,-2.147483648000000000e+09,-2.147483648000000000e+09
-2.147483648000000000e+09,-2.147483648000000000e+09,-2.147483648000000000e+09,-2.147483648000000000e+09,-2.147483648000000000e+09,-2.147483648000000000e+09,1.161647900000000000e+07,1.161648000000000000e+07,1.161648100000000000e+07,1.161648200000000000e+07,1.161648300000000000e+07,1.161648400000000000e+07,1.161648500000000000e+07,1.161648600000000000e+07,1.161648700000000000e+07,1.161648800000000000e+07,1.161648900000000000e+07,1.161649000000000000e+07,1.161649100000000000e+07,1.161649200000000000e+07,1.161649300000000000e+07,1.161649400000000000e+07,1.161649500000000000e+07,1.161649600000000000e+07,1.161649700000000000e+07,1.161649800000000000e+07,1.161649900000000000e+07,1.161650000000000000e+07,1.161650100000000000e+07,1.161650200000000000e+07,1.161650300000000000e+07,1.161650400000000000e+07,1.161650500000000000e+07,1.161650600000000000e+07,1.161650700000000000e+07,1.161650800000000000e+07,1.161650900000000000e+07,1.161651000000000000e+07,1.161651100000000000e+07,1.161651100000000000e+07,1.161651200000000000e+07,1.161651300000000000e+07,1.161651400000000000e+07,1.161651500000000000e+07,1.161651600000000000e+07,1.161651700000000000e+07,1.161651800000000000e+07,1.161651900000000000e+07,1.161652000000000000e+07,1.161652100000000000e+07,1.161652200000000000e+07,1.161652300000000000e+07,1.161652400000000000e+07,1.161652500000000000e+07,1.161652600000000000e+07,1.161652700000000000e+07,1.161652800000000000e+07,1.161652900000000000e+07,1.161653000000000000e+07,-2.147483648000000000e+09,-2.147483648000000000e+09,-2.147483648000000000e+09,-2.147483648000000000e+09,-2.147483648000000000e+09,-2.147483648000000000e+09,-2.147483648000000000e+09,-2.147483648000000000e+09,-2.147483648000000000e+09,-2.147483648000000000e+09,-2.147483648000000000e+09,-2.147483648000000000e+09,-2.147483648000000000e+09,-2.147483648000000000e+09,-2.147483648000000000e+09,-2.147483648000000000e+09,-2.147483648000000000e+09,-2.147483648000000000e+09,-2.147483648000000000e+09,-2.147483648000000000e+09,-2.147483648000000000e+09,-2.147483648000000000e+09,-2.147483648000000000e+09,-2.147483648000000000e+09
-2.147483648000000000e+09,-2.147483648000000000e+09,-2.147483648000000000e+09,-2.147483648000000000e+09,-2.147483648000000000e+09,1.162367800000000000e+07,1.162367900000000000e+07,1.162368000000000000e+07,1.162368100000000000e+07,1.162368200000000000e+07,1.162368300000000000e+07,1.162368400000000000e+07,1.162368500000000000e+07,1.162368600000000000e+07,1.162368700000000000e+07,1.162368800000000000e+07,1.162368900000000000e+07,1.162369000000000000e+07,1.162369100000000000e+07,1.162369200000000000e+07,1.162369300000000000e+07,1.162369400000000000e+07,1.162369500000000000e+07,1.162369600000000000e+07,1.162369700000000000e+07,1.162369800000000000e+07,1.162369900000000000e+07,1.162370000000000000e+07,1.162370100000000000e+07,1.162370200000000000e+07,1.162370300000000000e+07,1.162370400000000000e+07,1.162370500000000000e+07,1.162370600000000000e+07,1.162370700000000000e+07,1.162370800000000000e+07,1.162370900000000000e+07,1.162371000000000000e+07,1.162371100000000000e+07,1.162371100000000000e+07,1.162371200000000000e+07,1.162371300000000000e+07,1.162371400000000000e+07,1.162371500000000000e+07,1.162371600000000000e+07,1.162371700000000000e+07,1.162371800000000000e+07,1.162371900000000000e+07,1.162372000000000000e+07,1.162372100000000000e+07,1.162372200000000000e+07,1.162372300000000000e+07,1.162372400000000000e+07,1.162372500000000000e+07,1.162372600000000000e+07,1.162372700000000000e+07,1.162372800000000000e+07,1.162372900000000000e+07,-2.147483648000000000e+09,-2.147483648000000000e+09,-2.147483648000000000e+09,-2.147483648000000000e+09,-2.147483648000000000e+09,-2.147483648000000000e+09,-2.147483648000000000e+09,-2.147483648000000000e+09,-2.147483648000000000e+09,-2.147483648000000000e+09,-2.147483648000000000e+09,-2.147483648000000000e+09,-2.147483648000000000e+09,-2.147483648000000000e+09,-2.147483648000000000e+09,-2.147483648000000000e+09,-2.147483648000000000e+09,-2.147483648000000000e+09,-2.147483648000000000e+09,-2.147483648000000000e+09,-2.147483648000000000e+09,-2.147483648000000000e+09,-2.147483648000000000e+09,-2.147483648000000000e+09,-2.147483648000000000e+09
-2.147483648000000000e+09,-2.147483648000000000e+09,-2.147483648000000000e+09,-2.147483648000000000e+09,1.163087700000000000e+07,1.163087800000000000e+07,1.163087900000000000e+07,1.163088000000000000e+07,1.163088100000000000e+07,1.163088200000000000e+07,1.163088300000000000e+07,1.163088400000000000e+07,1.163088500000000000e+07,1.163088600000000000e+07,1.163088700000000000e+07,1.163088800000000000e+07,1.163088900000000000e+07,1.163089000000000000e+07,1.163089100000000000e+07,1.163089200000000000e+07,1.163089300000000000e+07,1.163089400000000000e+07,1.163089500000000000e+07,1.163089600000000000e+07,1.163089700000000000e+07,1.163089800000000000e+07,1.163089900000000000e+07,1.163090000000000000e+07,1.163090100000000000e+07,1.163090200000000000e+07,1.163090300000000000e+07,1.163090400000000000e+07,1.163090500000000000e+07,1.163090600000000000e+07,1.163090700000000000e+07,1.163090800000000000e+07,1.163090900000000000e+07,1.163091000000000000e+07,1.163091100000000000e+07,1.163091100000000000e+07,1.163091200000000000e+07,1.163091300000000000e+07,1.163091400000000000e+07,1.163091500000000000e+07,1.163091600000000000e+07,1.163091700000000000e+07,1.163091800000000000e+07,1.163091900000000000e+07,1.163092000000000000e+07,1.163092100000000000e+07,1.163092200000000000e+07,1.163092300000000000e+07,1.163092400000000000e+07,1.163092500000000000e+07,1.163092600000000000e+07,1.163092700000000000e+07,1.163092800000000000e+07,-2.147483648000000000e+09,-2.147483648000000000e+09,-2.147483648000000000e+09,-2.147483648000000000e+09,-2.147483648000000000e+09,-2.147483648000000000e+09,-2.147483648000000000e+09,-2.147483648000000000e+09,-2.147483648000000000e+09,-2.147483648000000000e+09,-2.147483648000000000e+09,-2.147483648000000000e+09,-2.147483648000000000e+09,-2.147483648000000000e+09,-2.147483648000000000e+09,-2.147483648000000000e+09,-2.147483648000000000e+09,-2.147483648000000000e+09,-2.147483648000000000e+09,-2.147483648000000000e+09,-2.147483648000000000e+09,-2.147483648000000000e+09,-2.147483648000000000e+09,-2.147483648000000000e+09,-2.147483648000000000e+09,-2.147483648000000000e+09
-2.147483648000000000e+09,-2.147483648000000000e+09,-2.147483648000000000e+09,1.163807600000000000e+07,1.163807700000000000e+07,1.163807800000000000e+07,1.163807900000000000e+07,1.163808000000000000e+07,1.163808100000000000e+07,1.163808200000000000e+07,1.163808300000000000e+07,1.163808400000000000e+07,1.163808500000000000e+07,1.163808600000000000e+07,1.163808700000000000e+07,1.163808800000000000e+07,1.163808900000000000e+07,1.163809000000000000e+07,1.163809100000000000e+07,1.163809200000000000e+07,1.163809300000000000e+07,1.163809400000000000e+07,1.163809500000000000e+07,1.163809600000000000e+07,1.163809700000000000e+07,1.163809800000000000e+07,1.163809900000000000e+07,1.163810000000000000e+07,1.163810100000000000e+07,1.163810200000000000e+07,1.163810300000000000e+07,1.163810400000000000e+07,1.163810500000000000e+07,1.163810600000000000e+07,1.163810700000000000e+07,1.163810800000000000e+07,1.163810900000000000e+07,1.163811000000000000e+07,1.163811100000000000e+07,1.163811100000000000e+07,1.163811200000000000e+07,1.163811300000000000e+07,1.163811400000000000e+07,1.163811500000000000e+07,1.163811600000000000e+07,1.163811700000000000e+07,1.163811800000000000e+07,1.163811900000000000e+07,1.163812000000000000e+07,1.163812100000000000e+07,1.163812200000000000e+07,1.163812300000000000e+07,1.163812400000000000e+07,1.163812500000000000e+07,1.163812600000000000e+07,1.163812700000000000e+07,-2.147483648000000000e+09,-2.147483648000000000e+09,-2.147483648000000000e+09,-2.147483648000000000e+09,-2.147483648000000000e+09,-2.147483648000000000e+09,-2.147483648000000000e+09,-2.147483648000000000e+09,-2.147483648000000000e+09,-2.147483648000000000e+09,-2.147483648000000000e+09,-2.147483648000000000e+09,-2.147483648000000000e+09,-2.147483648000000000e+09,-2.147483648000000000e+09,-2.147483648000000000e+09,-2.147483648000000000e+09,-2.147483648000000000e+09,-2.147483648000000000e+09,-2.147483648000000000e+09,-2.147483648000000000e+09,-2.147483648000000000e+09,-2.147483648000000000e+09,-2.147483648000000000e+09,-2.147483648000000000e+09,-2.147483648000000000e+09,-2.147483648000000000e+09
-2.147483648000000000e+09,-2.147483648000000000e+09,1.164527500000000000e+07,1.164527600000000000e+07,1.164527700000000000e+07,1.164527800000000000e+07,1.164527900000000000e+07,1.164528000000000000e+07,1.164528100000000000e+07,1.164528200000000000e+07,1.164528300000000000e+07,1.164528400000000000e+07,1.164528500000000000e+07,1.164528600000000000e+07,1.164528700000000000e+07,1.164528800000000000e+07,1.164528900000000000e+07,1.164529000000000000e+07,1.164529100000000000e+07,1.164529200000000000e+07,1.164529300000000000e+07,1.164529400000000000e+07,1.164529500000000000e+07,1.164529600000000000e+07,1.164529700000000000e+07,1.164529800000000000e+07,1.164529900000000000e+07,1.164530000000000000e+07,1.164530100000000000e+07,1.164530200000000000e+07,1.164530300000000000e+07,1.164530400000000000e+07,1.164530500000000000e+07,1.164530600000000000e+07,1.164530700000000000e+07,1.164530800000000000e+07,1.164530900000000000e+07,1.164531000000000000e+07,1.164531100000000000e+07,1.164531100000000000e+07,1.164531200000000000e+07,1.164531300000000000e+07,1.164531400000000000e+07,1.164531500000000000e+07,1.164531600000000000e+07,1.164531700000000000e+07,1.164531800000000000e+07,1.164531900000000000e+07,1.164532000000000000e+07,1.164532100000000000e+07,1.164532200000000000e+07,1.164532300000000000e+07,1.164532400000000000e+07,1.164532500000000000e+07,1.164532600000000000e+07,-2.147483648000000000e+09,-2.147483648000000000e+09,-2.147483648000000000e+09,-2.147483648000000000e+09,-2.147483648000000000e+09,-2.147483648000000000e+09,-2.147483648000000000e+09,-2.147483648000000000e+09,-2.147483648000000000e+09,-2.147483648000000000e+09,-2.147483648000000000e+09,-2.147483648000000000e+09,-2.147483648000000000e+09,-2.147483648000000000e+09,-2.147483648000000000e+09,-2.147483648000000000e+09,-2.147483648000000000e+09,-2.147483648000000000e+09,-2.147483648000000000e+09,-2.147483648000000000e+09,-2.147483648000000000e+09,-2.147483648000000000e+09,-2.147483648000000000e+09,-2.147483648000000000e+09,-2.147483648000000000e+09,-2.147483648000000000e+09,-2.147483648000000000e+09,-2.147483648000000000e+09
-2.147483648000000000e+09,1.165247400000000000e+07,1.165247500000000000e+07,1.165247600000000000e+07,1.165247700000000000e+07,1.165247800000000000e+07,1.165247900000000000e+07,1.165248000000000000e+07,1.165248100000000000e+07,1.165248200000000000e+07,1.165248300000000000e+07,1.165248400000000000e+07,1.165248500000000000e+07,1.165248600000000000e+07,1.165248700000000000e+07,1.165248800000000000e+07,1.165248900000000000e+07,1.165249000000000000e+07,1.165249100000000000e+07,1.165249200000000000e+07,1.165249300000000000e+07,1.165249400000000000e+07,1.165249500000000000e+07,1.165249600000000000e+07,1.165249700000000000e+07,1.165249800000000000e+07,1.165249900000000000e+07,1.165250000000000000e+07,1.165250100000000000e+07,1.165250200000000000e+07,1.165250300000000000e+07,1.165250400000000000e+07,1.165250500000000000e+07,1.165250600000000000e+07,1.165250700000000000e+07,1.165250800000000000e+07,1.165250900000000000e+07,1.165251000000000000e+07,1.165251100000000000e+07,1.165251100000000000e+07,1.165251200000000000e+07,1.165251300000000000e+07,1.165251400000000000e+07,1.165251500000000000e+07,1.165251600000000000e+07,1.165251700000000000e+07,1.165251800000000000e+07,1.165251900000000000e+07,1.165252000000000000e+07,1.165252100000000000e+07,1.165252200000000000e+07,1.165252300000000000e+07,1.165252400000000000e+07,1.165252500000000000e+07,-2.147483648000000000e+09,-2.147483648000000000e+09,-2.147483648000000000e+09,-2.147483648000000000e+09,-2.147483648000000000e+09,-2.147483648000000000e+09,-2.147483648000000000e+09,-2.147483648000000000e+09,-2.147483648000000000e+09,-2.147483648000000000e+09,-2.147483648000000000e+09,-2.147483648000000000e+09,-2.147483648000000000e+09,-2.147483648000000000e+09,-2.147483648000000000e+09,-2.147483648000000000e+09,-2.147483648000000000e+09,-2.147483648000000000e+09,-2.147483648000000000e+09,-2.147483648000000000e+09,-2.147483648000000000e+09,-2.147483648000000000e+09,-2.147483648000000000e+09,-2.147483648000000000e+09,-2.147483648000000000e+09,-2.147483648000000000e+09,-2.147483648000000000e+09,-2.147483648000000000e+09,-2.147483648000000000e+09
1.165967300000000000e+07,1.165967400000000000e+07,1.165967500000000000e+07,1.165967600000000000e+07,1.165967700000000000e+07,1.165967800000000000e+07,1.165967900000000000e+07,1.165968000000000000e+07,1.165968100000000000e+07,1.165968200000000000e+07,1.165968300000000000e+07,1.165968400000000000e+07,1.165968500000000000e+07,1.165968600000000000e+07,1.165968700000000000e+07,1.165968800000000000e+07,1.165968900000000000e+07,1.165969000000000000e+07,1.165969100000000000e+07,1.165969200000000000e+07,1.165969300000000000e+07,1.165969400000000000e+07,1.165969500000000000e+07,1.165969600000000000e+07,1.165969700000000000e+07,1.165969800000000000e+07,1.165969900000000000e+07,1.165970000000000000e+07,1.165970100000000000e+07,1.165970200000000000e+07,1.165970300000000000e+07,1.165970400000000000e+07,1.165970500000000000e+07,1.165970600000000000e+07,1.165970700000000000e+07,1.165970800000000000e+07,1.165970900000000000e+07,1.165971000000000000e+07,1.165971100000000000e+07,1.165971100000000000e+07,1.165971200000000000e+07,1.165971300000000000e+07,1.165971400000000000e+07,1.165971500000000000e+07,1.165971600000000000e+07,1.165971700000000000e+07,1.165971800000000000e+07,1.165971900000000000e+07,1.165972000000000000e+07,1.165972100000000000e+07,1.165972200000000000e+07,1.165972300000000000e+07,1.165972400000000000e+07,-2.147483648000000000e+09,-2.147483648000000000e+09,-2.147483648000000000e+09,-2.147483648000000000e+09,-2.147483648000000000e+09,-2.147483648000000000e+09,-2.147483648000000000e+09,-2.147483648000000000e+09,-2.147483648000000000e+09,-2.147483648000000000e+09,-2.147483648000000000e+09,-2.147483648000000000e+09,-2.147483648000000000e+09,-2.147483648000000000e+09,-2.147483648000000000e+09,-2.147483648000000000e+09,-2.147483648000000000e+09,-2.147483648000000000e+09,-2.147483648000000000e+09,-2.147483648000000000e+09,-2.147483648000000000e+09,-2.147483648000000000e+09,-2.147483648000000000e+09,-2.147483648000000000e+09,-2.147483648000000000e+09,-2.147483648000000000e+09,-2.147483648000000000e+09,-2.147483648000000000e+09,-2.147483648000000000e+09,-2.147483648000000000e+09
