-2.147483648000000000e+09,-2.147483648000000000e+09,-2.147483648000000000e+09,-2.147483648000000000e+09,-2.147483648000000000e+09,-2.147483648000000000e+09,-2.147483648000000000e+09,-2.147483648000000000e+09,-2.147483648000000000e+09,-2.147483648000000000e+09,-2.147483648000000000e+09,-2.147483648000000000e+09,-2.147483648000000000e+09,-2.147483648000000000e+09,-2.147483648000000000e+09,-2.147483648000000000e+09,-2.147483648000000000e+09,-2.147483648000000000e+09,-2.147483648000000000e+09,-2.147483648000000000e+09,-2.147483648000000000e+09,-2.147483648000000000e+09,-2.147483648000000000e+09,-2.147483648000000000e+09,-2.147483648000000000e+09,-2.147483648000000000e+09,-2.147483648000000000e+09,-2.147483648000000000e+09,-2.147483648000000000e+09,-2.147483648000000000e+09,-2.147483648000000000e+09,-2.147483648000000000e+09,-2.147483648000000000e+09,-2.147483648000000000e+09,-2.147483648000000000e+09,8.802727000000000000e+06,8.802728000000000000e+06,8.802729000000000000e+06,8.802730000000000000e+06,8.802731000000000000e+06,8.802732000000000000e+06,8.802733000000000000e+06,8.802734000000000000e+06,8.802735000000000000e+06,-2.147483648000000000e+09,-2.147483648000000000e+09,-2.147483648000000000e+09,-2.147483648000000000e+09,-2.147483648000000000e+09,-2.147483648000000000e+09,-2.147483648000000000e+09,-2.147483648000000000e+09,-2.147483648000000000e+09,-2.147483648000000000e+09,-2.147483648000000000e+09,-2.147483648000000000e+09,-2.147483648000000000e+09,-2.147483648000000000e+09,-2.147483648000000000e+09,-2.147483648000000000e+09,-2.147483648000000000e+09,-2.147483648000000000e+09,-2.147483648000000000e+09,-2.147483648000000000e+09,-2.147483648000000000e+09,-2.147483648000000000e+09,-2.147483648000000000e+09,-2.147483648000000000e+09,-2.147483648000000000e+09,-2.147483648000000000e+09,-2.147483648000000000e+09,-2.147483648000000000e+09
-2.147483648000000000e+09,-2.147483648000000000e+09,-2.147483648000000000e+09,-2.147483648000000000e+09,-2.147483648000000000e+09,-2.147483648000000000e+09,-2.147483648000000000e+09,-2.147483648000000000e+09,-2.147483648000000000e+09,-2.147483648000000000e+09,-2.147483648000000000e+09,-2.147483648000000000e+09,-2.147483648000000000e+09,-2.147483648000000000e+09,-2.147483648000000000e+09,-2.147483648000000000e+09,-2.147483648000000000e+09,-2.147483648000000000e+09,-2.147483648000000000e+09,-2.147483648000000000e+09,-2.147483648000000000e+09,-2.147483648000000000e+09,-2.147483648000000000e+09,-2.147483648000000000e+09,-2.147483648000000000e+09,-2.147483648000000000e+09,-2.147483648000000000e+09,-2.147483648000000000e+09,-2.147483648000000000e+09,-2.147483648000000000e+09,-2.147483648000000000e+09,-2.147483648000000000e+09,-2.147483648000000000e+09,-2.147483648000000000e+09,8.809926000000000000e+06,8.809927000000000000e+06,8.809928000000000000e+06,8.809929000000000000e+06,8.809930000000000000e+06,8.809931000000000000e+06,8.809932000000000000e+06,8.809933000000000000e+06,8.809934000000000000e+06,8.809935000000000000e+06,8.809936000000000000e+06,8.809937000000000000e+06,8.809938000000000000e+06,8.809939000000000000e+06,8.809940000000000000e+06,8.809941000000000000e+06,8.809942000000000000e+06,8.809943000000000000e+06,8.809944000000000000e+06,8.809945000000000000e+06,8.809946000000000000e+06,8.809947000000000000e+06,8.809948000000000000e+06,8.809949000000000000e+06,8.809950000000000000e+06,8.809951000000000000e+06,8.809952000000000000e+06,8.809953000000000000e+06,8.809954000000000000e+06,8.809955000000000000e+06,-2.147483648000000000e+09,-2.147483648000000000e+09,-2.147483648000000000e+09,-2.147483648000000000e+09,-2.147483648000000000e+09,-2.147483648000000000e+09,-2.147483648000000000e+09,-2.147483648000000000e+09
-2.147483648000000000e+09,-2.147483648000000000e+09,-2.147483648000000000e+09,-2.147483648000000000e+09,-2.147483648000000000e+09,-2.147483648000000000e+09,-2.147483648000000000e+09,-2.147483648000000000e+09,-2.147483648000000000e+09,-2.147483648000000000e+09,-2.147483648000000000e+09,-2.147483648000000000e+09,-2.147483648000000000e+09,-2.147483648000000000e+09,-2.147483648000000000e+09,-2.147483648000000000e+09,-2.147483648000000000e+09,-2.147483648000000000e+09,-2.147483648000000000e+09,-2.147483648000000000e+09,-2.147483648000000000e+09,-2.147483648000000000e+09,-2.147483648000000000e+09,-2.147483648000000000e+09,-2.147483648000000000e+09,-2.147483648000000000e+09,-2.147483648000000000e+09,-2.147483648000000000e+09,-2.147483648000000000e+09,-2.147483648000000000e+09,-2.147483648000000000e+09,-2.147483648000000000e+09,-2.147483648000000000e+09,8.817125000000000000e+06,8.817126000000000000e+06,8.817127000000000000e+06,8.817128000000000000e+06,8.817129000000000000e+06,8.817130000000000000e+06,8.817131000000000000e+06,8.817132000000000000e+06,8.817133000000000000e+06,8.817134000000000000e+06,8.817135000000000000e+06,8.817136000000000000e+06,8.817137000000000000e+06,8.817138000000000000e+06,8.817139000000000000e+06,8.817140000000000000e+06,8.817141000000000000e+06,8.817142000000000000e+06,8.817143000000000000e+06,8.817144000000000000e+06,8.817145000000000000e+06,8.817146000000000000e+06,8.817147000000000000e+06,8.817148000000000000e+06,8.817149000000000000e+06,8.817150000000000000e+06,8.817151000000000000e+06,8.817152000000000000e+06,8.817153000000000000e+06,8.817154000000000000e+06,8.817155000000000000e+06,8.817156000000000000e+06,8.817157000000000000e+06,8.817158000000000000e+06,8.817159000000000000e+06,8.817160000000000000e+06,8.817161000000000000e+06,8.817162000000000000e+06,8.817163000000000000e+06
-2.147483648000000000e+09,-2.147483648000000000e+09,-2.147483648000000000e+09,-2.147483648000000000e+09,-2.147483648000000000e+09,-2.147483648000000000e+09,-2.147483648000000000e+09,-2.147483648000000000e+09,-2.147483648000000000e+09,-2.147483648000000000e+09,-2.147483648000000000e+09,-2.147483648000000000e+09,-2.147483648000000000e+09,-2.147483648000000000e+09,-2.147483648000000000e+09,-2.147483648000000000e+09,-2.147483648000000000e+09,-2.147483648000000000e+09,-2.147483648000000000e+09,-2.147483648000000000e+09,-2.147483648000000000e+09,-2.147483648000000000e+09,-2.147483648000000000e+09,-2.147483648000000000e+09,-2.147483648000000000e+09,-2.147483648000000000e+09,-2.147483648000000000e+09,-2.147483648000000000e+09,-2.147483648000000000e+09,-2.147483648000000000e+09,-2.147483648000000000e+09,-2.147483648000000000e+09,8.824324000000000000e+06,8.824325000000000000e+06,8.824326000000000000e+06,8.824327000000000000e+06,8.824328000000000000e+06,8.824329000000000000e+06,8.824330000000000000e+06,8.824331000000000000e+06,8.824332000000000000e+06,8.824333000000000000e+06,8.824334000000000000e+06,8.824335000000000000e+06,8.824336000000000000e+06,8.824337000000000000e+06,8.824338000000000000e+06,8.824339000000000000e+06,8.824340000000000000e+06,8.824341000000000000e+06,8.824342000000000000e+06,8.824343000000000000e+06,8.824344000000000000e+06,8.824345000000000000e+06,8.824346000000000000e+06,8.824347000000000000e+06,8.824348000000000000e+06,8.824349000000000000e+06,8.824350000000000000e+06,8.824351000000000000e+06,8.824352000000000000e+06,8.824353000000000000e+06,8.824354000000000000e+06,8.824355000000000000e+06,8.824356000000000000e+06,8.824357000000000000e+06,8.824358000000000000e+06,8.824359000000000000e+06,8.824360000000000000e+06,8.824361000000000000e+06,8.824362000000000000e+06,-2.147483648000000000e+09
-2.147483648000000000e+09,-2.147483648000000000e+09,-2.147483648000000000e+09,-2.147483648000000000e+09,-2.147483648000000000e+09,-2.147483648000000000e+09,-2.147483648000000000e+09,-2.147483648000000000e+09,-2.147483648000000000e+09,-2.147483648000000000e+09,-2.147483648000000000e+09,-2.147483648000000000e+09,-2.147483648000000000e+09,-2.147483648000000000e+09,-2.147483648000000000e+09,-2.147483648000000000e+09,-2.147483648000000000e+09,-2.147483648000000000e+09,-2.147483648000000000e+09,-2.147483648000000000e+09,-2.147483648000000000e+09,-2.147483648000000000e+09,-2.147483648000000000e+09,-2.147483648000000000e+09,-2.147483648000000000e+09,-2.147483648000000000e+09,-2.147483648000000000e+09,-2.147483648000000000e+09,-2.147483648000000000e+09,-2.147483648000000000e+09,-2.147483648000000000e+09,8.831523000000000000e+06,8.831524000000000000e+06,8.831525000000000000e+06,8.831526000000000000e+06,8.831527000000000000e+06,8.831528000000000000e+06,8.831529000000000000e+06,8.831530000000000000e+06,8.831531000000000000e+06,8.831532000000000000e+06,8.831533000000000000e+06,8.831534000000000000e+06,8.831535000000000000e+06,8.831536000000000000e+06,8.831537000000000000e+06,8.831538000000000000e+06,8.831539000000000000e+06,8.831540000000000000e+06,8.831541000000000000e+06,8.831542000000000000e+06,8.831543000000000000e+06,8.831544000000000000e+06,8.831545000000000000e+06,8.831546000000000000e+06,8.831547000000000000e+06,8.831548000000000000e+06,8.831549000000000000e+06,8.831550000000000000e+06,8.831551000000000000e+06,8.831552000000000000e+06,8.831553000000000000e+06,8.831554000000000000e+06,8.831555000000000000e+06,8.831556000000000000e+06,8.831557000000000000e+06,8.831558000000000000e+06,8.831559000000000000e+06,8.831560000000000000e+06,8.831561000000000000e+06,-2.147483648000000000e+09,-2.147483648000000000e+09
-2.147483648000000000e+09,-2.147483648000000000e+09,-2.147483648000000000e+09,-2.147483648000000000e+09,-2.147483648000000000e+09,-2.147483648000000000e+09,-2.147483648000000000e+09,-2.147483648000000000e+09,-2.147483648000000000e+09,-2.147483648000000000e+09,-2.147483648000000000e+09,-2.147483648000000000e+09,-2.147483648000000000e+09,-2.147483648000000000e+09,-2.147483648000000000e+09,-2.147483648000000000e+09,-2.147483648000000000e+09,-2.147483648000000000e+09,-2.147483648000000000e+09,-2.147483648000000000e+09,-2.147483648000000000e+09,-2.147483648000000000e+09,-2.147483648000000000e+09,-2.147483648000000000e+09,-2.147483648000000000e+09,-2.147483648000000000e+09,-2.147483648000000000e+09,-2.147483648000000000e+09,-2.147483648000000000e+09,-2.147483648000000000e+09,8.838722000000000000e+06,8.838723000000000000e+06,8.838724000000000000e+06,8.838725000000000000e+06,8.838726000000000000e+06,8.838727000000000000e+06,8.838728000000000000e+06,8.838729000000000000e+06,8.838730000000000000e+06,8.838731000000000000e+06,8.838732000000000000e+06,8.838733000000000000e+06,8.838734000000000000e+06,8.838735000000000000e+06,8.838736000000000000e+06,8.838737000000000000e+06,8.838738000000000000e+06,8.838739000000000000e+06,8.838740000000000000e+06,8.838741000000000000e+06,8.838742000000000000e+06,8.838743000000000000e+06,8.838744000000000000e+06,8.838745000000000000e+06,8.838746000000000000e+06,8.838747000000000000e+06,8.838748000000000000e+06,8.838749000000000000e+06,8.838750000000000000e+06,8.838751000000000000e+06,8.838752000000000000e+06,8.838753000000000000e+06,8.838754000000000000e+06,8.838755000000000000e+06,8.838756000000000000e+06,8.838757000000000000e+06,8.838758000000000000e+06,8.838759000000000000e+06,8.838760000000000000e+06,-2.147483648000000000e+09,-2.147483648000000000e+09,-2.147483648000000000e+09
-2.147483648000000000e+09,-2.147483648000000000e+09,-2.147483648000000000e+09,-2.147483648000000000e+09,-2.147483648000000000e+09,-2.147483648000000000e+09,-2.147483648000000000e+09,-2.147483648000000000e+09,-2.147483648000000000e+09,-2.147483648000000000e+09,-2.147483648000000000e+09,-2.147483648000000000e+09,-2.147483648000000000e+09,-2.147483648000000000e+09,-2.147483648000000000e+09,-2.147483648000000000e+09,-2.147483648000000000e+09,-2.147483648000000000e+09,-2.147483648000000000e+09,-2.147483648000000000e+09,-2.147483648000000000e+09,-2.147483648000000000e+09,-2.147483648000000000e+09,-2.147483648000000000e+09,-2.147483648000000000e+09,-2.147483648000000000e+09,-2.147483648000000000e+09,-2.147483648000000000e+09,-2.147483648000000000e+09,8.845921000000000000e+06,8.845922000000000000e+06,8.845923000000000000e+06,8.845924000000000000e+06,8.845925000000000000e+06,8.845926000000000000e+06,8.845927000000000000e+06,8.845928000000000000e+06,8.845929000000000000e+06,8.845930000000000000e+06,8.845931000000000000e+06,8.845932000000000000e+06,8.845933000000000000e+06,8.845934000000000000e+06,8.845935000000000000e+06,8.845936000000000000e+06,8.845937000000000000e+06,8.845938000000000000e+06,8.845939000000000000e+06,8.845940000000000000e+06,8.845941000000000000e+06,8.845942000000000000e+06,8.845943000000000000e+06,8.845944000000000000e+06,8.845945000000000000e+06,8.845946000000000000e+06,8.845947000000000000e+06,8.845948000000000000e+06,8.845949000000000000e+06,8.845950000000000000e+06,8.845951000000000000e+06,8.845952000000000000e+06,8.845953000000000000e+06,8.845954000000000000e+06,8.845955000000000000e+06,8.845956000000000000e+06,8.845957000000000000e+06,8.845958000000000000e+06,8.845959000000000000e+06,-2.147483648000000000e+09,-2.147483648000000000e+09,-2.147483648000000000e+09,-2.147483648000000000e+09
-2.147483648000000000e+09,-2.147483648000000000e+09,-2.147483648000000000e+09,-2.147483648000000000e+09,-2.147483648000000000e+09,-2.147483648000000000e+09,-2.147483648000000000e+09,-2.147483648000000000e+09,-2.147483648000000000e+09,-2.147483648000000000e+09,-2.147483648000000000e+09,-2.147483648000000000e+09,-2.147483648000000000e+09,-2.147483648000000000e+09,-2.147483648000000000e+09,-2.147483648000000000e+09,-2.147483648000000000e+09,-2.147483648000000000e+09,-2.147483648000000000e+09,-2.147483648000000000e+09,-2.147483648000000000e+09,-2.147483648000000000e+09,-2.147483648000000000e+09,-2.147483648000000000e+09,-2.147483648000000000e+09,-2.147483648000000000e+09,-2.147483648000000000e+09,-2.147483648000000000e+09,8.853120000000000000e+06,8.853121000000000000e+06,8.853122000000000000e+06,8.853123000000000000e+06,8.853124000000000000e+06,8.853125000000000000e+06,8.853126000000000000e+06,8.853127000000000000e+06,8.853128000000000000e+06,8.853129000000000000e+06,8.853130000000000000e+06,8.853131000000000000e+06,8.853132000000000000e+06,8.853133000000000000e+06,8.853134000000000000e+06,8.853135000000000000e+06,8.853136000000000000e+06,8.853137000000000000e+06,8.853138000000000000e+06,8.853139000000000000e+06,8.853140000000000000e+06,8.853141000000000000e+06,8.853142000000000000e+06,8.853143000000000000e+06,8.853144000000000000e+06,8.853145000000000000e+06,8.853146000000000000e+06,8.853147000000000000e+06,8.853148000000000000e+06,8.853149000000000000e+06,8.853150000000000000e+06,8.853151000000000000e+06,8.853152000000000000e+06,8.853153000000000000e+06,8.853154000000000000e+06,8.853155000000000000e+06,8.853156000000000000e+06,8.853157000000000000e+06,8.853158000000000000e+06,-2.147483648000000000e+09,-2.147483648000000000e+09,-2.147483648000000000e+09,-2.147483648000000000e+09,-2.147483648000000000e+09
-2.147483648000000000e+09,-2.147483648000000000e+09,-2.147483648000000000e+09,-2.147483648000000000e+09,-2.147483648000000000e+09,-2.147483648000000000e+09,-2.147483648000000000e+09,-2.147483648000000000e+09,-2.147483648000000000e+09,-2.147483648000000000e+09,-2.147483648000000000e+09,-2.147483648000000000e+09,-2.147483648000000000e+09,-2.147483648000000000e+09,-2.147483648000000000e+09,-2.147483648000000000e+09,-2.147483648000000000e+09,-2.147483648000000000e+09,-2.147483648000000000e+09,-2.147483648000000000e+09,-2.147483648000000000e+09,-2.147483648000000000e+09,-2.147483648000000000e+09,-2.147483648000000000e+09,-2.147483648000000000e+09,-2.147483648000000000e+09,-2.147483648000000000e+09,8.860319000000000000e+06,8.860320000000000000e+06,8.860321000000000000e+06,8.860322000000000000e+06,8.860323000000000000e+06,8.860324000000000000e+06,8.860325000000000000e+06,8.860326000000000000e+06,8.860327000000000000e+06,8.860328000000000000e+06,8.860329000000000000e+06,8.860330000000000000e+06,8.860331000000000000e+06,8.860332000000000000e+06,8.860333000000000000e+06,8.860334000000000000e+06,8.860335000000000000e+06,8.860336000000000000e+06,8.860337000000000000e+06,8.860338000000000000e+06,8.860339000000000000e+06,8.860340000000000000e+06,8.860341000000000000e+06,8.860342000000000000e+06,8.860343000000000000e+06,8.860344000000000000e+06,8.860345000000000000e+06,8.860346000000000000e+06,8.860347000000000000e+06,8.860348000000000000e+06,8.860349000000000000e+06,8.860350000000000000e+06,8.860351000000000000e+06,8.860352000000000000e+06,8.860353000000000000e+06,8.860354000000000000e+06,8.860355000000000000e+06,8.860356000000000000e+06,8.860357000000000000e+06,-2.147483648000000000e+09,-2.147483648000000000e+09,-2.147483648000000000e+09,-2.147483648000000000e+09,-2.147483648000000000e+09,-2.147483648000000000e+09
-2.147483648000000000e+09,-2.147483648000000000e+09,-2.147483648000000000e+09,-2.147483648000000000e+09,-2.147483648000000000e+09,-2.147483648000000000e+09,-2.147483648000000000e+09,-2.147483648000000000e+09,-2.147483648000000000e+09,-2.147483648000000000e+09,-2.147483648000000000e+09,-2.147483648000000000e+09,-2.147483648000000000e+09,-2.147483648000000000e+09,-2.147483648000000000e+09,-2.147483648000000000e+09,-2.147483648000000000e+09,-2.147483648000000000e+09,-2.147483648000000000e+09,-2.147483648000000000e+09,-2.147483648000000000e+09,-2.147483648000000000e+09,-2.147483648000000000e+09,-2.147483648000000000e+09,-2.147483648000000000e+09,-2.147483648000000000e+09,8.867518000000000000e+06,8.867519000000000000e+06,8.867520000000000000e+06,8.867521000000000000e+06,8.867522000000000000e+06,8.867523000000000000e+06,8.867524000000000000e+06,8.867525000000000000e+06,8.867526000000000000e+06,8.867527000000000000e+06,8.867528000000000000e+06,8.867529000000000000e+06,8.867530000000000000e+06,8.867531000000000000e+06,8.867532000000000000e+06,8.867533000000000000e+06,8.867534000000000000e+06,8.867535000000000000e+06,8.867536000000000000e+06,8.867537000000000000e+06,8.867538000000000000e+06,8.867539000000000000e+06,8.867540000000000000e+06,8.867541000000000000e+06,8.867542000000000000e+06,8.867543000000000000e+06,8.867544000000000000e+06,8.867545000000000000e+06,8.867546000000000000e+06,8.867547000000000000e+06,8.867548000000000000e+06,8.867549000000000000e+06,8.867550000000000000e+06,8.867551000000000000e+06,8.867552000000000000e+06,8.867553000000000000e+06,8.867554000000000000e+06,8.867555000000000000e+06,8.867556000000000000e+06,-2.147483648000000000e+09,-2.147483648000000000e+09,-2.147483648000000000e+09,-2.147483648000000000e+09,-2.147483648000000000e+09,-2.147483648000000000e+09,-2.147483648000000000e+09
-2.147483648000000000e+09,-2.147483648000000000e+09,-2.147483648000000000e+09,-2.147483648000000000e+09,-2.147483648000000000e+09,-2.147483648000000000e+09,-2.147483648000000000e+09,-2.147483648000000000e+09,-2.147483648000000000e+09,-2.147483648000000000e+09,-2.147483648000000000e+09,-2.147483648000000000e+09,-2.147483648000000000e+09,-2.147483648000000000e+09,-2.147483648000000000e+09,-2.147483648000000000e+09,-2.147483648000000000e+09,-2.147483648000000000e+09,-2.147483648000000000e+09,-2.147483648000000000e+09,-2.147483648000000000e+09,-2.147483648000000000e+09,-2.147483648000000000e+09,-2.147483648000000000e+09,-2.147483648000000000e+09,8.874717000000000000e+06,8.874718000000000000e+06,8.874719000000000000e+06,8.874720000000000000e+06,8.874721000000000000e+06,8.874722000000000000e+06,8.874723000000000000e+06,8.874724000000000000e+06,8.874725000000000000e+06,8.874726000000000000e+06,8.874727000000000000e+06,8.874728000000000000e+06,8.874729000000000000e+06,8.874730000000000000e+06,8.874731000000000000e+06,8.874732000000000000e+06,8.874733000000000000e+06,8.874734000000000000e+06,8.874735000000000000e+06,8.874736000000000000e+06,8.874737000000000000e+06,8.874738000000000000e+06,8.874739000000000000e+06,8.874740000000000000e+06,8.874741000000000000e+06,8.874742000000000000e+06,8.874743000000000000e+06,8.874744000000000000e+06,8.874745000000000000e+06,8.874746000000000000e+06,8.874747000000000000e+06,8.874748000000000000e+06,8.874749000000000000e+06,8.874750000000000000e+06,8.874751000000000000e+06,8.874752000000000000e+06,8.874753000000000000e+06,8.874754000000000000e+06,8.874755000000000000e+06,-2.147483648000000000e+09,-2.147483648000000000e+09,-2.147483648000000000e+09,-2.147483648000000000e+09,-2.147483648000000000e+09,-2.147483648000000000e+09,-2.147483648000000000e+09,-2.147483648000000000e+09
-2.147483648000000000e+09,-2.147483648000000000e+09,-2.147483648000000000e+09,-2.147483648000000000e+09,-2.147483648000000000e+09,-2.147483648000000000e+09,-2.147483648000000000e+09,-2.147483648000000000e+09,-2.147483648000000000e+09,-2.147483648000000000e+09,-2.147483648000000000e+09,-2.147483648000000000e+09,-2.147483648000000000e+09,-2.147483648000000000e+09,-2.147483648000000000e+09,-2.147483648000000000e+09,-2.147483648000000000e+09,-2.147483648000000000e+09,-2.147483648000000000e+09,-2.147483648000000000e+09,-2.147483648000000000e+09,-2.147483648000000000e+09,-2.147483648000000000e+09,-2.147483648000000000e+09,8.881916000000000000e+06,8.881917000000000000e+06,8.881918000000000000e+06,8.881919000000000000e+06,8.881920000000000000e+06,8.881921000000000000e+06,8.881922000000000000e+06,8.881923000000000000e+06,8.881924000000000000e+06,8.881925000000000000e+06,8.881926000000000000e+06,8.881927000000000000e+06,8.881928000000000000e+06,8.881929000000000000e+06,8.881930000000000000e+06,8.881931000000000000e+06,8.881932000000000000e+06,8.881933000000000000e+06,8.881934000000000000e+06,8.881935000000000000e+06,8.881936000000000000e+06,8.881937000000000000e+06,8.881938000000000000e+06,8.881939000000000000e+06,8.881940000000000000e+06,8.881941000000000000e+06,8.881942000000000000e+06,8.881943000000000000e+06,8.881944000000000000e+06,8.881945000000000000e+06,8.881946000000000000e+06,8.881947000000000000e+06,8.881948000000000000e+06,8.881949000000000000e+06,8.881950000000000000e+06,8.881951000000000000e+06,8.881952000000000000e+06,8.881953000000000000e+06,8.881954000000000000e+06,-2.147483648000000000e+09,-2.147483648000000000e+09,-2.147483648000000000e+09,-2.147483648000000000e+09,-2.147483648000000000e+09,-2.147483648000000000e+09,-2.147483648000000000e+09,-2.147483648000000000e+09,-2.147483648000000000e+09
-2.147483648000000000e+09,-2.147483648000000000e+09,-2.147483648000000000e+09,-2.147483648000000000e+09,-2.147483648000000000e+09,-2.147483648000000000e+09,-2.147483648000000000e+09,-2.147483648000000000e+09,-2.147483648000000000e+09,-2.147483648000000000e+09,-2.147483648000000000e+09,-2.147483648000000000e+09,-2.147483648000000000e+09,-2.147483648000000000e+09,-2.147483648000000000e+09,-2.147483648000000000e+09,-2.147483648000000000e+09,-2.147483648000000000e+09,-2.147483648000000000e+09,-2.147483648000000000e+09,-2.147483648000000000e+09,-2.147483648000000000e+09,-2.147483648000000000e+09,8.889115000000000000e+06,8.889116000000000000e+06,8.889117000000000000e+06,8.889118000000000000e+06,8.889119000000000000e+06,8.889120000000000000e+06,8.889121000000000000e+06,8.889122000000000000e+06,8.889123000000000000e+06,8.889124000000000000e+06,8.889125000000000000e+06,8.889126000000000000e+06,8.889127000000000000e+06,8.889128000000000000e+06,8.889129000000000000e+06,8.889130000000000000e+06,8.889131000000000000e+06,8.889132000000000000e+06,8.889133000000000000e+06,8.889134000000000000e+06,8.889135000000000000e+06,8.889136000000000000e+06,8.889137000000000000e+06,8.889138000000000000e+06,8.889139000000000000e+06,8.889140000000000000e+06,8.889141000000000000e+06,8.889142000000000000e+06,8.889143000000000000e+06,8.889144000000000000e+06,8.889145000000000000e+06,8.889146000000000000e+06,8.889147000000000000e+06,8.889148000000000000e+06,8.889149000000000000e+06,8.889150000000000000e+06,8.889151000000000000e+06,8.889152000000000000e+06,8.889153000000000000e+06,-2.147483648000000000e+09,-2.147483648000000000e+09,-2.147483648000000000e+09,-2.147483648000000000e+09,-2.147483648000000000e+09,-2.147483648000000000e+09,-2.147483648000000000e+09,-2.147483648000000000e+09,-2.147483648000000000e+09,-2.147483648000000000e+09
-2.147483648000000000e+09,-2.147483648000000000e+09,-2.147483648000000000e+09,-2.147483648000000000e+09,-2.147483648000000000e+09,-2.147483648000000000e+09,-2.147483648000000000e+09,-2.147483648000000000e+09,-2.147483648000000000e+09,-2.147483648000000000e+09,-2.147483648000000000e+09,-2.147483648000000000e+09,-2.147483648000000000e+09,-2.147483648000000000e+09,-2.147483648000000000e+09,-2.147483648000000000e+09,-2.147483648000000000e+09,-2.147483648000000000e+09,-2.147483648000000000e+09,-2.147483648000000000e+09,-2.147483648000000000e+09,-2.147483648000000000e+09,8.896314000000000000e+06,8.896315000000000000e+06,8.896316000000000000e+06,8.896317000000000000e+06,8.896318000000000000e+06,8.896319000000000000e+06,8.896320000000000000e+06,8.896321000000000000e+06,8.896322000000000000e+06,8.896323000000000000e+06,8.896324000000000000e+06,8.896325000000000000e+06,8.896326000000000000e+06,8.896327000000000000e+06,8.896328000000000000e+06,8.896329000000000000e+06,8.896330000000000000e+06,8.896331000000000000e+06,8.896332000000000000e+06,8.896333000000000000e+06,8.896334000000000000e+06,8.896335000000000000e+06,8.896336000000000000e+06,8.896337000000000000e+06,8.896338000000000000e+06,8.896339000000000000e+06,8.896340000000000000e+06,8.896341000000000000e+06,8.896342000000000000e+06,8.896343000000000000e+06,8.896344000000000000e+06,8.896345000000000000e+06,8.896346000000000000e+06,8.896347000000000000e+06,8.896348000000000000e+06,8.896349000000000000e+06,8.896350000000000000e+06,8.896351000000000000e+06,8.896352000000000000e+06,-2.147483648000000000e+09,-2.147483648000000000e+09,-2.147483648000000000e+09,-2.147483648000000000e+09,-2.147483648000000000e+09,-2.147483648000000000e+09,-2.147483648000000000e+09,-2.147483648000000000e+09,-2.147483648000000000e+09,-2.147483648000000000e+09,-2.147483648000000000e+09
-2.147483648000000000e+09,-2.147483648000000000e+09,-2.147483648000000000e+09,-2.147483648000000000e+09,-2.147483648000000000e+09,-2.147483648000000000e+09,-2.147483648000000000e+09,-2.147483648000000000e+09,-2.147483648000000000e+09,-2.147483648000000000e+09,-2.147483648000000000e+09,-2.147483648000000000e+09,-2.147483648000000000e+09,-2.147483648000000000e+09,-2.147483648000000000e+09,-2.147483648000000000e+09,-2.147483648000000000e+09,-2.147483648000000000e+09,-2.147483648000000000e+09,-2.147483648000000000e+09,-2.147483648000000000e+09,8.903513000000000000e+06,8.903514000000000000e+06,8.903515000000000000e+06,8.903516000000000000e+06,8.903517000000000000e+06,8.903518000000000000e+06,8.903519000000000000e+06,8.903520000000000000e+06,8.903521000000000000e+06,8.903522000000000000e+06,8.903523000000000000e+06,8.903524000000000000e+06,8.903525000000000000e+06,8.903526000000000000e+06,8.903527000000000000e+06,8.903528000000000000e+06,8.903529000000000000e+06,8.903530000000000000e+06,8.903531000000000000e+06,8.903532000000000000e+06,8.903533000000000000e+06,8.903534000000000000e+06,8.903535000000000000e+06,8.903536000000000000e+06,8.903537000000000000e+06,8.903538000000000000e+06,8.903539000000000000e+06,8.903540000000000000e+06,8.903541000000000000e+06,8.903542000000000000e+06,8.903543000000000000e+06,8.903544000000000000e+06,8.903545000000000000e+06,8.903546000000000000e+06,8.903547000000000000e+06,8.903548000000000000e+06,8.903549000000000000e+06,8.903550000000000000e+06,8.903551000000000000e+06,-2.147483648000000000e+09,-2.147483648000000000e+09,-2.147483648000000000e+09,-2.147483648000000000e+09,-2.147483648000000000e+09,-2.147483648000000000e+09,-2.147483648000000000e+09,-2.147483648000000000e+09,-2.147483648000000000e+09,-2.147483648000000000e+09,-2.147483648000000000e+09,-2.147483648000000000e+09
-2.147483648000000000e+09,-2.147483648000000000e+09,-2.147483648000000000e+09,-2.147483648000000000e+09,-2.147483648000000000e+09,-2.147483648000000000e+09,-2.147483648000000000e+09,-2.147483648000000000e+09,-2.147483648000000000e+09,-2.147483648000000000e+09,-2.147483648000000000e+09,-2.147483648000000000e+09,-2.147483648000000000e+09,-2.147483648000000000e+09,-2.147483648000000000e+09,-2.147483648000000000e+09,-2.147483648000000000e+09,-2.147483648000000000e+09,-2.147483648000000000e+09,-2.147483648000000000e+09,8.910712000000000000e+06,8.910713000000000000e+06,8.910714000000000000e+06,8.910715000000000000e+06,8.910716000000000000e+06,8.910717000000000000e+06,8.910718000000000000e+06,8.910719000000000000e+06,8.910720000000000000e+06,8.910721000000000000e+06,8.910722000000000000e+06,8.910723000000000000e+06,8.910724000000000000e+06,8.910725000000000000e+06,8.910726000000000000e+06,8.910727000000000000e+06,8.910728000000000000e+06,8.910729000000000000e+06,8.910730000000000000e+06,8.910731000000000000e+06,8.910732000000000000e+06,8.910733000000000000e+06,8.910734000000000000e+06,8.910735000000000000e+06,8.910736000000000000e+06,8.910737000000000000e+06,8.910738000000000000e+06,8.910739000000000000e+06,8.910740000000000000e+06,8.910741000000000000e+06,8.910742000000000000e+06,8.910743000000000000e+06,8.910744000000000000e+06,8.910745000000000000e+06,8.910746000000000000e+06,8.910747000000000000e+06,8.910748000000000000e+06,8.910749000000000000e+06,8.910750000000000000e+06,-2.147483648000000000e+09,-2.147483648000000000e+09,-2.147483648000000000e+09,-2.147483648000000000e+09,-2.147483648000000000e+09,-2.147483648000000000e+09,-2.147483648000000000e+09,-2.147483648000000000e+09,-2.147483648000000000e+09,-2.147483648000000000e+09,-2.147483648000000000e+09,-2.147483648000000000e+09,-2.147483648000000000e+09
-2.147483648000000000e+09,-2.147483648000000000e+09,-2.147483648000000000e+09,-2.147483648000000000e+09,-2.147483648000000000e+09,-2.147483648000000000e+09,-2.147483648000000000e+09,-2.147483648000000000e+09,-2.147483648000000000e+09,-2.147483648000000000e+09,-2.147483648000000000e+09,-2.147483648000000000e+09,-2.147483648000000000e+09,-2.147483648000000000e+09,-2.147483648000000000e+09,-2.147483648000000000e+09,-2.147483648000000000e+09,-2.147483648000000000e+09,-2.147483648000000000e+09,8.917911000000000000e+06,8.917912000000000000e+06,8.917913000000000000e+06,8.917914000000000000e+06,8.917915000000000000e+06,8.917916000000000000e+06,8.917917000000000000e+06,8.917918000000000000e+06,8.917919000000000000e+06,8.917920000000000000e+06,8.917921000000000000e+06,8.917922000000000000e+06,8.917923000000000000e+06,8.917924000000000000e+06,8.917925000000000000e+06,8.917926000000000000e+06,8.917927000000000000e+06,8.917928000000000000e+06,8.917929000000000000e+06,8.917930000000000000e+06,8.917931000000000000e+06,8.917932000000000000e+06,8.917933000000000000e+06,8.917934000000000000e+06,8.917935000000000000e+06,8.917936000000000000e+06,8.917937000000000000e+06,8.917938000000000000e+06,8.917939000000000000e+06,8.917940000000000000e+06,8.917941000000000000e+06,8.917942000000000000e+06,8.917943000000000000e+06,8.917944000000000000e+06,8.917945000000000000e+06,8.917946000000000000e+06,8.917947000000000000e+06,8.917948000000000000e+06,8.917949000000000000e+06,-2.147483648000000000e+09,-2.147483648000000000e+09,-2.147483648000000000e+09,-2.147483648000000000e+09,-2.147483648000000000e+09,-2.147483648000000000e+09,-2.147483648000000000e+09,-2.147483648000000000e+09,-2.147483648000000000e+09,-2.147483648000000000e+09,-2.147483648000000000e+09,-2.147483648000000000e+09,-2.147483648000000000e+09,-2.147483648000000000e+09
-2.147483648000000000e+09,-2.147483648000000000e+09,-2.147483648000000000e+09,-2.147483648000000000e+09,-2.147483648000000000e+09,-2.147483648000000000e+09,-2.147483648000000000e+09,-2.147483648000000000e+09,-2.147483648000000000e+09,-2.147483648000000000e+09,-2.147483648000000000e+09,-2.147483648000000000e+09,-2.147483648000000000e+09,-2.147483648000000000e+09,-2.147483648000000000e+09,-2.147483648000000000e+09,-2.147483648000000000e+09,-2.147483648000000000e+09,8.925110000000000000e+06,8.925111000000000000e+06,8.925112000000000000e+06,8.925113000000000000e+06,8.925114000000000000e+06,8.925115000000000000e+06,8.925116000000000000e+06,8.925117000000000000e+06,8.925118000000000000e+06,8.925119000000000000e+06,8.925120000000000000e+06,8.925121000000000000e+06,8.925122000000000000e+06,8.925123000000000000e+06,8.925124000000000000e+06,8.925125000000000000e+06,8.925126000000000000e+06,8.925127000000000000e+06,8.925128000000000000e+06,8.925129000000000000e+06,8.925130000000000000e+06,8.925131000000000000e+06,8.925132000000000000e+06,8.925133000000000000e+06,8.925134000000000000e+06,8.925135000000000000e+06,8.925136000000000000e+06,8.925137000000000000e+06,8.925138000000000000e+06,8.925139000000000000e+06,8.925140000000000000e+06,8.925141000000000000e+06,8.925142000000000000e+06,8.925143000000000000e+06,8.925144000000000000e+06,8.925145000000000000e+06,8.925146000000000000e+06,8.925147000000000000e+06,8.925148000000000000e+06,-2.147483648000000000e+09,-2.147483648000000000e+09,-2.147483648000000000e+09,-2.147483648000000000e+09,-2.147483648000000000e+09,-2.147483648000000000e+09,-2.147483648000000000e+09,-2.147483648000000000e+09,-2.147483648000000000e+09,-2.147483648000000000e+09,-2.147483648000000000e+09,-2.147483648000000000e+09,-2.147483648000000000e+09,-2.147483648000000000e+09,-2.147483648000000000e+09
-2.147483648000000000e+09,-2.147483648000000000e+09,-2.147483648000000000e+09,-2.147483648000000000e+09,-2.147483648000000000e+09,-2.147483648000000000e+09,-2.147483648000000000e+09,-2.147483648000000000e+09,-2.147483648000000000e+09,-2.147483648000000000e+09,-2.147483648000000000e+09,-2.147483648000000000e+09,-2.147483648000000000e+09,-2.147483648000000000e+09,-2.147483648000000000e+09,-2.147483648000000000e+09,-2.147483648000000000e+09,8.932309000000000000e+06,8.932310000000000000e+06,8.932311000000000000e+06,8.932312000000000000e+06,8.932313000000000000e+06,8.932314000000000000e+06,8.932315000000000000e+06,8.932316000000000000e+06,8.932317000000000000e+06,8.932318000000000000e+06,8.932319000000000000e+06,8.932320000000000000e+06,8.932321000000000000e+06,8.932322000000000000e+06,8.932323000000000000e+06,8.932324000000000000e+06,8.932325000000000000e+06,8.932326000000000000e+06,8.932327000000000000e+06,8.932328000000000000e+06,8.932329000000000000e+06,8.932330000000000000e+06,8.932331000000000000e+06,8.932332000000000000e+06,8.932333000000000000e+06,8.932334000000000000e+06,8.932335000000000000e+06,8.932336000000000000e+06,8.932337000000000000e+06,8.932338000000000000e+06,8.932339000000000000e+06,8.932340000000000000e+06,8.932341000000000000e+06,8.932342000000000000e+06,8.932343000000000000e+06,8.932344000000000000e+06,8.932345000000000000e+06,8.932346000000000000e+06,8.932347000000000000e+06,-2.147483648000000000e+09,-2.147483648000000000e+09,-2.147483648000000000e+09,-2.147483648000000000e+09,-2.147483648000000000e+09,-2.147483648000000000e+09,-2.147483648000000000e+09,-2.147483648000000000e+09,-2.147483648000000000e+09,-2.147483648000000000e+09,-2.147483648000000000e+09,-2.147483648000000000e+09,-2.147483648000000000e+09,-2.147483648000000000e+09,-2.147483648000000000e+09,-2.147483648000000000e+09
-2.147483648000000000e+09,-2.147483648000000000e+09,-2.147483648000000000e+09,-2.147483648000000000e+09,-2.147483648000000000e+09,-2.147483648000000000e+09,-2.147483648000000000e+09,-2.147483648000000000e+09,-2.147483648000000000e+09,-2.147483648000000000e+09,-2.147483648000000000e+09,-2.147483648000000000e+09,-2.147483648000000000e+09,-2.147483648000000000e+09,-2.147483648000000000e+09,-2.147483648000000000e+09,8.939508000000000000e+06,8.939509000000000000e+06,8.939510000000000000e+06,8.939511000000000000e+06,8.939512000000000000e+06,8.939513000000000000e+06,8.939514000000000000e+06,8.939515000000000000e+06,8.939516000000000000e+06,8.939517000000000000e+06,8.939518000000000000e+06,8.939519000000000000e+06,8.939520000000000000e+06,8.939521000000000000e+06,8.939522000000000000e+06,8.939523000000000000e+06,8.939524000000000000e+06,8.939525000000000000e+06,8.939526000000000000e+06,8.939527000000000000e+06,8.939528000000000000e+06,8.939529000000000000e+06,8.939530000000000000e+06,8.939531000000000000e+06,8.939532000000000000e+06,8.939533000000000000e+06,8.939534000000000000e+06,8.939535000000000000e+06,8.939536000000000000e+06,8.939537000000000000e+06,8.939538000000000000e+06,8.939539000000000000e+06,8.939540000000000000e+06,8.939541000000000000e+06,8.939542000000000000e+06,8.939543000000000000e+06,8.939544000000000000e+06,8.939545000000000000e+06,8.939546000000000000e+06,-2.147483648000000000e+09,-2.147483648000000000e+09,-2.147483648000000000e+09,-2.147483648000000000e+09,-2.147483648000000000e+09,-2.147483648000000000e+09,-2.147483648000000000e+09,-2.147483648000000000e+09,-2.147483648000000000e+09,-2.147483648000000000e+09,-2.147483648000000000e+09,-2.147483648000000000e+09,-2.147483648000000000e+09,-2.147483648000000000e+09,-2.147483648000000000e+09,-2.147483648000000000e+09,-2.147483648000000000e+09
-2.147483648000000000e+09,-2.147483648000000000e+09,-2.147483648000000000e+09,-2.147483648000000000e+09,-2.147483648000000000e+09,-2.147483648000000000e+09,-2.147483648000000000e+09,-2.147483648000000000e+09,-2.147483648000000000e+09,-2.147483648000000000e+09,-2.147483648000000000e+09,-2.147483648000000000e+09,-2.147483648000000000e+09,-2.147483648000000000e+09,-2.147483648000000000e+09,8.946707000000000000e+06,8.946708000000000000e+06,8.946709000000000000e+06,8.946710000000000000e+06,8.946711000000000000e+06,8.946712000000000000e+06,8.946713000000000000e+06,8.946714000000000000e+06,8.946715000000000000e+06,8.946716000000000000e+06,8.946717000000000000e+06,8.946718000000000000e+06,8.946719000000000000e+06,8.946720000000000000e+06,8.946721000000000000e+06,8.946722000000000000e+06,8.946723000000000000e+06,8.946724000000000000e+06,8.946725000000000000e+06,8.946726000000000000e+06,8.946727000000000000e+06,8.946728000000000000e+06,8.946729000000000000e+06,8.946730000000000000e+06,8.946731000000000000e+06,8.946732000000000000e+06,8.946733000000000000e+06,8.946734000000000000e+06,8.946735000000000000e+06,8.946736000000000000e+06,8.946737000000000000e+06,8.946738000000000000e+06,8.946739000000000000e+06,8.946740000000000000e+06,8.946741000000000000e+06,8.946742000000000000e+06,8.946743000000000000e+06,8.946744000000000000e+06,8.946745000000000000e+06,-2.147483648000000000e+09,-2.147483648000000000e+09,-2.147483648000000000e+09,-2.147483648000000000e+09,-2.147483648000000000e+09,-2.147483648000000000e+09,-2.147483648000000000e+09,-2.147483648000000000e+09,-2.147483648000000000e+09,-2.147483648000000000e+09,-2.147483648000000000e+09,-2.147483648000000000e+09,-2.147483648000000000e+09,-2.147483648000000000e+09,-2.147483648000000000e+09,-2.147483648000000000e+09,-2.147483648000000000e+09,-2.147483648000000000e+09
-2.147483648000000000e+09,-2.147483648000000000e+09,-2.147483648000000000e+09,-2.147483648000000000e+09,-2.147483648000000000e+09,-2.147483648000000000e+09,-2.147483648000000000e+09,-2.147483648000000000e+09,-2.147483648000000000e+09,-2.147483648000000000e+09,-2.147483648000000000e+09,-2.147483648000000000e+09,-2.147483648000000000e+09,-2.147483648000000000e+09,8.953906000000000000e+06,8.953907000000000000e+06,8.953908000000000000e+06,8.953909000000000000e+06,8.953910000000000000e+06,8.953911000000000000e+06,8.953912000000000000e+06,8.953913000000000000e+06,8.953914000000000000e+06,8.953915000000000000e+06,8.953916000000000000e+06,8.953917000000000000e+06,8.953918000000000000e+06,8.953919000000000000e+06,8.953920000000000000e+06,8.953921000000000000e+06,8.953922000000000000e+06,8.953923000000000000e+06,8.953924000000000000e+06,8.953925000000000000e+06,8.953926000000000000e+06,8.953927000000000000e+06,8.953928000000000000e+06,8.953929000000000000e+06,8.953930000000000000e+06,8.953931000000000000e+06,8.953932000000000000e+06,8.953933000000000000e+06,8.953934000000000000e+06,8.953935000000000000e+06,8.953936000000000000e+06,8.953937000000000000e+06,8.953938000000000000e+06,8.953939000000000000e+06,8.953940000000000000e+06,8.953941000000000000e+06,8.953942000000000000e+06,8.953943000000000000e+06,8.953944000000000000e+06,-2.147483648000000000e+09,-2.147483648000000000e+09,-2.147483648000000000e+09,-2.147483648000000000e+09,-2.147483648000000000e+09,-2.147483648000000000e+09,-2.147483648000000000e+09,-2.147483648000000000e+09,-2.147483648000000000e+09,-2.147483648000000000e+09,-2.147483648000000000e+09,-2.147483648000000000e+09,-2.147483648000000000e+09,-2.147483648000000000e+09,-2.147483648000000000e+09,-2.147483648000000000e+09,-2.147483648000000000e+09,-2.147483648000000000e+09,-2.147483648000000000e+09
-2.147483648000000000e+09,-2.147483648000000000e+09,-2.147483648000000000e+09,-2.147483648000000000e+09,-2.147483648000000000e+09,-2.147483648000000000e+09,-2.147483648000000000e+09,-2.147483648000000000e+09,-2.147483648000000000e+09,-2.147483648000000000e+09,-2.147483648000000000e+09,-2.147483648000000000e+09,-2.147483648000000000e+09,8.961105000000000000e+06,8.961106000000000000e+06,8.961107000000000000e+06,8.961108000000000000e+06,8.961109000000000000e+06,8.961110000000000000e+06,8.961111000000000000e+06,8.961112000000000000e+06,8.961113000000000000e+06,8.961114000000000000e+06,8.961115000000000000e+06,8.961116000000000000e+06,8.961117000000000000e+06,8.961118000000000000e+06,8.961119000000000000e+06,8.961120000000000000e+06,8.961121000000000000e+06,8.961122000000000000e+06,8.961123000000000000e+06,8.961124000000000000e+06,8.961125000000000000e+06,8.961126000000000000e+06,8.961127000000000000e+06,8.961128000000000000e+06,8.961129000000000000e+06,8.961130000000000000e+06,8.961131000000000000e+06,8.961132000000000000e+06,8.961133000000000000e+06,8.961134000000000000e+06,8.961135000000000000e+06,8.961136000000000000e+06,8.961137000000000000e+06,8.961138000000000000e+06,8.961139000000000000e+06,8.961140000000000000e+06,8.961141000000000000e+06,8.961142000000000000e+06,8.961143000000000000e+06,-2.147483648000000000e+09,-2.147483648000000000e+09,-2.147483648000000000e+09,-2.147483648000000000e+09,-2.147483648000000000e+09,-2.147483648000000000e+09,-2.147483648000000000e+09,-2.147483648000000000e+09,-2.147483648000000000e+09,-2.147483648000000000e+09,-2.147483648000000000e+09,-2.147483648000000000e+09,-2.147483648000000000e+09,-2.147483648000000000e+09,-2.147483648000000000e+09,-2.147483648000000000e+09,-2.147483648000000000e+09,-2.147483648000000000e+09,-2.147483648000000000e+09,-2.147483648000000000e+09
-2.147483648000000000e+09,-2.147483648000000000e+09,-2.147483648000000000e+09,-2.147483648000000000e+09,-2.147483648000000000e+09,-2.147483648000000000e+09,-2.147483648000000000e+09,-2.147483648000000000e+09,-2.147483648000000000e+09,-2.147483648000000000e+09,-2.147483648000000000e+09,-2.147483648000000000e+09,8.968304000000000000e+06,8.968305000000000000e+06,8.968306000000000000e+06,8.968307000000000000e+06,8.968308000000000000e+06,8.968309000000000000e+06,8.968310000000000000e+06,8.968311000000000000e+06,8.968312000000000000e+06,8.968313000000000000e+06,8.968314000000000000e+06,8.968315000000000000e+06,8.968316000000000000e+06,8.968317000000000000e+06,8.968318000000000000e+06,8.968319000000000000e+06,8.968320000000000000e+06,8.968321000000000000e+06,8.968322000000000000e+06,8.968323000000000000e+06,8.968324000000000000e+06,8.968325000000000000e+06,8.968326000000000000e+06,8.968327000000000000e+06,8.968328000000000000e+06,8.968329000000000000e+06,8.968330000000000000e+06,8.968331000000000000e+06,8.968332000000000000e+06,8.968333000000000000e+06,8.968334000000000000e+06,8.968335000000000000e+06,8.968336000000000000e+06,8.968337000000000000e+06,8.968338000000000000e+06,8.968339000000000000e+06,8.968340000000000000e+06,8.968341000000000000e+06,8.968342000000000000e+06,-2.147483648000000000e+09,-2.147483648000000000e+09,-2.147483648000000000e+09,-2.147483648000000000e+09,-2.147483648000000000e+09,-2.147483648000000000e+09,-2.147483648000000000e+09,-2.147483648000000000e+09,-2.147483648000000000e+09,-2.147483648000000000e+09,-2.147483648000000000e+09,-2.147483648000000000e+09,-2.147483648000000000e+09,-2.147483648000000000e+09,-2.147483648000000000e+09,-2.147483648000000000e+09,-2.147483648000000000e+09,-2.147483648000000000e+09,-2.147483648000000000e+09,-2.147483648000000000e+09,-2.147483648000000000e+09
-2.147483648000000000e+09,-2.147483648000000000e+09,-2.147483648000000000e+09,-2.147483648000000000e+09,-2.147483648000000000e+09,-2.147483648000000000e+09,-2.147483648000000000e+09,-2.147483648000000000e+09,-2.147483648000000000e+09,-2.147483648000000000e+09,-2.147483648000000000e+09,8.975503000000000000e+06,8.975504000000000000e+06,8.975505000000000000e+06,8.975506000000000000e+06,8.975507000000000000e+06,8.975508000000000000e+06,8.975509000000000000e+06,8.975510000000000000e+06,8.975511000000000000e+06,8.975512000000000000e+06,8.975513000000000000e+06,8.975514000000000000e+06,8.975515000000000000e+06,8.975516000000000000e+06,8.975517000000000000e+06,8.975518000000000000e+06,8.975519000000000000e+06,8.975520000000000000e+06,8.975521000000000000e+06,8.975522000000000000e+06,8.975523000000000000e+06,8.975524000000000000e+06,8.975525000000000000e+06,8.975526000000000000e+06,8.975527000000000000e+06,8.975528000000000000e+06,8.975529000000000000e+06,8.975530000000000000e+06,8.975531000000000000e+06,8.975532000000000000e+06,8.975533000000000000e+06,8.975534000000000000e+06,8.975535000000000000e+06,8.975536000000000000e+06,8.975537000000000000e+06,8.975538000000000000e+06,8.975539000000000000e+06,8.975540000000000000e+06,8.975541000000000000e+06,-2.147483648000000000e+09,-2.147483648000000000e+09,-2.147483648000000000e+09,-2.147483648000000000e+09,-2.147483648000000000e+09,-2.147483648000000000e+09,-2.147483648000000000e+09,-2.147483648000000000e+09,-2.147483648000000000e+09,-2.147483648000000000e+09,-2.147483648000000000e+09,-2.147483648000000000e+09,-2.147483648000000000e+09,-2.147483648000000000e+09,-2.147483648000000000e+09,-2.147483648000000000e+09,-2.147483648000000000e+09,-2.147483648000000000e+09,-2.147483648000000000e+09,-2.147483648000000000e+09,-2.147483648000000000e+09,-2.147483648000000000e+09
-2.147483648000000000e+09,-2.147483648000000000e+09,-2.147483648000000000e+09,-2.147483648000000000e+09,-2.147483648000000000e+09,-2.147483648000000000e+09,-2.147483648000000000e+09,-2.147483648000000000e+09,-2.147483648000000000e+09,-2.147483648000000000e+09,8.982702000000000000e+06,8.982703000000000000e+06,8.982704000000000000e+06,8.982705000000000000e+06,8.982706000000000000e+06,8.982707000000000000e+06,8.982708000000000000e+06,8.982709000000000000e+06,8.982710000000000000e+06,8.982711000000000000e+06,8.982712000000000000e+06,8.982713000000000000e+06,8.982714000000000000e+06,8.982715000000000000e+06,8.982716000000000000e+06,8.982717000000000000e+06,8.982718000000000000e+06,8.982719000000000000e+06,8.982720000000000000e+06,8.982721000000000000e+06,8.982722000000000000e+06,8.982723000000000000e+06,8.982724000000000000e+06,8.982725000000000000e+06,8.982726000000000000e+06,8.982727000000000000e+06,8.982728000000000000e+06,8.982729000000000000e+06,8.982730000000000000e+06,8.982731000000000000e+06,8.982732000000000000e+06,8.982733000000000000e+06,8.982734000000000000e+06,8.982735000000000000e+06,8.982736000000000000e+06,8.982737000000000000e+06,8.982738000000000000e+06,8.982739000000000000e+06,8.982740000000000000e+06,-2.147483648000000000e+09,-2.147483648000000000e+09,-2.147483648000000000e+09,-2.147483648000000000e+09,-2.147483648000000000e+09,-2.147483648000000000e+09,-2.147483648000000000e+09,-2.147483648000000000e+09,-2.147483648000000000e+09,-2.147483648000000000e+09,-2.147483648000000000e+09,-2.147483648000000000e+09,-2.147483648000000000e+09,-2.147483648000000000e+09,-2.147483648000000000e+09,-2.147483648000000000e+09,-2.147483648000000000e+09,-2.147483648000000000e+09,-2.147483648000000000e+09,-2.147483648000000000e+09,-2.147483648000000000e+09,-2.147483648000000000e+09,-2.147483648000000000e+09
-2.147483648000000000e+09,-2.147483648000000000e+09,-2.147483648000000000e+09,-2.147483648000000000e+09,-2.147483648000000000e+09,-2.147483648000000000e+09,-2.147483648000000000e+09,-2.147483648000000000e+09,-2.147483648000000000e+09,8.989901000000000000e+06,8.989902000000000000e+06,8.989903000000000000e+06,8.989904000000000000e+06,8.989905000000000000e+06,8.989906000000000000e+06,8.989907000000000000e+06,8.989908000000000000e+06,8.989909000000000000e+06,8.989910000000000000e+06,8.989911000000000000e+06,8.989912000000000000e+06,8.989913000000000000e+06,8.989914000000000000e+06,8.989915000000000000e+06,8.989916000000000000e+06,8.989917000000000000e+06,8.989918000000000000e+06,8.989919000000000000e+06,8.989920000000000000e+06,8.989921000000000000e+06,8.989922000000000000e+06,8.989923000000000000e+06,8.989924000000000000e+06,8.989925000000000000e+06,8.989926000000000000e+06,8.989927000000000000e+06,8.989928000000000000e+06,8.989929000000000000e+06,8.989930000000000000e+06,8.989931000000000000e+06,8.989932000000000000e+06,8.989933000000000000e+06,8.989934000000000000e+06,8.989935000000000000e+06,8.989936000000000000e+06,8.989937000000000000e+06,8.989938000000000000e+06,8.989939000000000000e+06,-2.147483648000000000e+09,-2.147483648000000000e+09,-2.147483648000000000e+09,-2.147483648000000000e+09,-2.147483648000000000e+09,-2.147483648000000000e+09,-2.147483648000000000e+09,-2.147483648000000000e+09,-2.147483648000000000e+09,-2.147483648000000000e+09,-2.147483648000000000e+09,-2.147483648000000000e+09,-2.147483648000000000e+09,-2.147483648000000000e+09,-2.147483648000000000e+09,-2.147483648000000000e+09,-2.147483648000000000e+09,-2.147483648000000000e+09,-2.147483648000000000e+09,-2.147483648000000000e+09,-2.147483648000000000e+09,-2.147483648000000000e+09,-2.147483648000000000e+09,-2.147483648000000000e+09
-2.147483648000000000e+09,-2.147483648000000000e+09,-2.147483648000000000e+09,-2.147483648000000000e+09,-2.147483648000000000e+09,-2.147483648000000000e+09,-2.147483648000000000e+09,-2.147483648000000000e+09,8.997100000000000000e+06,8.997101000000000000e+06,8.997102000000000000e+06,8.997103000000000000e+06,8.997104000000000000e+06,8.997105000000000000e+06,8.997106000000000000e+06,8.997107000000000000e+06,8.997108000000000000e+06,8.997109000000000000e+06,8.997110000000000000e+06,8.997111000000000000e+06,8.997112000000000000e+06,8.997113000000000000e+06,8.997114000000000000e+06,8.997115000000000000e+06,8.997116000000000000e+06,8.997117000000000000e+06,8.997118000000000000e+06,8.997119000000000000e+06,8.997120000000000000e+06,8.997121000000000000e+06,8.997122000000000000e+06,8.997123000000000000e+06,8.997124000000000000e+06,8.997125000000000000e+06,8.997126000000000000e+06,8.997127000000000000e+06,8.997128000000000000e+06,8.997129000000000000e+06,8.997130000000000000e+06,8.997131000000000000e+06,8.997132000000000000e+06,8.997133000000000000e+06,8.997134000000000000e+06,8.997135000000000000e+06,8.997136000000000000e+06,8.997137000000000000e+06,8.997138000000000000e+06,-2.147483648000000000e+09,-2.147483648000000000e+09,-2.147483648000000000e+09,-2.147483648000000000e+09,-2.147483648000000000e+09,-2.147483648000000000e+09,-2.147483648000000000e+09,-2.147483648000000000e+09,-2.147483648000000000e+09,-2.147483648000000000e+09,-2.147483648000000000e+09,-2.147483648000000000e+09,-2.147483648000000000e+09,-2.147483648000000000e+09,-2.147483648000000000e+09,-2.147483648000000000e+09,-2.147483648000000000e+09,-2.147483648000000000e+09,-2.147483648000000000e+09,-2.147483648000000000e+09,-2.147483648000000000e+09,-2.147483648000000000e+09,-2.147483648000000000e+09,-2.147483648000000000e+09,-2.147483648000000000e+09
-2.147483648000000000e+09,-2.147483648000000000e+09,-2.147483648000000000e+09,-2.147483648000000000e+09,-2.147483648000000000e+09,-2.147483648000000000e+09,-2.147483648000000000e+09,9.004299000000000000e+06,9.004300000000000000e+06,9.004301000000000000e+06,9.004302000000000000e+06,9.004303000000000000e+06,9.004304000000000000e+06,9.004305000000000000e+06,9.004306000000000000e+06,9.004307000000000000e+06,9.004308000000000000e+06,9.004309000000000000e+06,9.004310000000000000e+06,9.004311000000000000e+06,9.004312000000000000e+06,9.004313000000000000e+06,9.004314000000000000e+06,9.004315000000000000e+06,9.004316000000000000e+06,9.004317000000000000e+06,9.004318000000000000e+06,9.004319000000000000e+06,9.004320000000000000e+06,9.004321000000000000e+06,9.004322000000000000e+06,9.004323000000000000e+06,9.004324000000000000e+06,9.004325000000000000e+06,9.004326000000000000e+06,9.004327000000000000e+06,9.004328000000000000e+06,9.004329000000000000e+06,9.004330000000000000e+06,9.004331000000000000e+06,9.004332000000000000e+06,9.004333000000000000e+06,9.004334000000000000e+06,9.004335000000000000e+06,9.004336000000000000e+06,9.004337000000000000e+06,-2.147483648000000000e+09,-2.147483648000000000e+09,-2.147483648000000000e+09,-2.147483648000000000e+09,-2.147483648000000000e+09,-2.147483648000000000e+09,-2.147483648000000000e+09,-2.147483648000000000e+09,-2.147483648000000000e+09,-2.147483648000000000e+09,-2.147483648000000000e+09,-2.147483648000000000e+09,-2.147483648000000000e+09,-2.147483648000000000e+09,-2.147483648000000000e+09,-2.147483648000000000e+09,-2.147483648000000000e+09,-2.147483648000000000e+09,-2.147483648000000000e+09,-2.147483648000000000e+09,-2.147483648000000000e+09,-2.147483648000000000e+09,-2.147483648000000000e+09,-2.147483648000000000e+09,-2.147483648000000000e+09,-2.147483648000000000e+09
-2.147483648000000000e+09,-2.147483648000000000e+09,-2.147483648000000000e+09,-2.147483648000000000e+09,-2.147483648000000000e+09,-2.147483648000000000e+09,9.011498000000000000e+06,9.011499000000000000e+06,9.011500000000000000e+06,9.011501000000000000e+06,9.011502000000000000e+06,9.011503000000000000e+06,9.011504000000000000e+06,9.011505000000000000e+06,9.011506000000000000e+06,9.011507000000000000e+06,9.011508000000000000e+06,9.011509000000000000e+06,9.011510000000000000e+06,9.011511000000000000e+06,9.011512000000000000e+06,9.011513000000000000e+06,9.011514000000000000e+06,9.011515000000000000e+06,9.011516000000000000e+06,9.011517000000000000e+06,9.011518000000000000e+06,9.011519000000000000e+06,9.011520000000000000e+06,9.011521000000000000e+06,9.011522000000000000e+06,9.011523000000000000e+06,9.011524000000000000e+06,9.011525000000000000e+06,9.011526000000000000e+06,9.011527000000000000e+06,9.011528000000000000e+06,9.011529000000000000e+06,9.011530000000000000e+06,9.011531000000000000e+06,9.011532000000000000e+06,9.011533000000000000e+06,9.011534000000000000e+06,9.011535000000000000e+06,9.011536000000000000e+06,-2.147483648000000000e+09,-2.147483648000000000e+09,-2.147483648000000000e+09,-2.147483648000000000e+09,-2.147483648000000000e+09,-2.147483648000000000e+09,-2.147483648000000000e+09,-2.147483648000000000e+09,-2.147483648000000000e+09,-2.147483648000000000e+09,-2.147483648000000000e+09,-2.147483648000000000e+09,-2.147483648000000000e+09,-2.147483648000000000e+09,-2.147483648000000000e+09,-2.147483648000000000e+09,-2.147483648000000000e+09,-2.147483648000000000e+09,-2.147483648000000000e+09,-2.147483648000000000e+09,-2.147483648000000000e+09,-2.147483648000000000e+09,-2.147483648000000000e+09,-2.147483648000000000e+09,-2.147483648000000000e+09,-2.147483648000000000e+09,-2.147483648000000000e+09
-2.147483648000000000e+09,-2.147483648000000000e+09,-2.147483648000000000e+09,-2.147483648000000000e+09,-2.147483648000000000e+09,9.018697000000000000e+06,9.018698000000000000e+06,9.018699000000000000e+06,9.018700000000000000e+06,9.018701000000000000e+06,9.018702000000000000e+06,9.018703000000000000e+06,9.018704000000000000e+06,9.018705000000000000e+06,9.018706000000000000e+06,9.018707000000000000e+06,9.018708000000000000e+06,9.018709000000000000e+06,9.018710000000000000e+06,9.018711000000000000e+06,9.018712000000000000e+06,9.018713000000000000e+06,9.018714000000000000e+06,9.018715000000000000e+06,9.018716000000000000e+06,9.018717000000000000e+06,9.018718000000000000e+06,9.018719000000000000e+06,9.018720000000000000e+06,9.018721000000000000e+06,9.018722000000000000e+06,9.018723000000000000e+06,9.018724000000000000e+06,9.018725000000000000e+06,9.018726000000000000e+06,9.018727000000000000e+06,9.018728000000000000e+06,9.018729000000000000e+06,9.018730000000000000e+06,9.018731000000000000e+06,9.018732000000000000e+06,9.018733000000000000e+06,9.018734000000000000e+06,9.018735000000000000e+06,-2.147483648000000000e+09,-2.147483648000000000e+09,-2.147483648000000000e+09,-2.147483648000000000e+09,-2.147483648000000000e+09,-2.147483648000000000e+09,-2.147483648000000000e+09,-2.147483648000000000e+09,-2.147483648000000000e+09,-2.147483648000000000e+09,-2.147483648000000000e+09,-2.147483648000000000e+09,-2.147483648000000000e+09,-2.147483648000000000e+09,-2.147483648000000000e+09,-2.147483648000000000e+09,-2.147483648000000000e+09,-2.147483648000000000e+09,-2.147483648000000000e+09,-2.147483648000000000e+09,-2.147483648000000000e+09,-2.147483648000000000e+09,-2.147483648000000000e+09,-2.147483648000000000e+09,-2.147483648000000000e+09,-2.147483648000000000e+09,-2.147483648000000000e+09,-2.147483648000000000e+09
-2.147483648000000000e+09,-2.147483648000000000e+09,-2.147483648000000000e+09,-2.147483648000000000e+09,-2.147483648000000000e+09,9.025897000000000000e+06,9.025898000000000000e+06,9.025899000000000000e+06,9.025900000000000000e+06,9.025901000000000000e+06,9.025902000000000000e+06,9.025903000000000000e+06,9.025904000000000000e+06,9.025905000000000000e+06,9.025906000000000000e+06,9.025907000000000000e+06,9.025908000000000000e+06,9.025909000000000000e+06,9.025910000000000000e+06,9.025911000000000000e+06,9.025912000000000000e+06,9.025913000000000000e+06,9.025914000000000000e+06,9.025915000000000000e+06,9.025916000000000000e+06,9.025917000000000000e+06,9.025918000000000000e+06,9.025919000000000000e+06,9.025920000000000000e+06,9.025921000000000000e+06,9.025922000000000000e+06,9.025923000000000000e+06,9.025924000000000000e+06,9.025925000000000000e+06,9.025926000000000000e+06,9.025927000000000000e+06,9.025928000000000000e+06,9.025929000000000000e+06,9.025930000000000000e+06,9.025931000000000000e+06,9.025932000000000000e+06,9.025933000000000000e+06,9.025934000000000000e+06,9.025935000000000000e+06,9.025936000000000000e+06,9.025937000000000000e+06,9.025938000000000000e+06,9.025939000000000000e+06,9.025940000000000000e+06,9.025941000000000000e+06,9.025942000000000000e+06,9.025943000000000000e+06,9.025944000000000000e+06,9.025945000000000000e+06,-2.147483648000000000e+09,-2.147483648000000000e+09,-2.147483648000000000e+09,-2.147483648000000000e+09,-2.147483648000000000e+09,-2.147483648000000000e+09,-2.147483648000000000e+09,-2.147483648000000000e+09,-2.147483648000000000e+09,-2.147483648000000000e+09,-2.147483648000000000e+09,-2.147483648000000000e+09,-2.147483648000000000e+09,-2.147483648000000000e+09,-2.147483648000000000e+09,-2.147483648000000000e+09,-2.147483648000000000e+09,-2.147483648000000000e+09
-2.147483648000000000e+09,-2.147483648000000000e+09,-2.147483648000000000e+09,-2.147483648000000000e+09,9.033096000000000000e+06,9.033097000000000000e+06,9.033098000000000000e+06,9.033099000000000000e+06,9.033100000000000000e+06,9.033101000000000000e+06,9.033102000000000000e+06,9.033103000000000000e+06,9.033104000000000000e+06,9.033105000000000000e+06,9.033106000000000000e+06,9.033107000000000000e+06,9.033108000000000000e+06,9.033109000000000000e+06,9.033110000000000000e+06,9.033111000000000000e+06,9.033112000000000000e+06,9.033113000000000000e+06,9.033114000000000000e+06,9.033115000000000000e+06,9.033116000000000000e+06,9.033117000000000000e+06,9.033118000000000000e+06,9.033119000000000000e+06,9.033120000000000000e+06,9.033121000000000000e+06,9.033122000000000000e+06,9.033123000000000000e+06,9.033124000000000000e+06,9.033125000000000000e+06,9.033126000000000000e+06,9.033127000000000000e+06,9.033128000000000000e+06,9.033129000000000000e+06,9.033130000000000000e+06,9.033131000000000000e+06,9.033132000000000000e+06,9.033133000000000000e+06,9.033134000000000000e+06,9.033135000000000000e+06,9.033136000000000000e+06,9.033137000000000000e+06,9.033138000000000000e+06,9.033139000000000000e+06,9.033140000000000000e+06,9.033141000000000000e+06,9.033142000000000000e+06,9.033143000000000000e+06,9.033144000000000000e+06,-2.147483648000000000e+09,-2.147483648000000000e+09,-2.147483648000000000e+09,-2.147483648000000000e+09,-2.147483648000000000e+09,-2.147483648000000000e+09,-2.147483648000000000e+09,-2.147483648000000000e+09,-2.147483648000000000e+09,-2.147483648000000000e+09,-2.147483648000000000e+09,-2.147483648000000000e+09,-2.147483648000000000e+09,-2.147483648000000000e+09,-2.147483648000000000e+09,-2.147483648000000000e+09,-2.147483648000000000e+09,-2.147483648000000000e+09,-2.147483648000000000e+09
-2.147483648000000000e+09,-2.147483648000000000e+09,-2.147483648000000000e+09,9.040295000000000000e+06,9.040296000000000000e+06,9.040297000000000000e+06,9.040298000000000000e+06,9.040299000000000000e+06,9.040300000000000000e+06,9.040301000000000000e+06,9.040302000000000000e+06,9.040303000000000000e+06,9.040304000000000000e+06,9.040305000000000000e+06,9.040306000000000000e+06,9.040307000000000000e+06,9.040308000000000000e+06,9.040309000000000000e+06,9.040310000000000000e+06,9.040311000000000000e+06,9.040312000000000000e+06,9.040313000000000000e+06,9.040314000000000000e+06,9.040315000000000000e+06,9.040316000000000000e+06,9.040317000000000000e+06,9.040318000000000000e+06,9.040319000000000000e+06,9.040320000000000000e+06,9.040321000000000000e+06,9.040322000000000000e+06,9.040323000000000000e+06,9.040324000000000000e+06,9.040325000000000000e+06,9.040326000000000000e+06,9.040327000000000000e+06,9.040328000000000000e+06,9.040329000000000000e+06,9.040330000000000000e+06,9.040331000000000000e+06,9.040332000000000000e+06,9.040333000000000000e+06,9.040334000000000000e+06,9.040335000000000000e+06,9.040336000000000000e+06,9.040337000000000000e+06,9.040338000000000000e+06,9.040339000000000000e+06,9.040340000000000000e+06,9.040341000000000000e+06,9.040342000000000000e+06,9.040343000000000000e+06,-2.147483648000000000e+09,-2.147483648000000000e+09,-2.147483648000000000e+09,-2.147483648000000000e+09,-2.147483648000000000e+09,-2.147483648000000000e+09,-2.147483648000000000e+09,-2.147483648000000000e+09,-2.147483648000000000e+09,-2.147483648000000000e+09,-2.147483648000000000e+09,-2.147483648000000000e+09,-2.147483648000000000e+09,-2.147483648000000000e+09,-2.147483648000000000e+09,-2.147483648000000000e+09,-2.147483648000000000e+09,-2.147483648000000000e+09,-2.147483648000000000e+09,-2.147483648000000000e+09
-2.147483648000000000e+09,-2.147483648000000000e+09,9.047494000000000000e+06,9.047495000000000000e+06,9.047496000000000000e+06,9.047497000000000000e+06,9.047498000000000000e+06,9.047499000000000000e+06,9.047500000000000000e+06,9.047501000000000000e+06,9.047502000000000000e+06,9.047503000000000000e+06,9.047504000000000000e+06,9.047505000000000000e+06,9.047506000000000000e+06,9.047507000000000000e+06,9.047508000000000000e+06,9.047509000000000000e+06,9.047510000000000000e+06,9.047511000000000000e+06,9.047512000000000000e+06,9.047513000000000000e+06,9.047514000000000000e+06,9.047515000000000000e+06,9.047516000000000000e+06,9.047517000000000000e+06,9.047518000000000000e+06,9.047519000000000000e+06,9.047520000000000000e+06,9.047521000000000000e+06,9.047522000000000000e+06,9.047523000000000000e+06,9.047524000000000000e+06,9.047525000000000000e+06,9.047526000000000000e+06,9.047527000000000000e+06,9.047528000000000000e+06,9.047529000000000000e+06,9.047530000000000000e+06,9.047531000000000000e+06,9.047532000000000000e+06,9.047533000000000000e+06,9.047534000000000000e+06,9.047535000000000000e+06,9.047536000000000000e+06,9.047537000000000000e+06,9.047538000000000000e+06,9.047539000000000000e+06,9.047540000000000000e+06,9.047541000000000000e+06,9.047542000000000000e+06,-2.147483648000000000e+09,-2.147483648000000000e+09,-2.147483648000000000e+09,-2.147483648000000000e+09,-2.147483648000000000e+09,-2.147483648000000000e+09,-2.147483648000000000e+09,-2.147483648000000000e+09,-2.147483648000000000e+09,-2.147483648000000000e+09,-2.147483648000000000e+09,-2.147483648000000000e+09,-2.147483648000000000e+09,-2.147483648000000000e+09,-2.147483648000000000e+09,-2.147483648000000000e+09,-2.147483648000000000e+09,-2.147483648000000000e+09,-2.147483648000000000e+09,-2.147483648000000000e+09,-2.147483648000000000e+09
-2.147483648000000000e+09,9.054693000000000000e+06,9.054694000000000000e+06,9.054695000000000000e+06,9.054696000000000000e+06,9.054697000000000000e+06,9.054698000000000000e+06,9.054699000000000000e+06,9.054700000000000000e+06,9.054701000000000000e+06,9.054702000000000000e+06,9.054703000000000000e+06,9.054704000000000000e+06,9.054705000000000000e+06,9.054706000000000000e+06,9.054707000000000000e+06,9.054708000000000000e+06,9.054709000000000000e+06,9.054710000000000000e+06,9.054711000000000000e+06,9.054712000000000000e+06,9.054713000000000000e+06,9.054714000000000000e+06,9.054715000000000000e+06,9.054716000000000000e+06,9.054717000000000000e+06,9.054718000000000000e+06,9.054719000000000000e+06,9.054720000000000000e+06,9.054721000000000000e+06,9.054722000000000000e+06,9.054723000000000000e+06,9.054724000000000000e+06,9.054725000000000000e+06,9.054726000000000000e+06,9.054727000000000000e+06,9.054728000000000000e+06,9.054729000000000000e+06,9.054730000000000000e+06,9.054731000000000000e+06,9.054732000000000000e+06,9.054733000000000000e+06,9.054734000000000000e+06,9.054735000000000000e+06,9.054736000000000000e+06,9.054737000000000000e+06,9.054738000000000000e+06,9.054739000000000000e+06,9.054740000000000000e+06,9.054741000000000000e+06,-2.147483648000000000e+09,-2.147483648000000000e+09,-2.147483648000000000e+09,-2.147483648000000000e+09,-2.147483648000000000e+09,-2.147483648000000000e+09,-2.147483648000000000e+09,-2.147483648000000000e+09,-2.147483648000000000e+09,-2.147483648000000000e+09,-2.147483648000000000e+09,-2.147483648000000000e+09,-2.147483648000000000e+09,-2.147483648000000000e+09,-2.147483648000000000e+09,-2.147483648000000000e+09,-2.147483648000000000e+09,-2.147483648000000000e+09,-2.147483648000000000e+09,-2.147483648000000000e+09,-2.147483648000000000e+09,-2.147483648000000000e+09
-2.147483648000000000e+09,-2.147483648000000000e+09,-2.147483648000000000e+09,-2.147483648000000000e+09,-2.147483648000000000e+09,-2.147483648000000000e+09,-2.147483648000000000e+09,9.061899000000000000e+06,9.061900000000000000e+06,9.061901000000000000e+06,9.061902000000000000e+06,9.061903000000000000e+06,9.061904000000000000e+06,9.061905000000000000e+06,9.061906000000000000e+06,9.061907000000000000e+06,9.061908000000000000e+06,9.061909000000000000e+06,9.061910000000000000e+06,9.061911000000000000e+06,9.061912000000000000e+06,9.061913000000000000e+06,9.061914000000000000e+06,9.061915000000000000e+06,9.061916000000000000e+06,9.061917000000000000e+06,9.061918000000000000e+06,9.061919000000000000e+06,9.061920000000000000e+06,9.061921000000000000e+06,9.061922000000000000e+06,9.061923000000000000e+06,9.061924000000000000e+06,9.061925000000000000e+06,9.061926000000000000e+06,9.061927000000000000e+06,9.061928000000000000e+06,9.061929000000000000e+06,9.061930000000000000e+06,9.061931000000000000e+06,9.061932000000000000e+06,9.061933000000000000e+06,9.061934000000000000e+06,9.061935000000000000e+06,9.061936000000000000e+06,9.061937000000000000e+06,9.061938000000000000e+06,9.061939000000000000e+06,9.061940000000000000e+06,-2.147483648000000000e+09,-2.147483648000000000e+09,-2.147483648000000000e+09,-2.147483648000000000e+09,-2.147483648000000000e+09,-2.147483648000000000e+09,-2.147483648000000000e+09,-2.147483648000000000e+09,-2.147483648000000000e+09,-2.147483648000000000e+09,-2.147483648000000000e+09,-2.147483648000000000e+09,-2.147483648000000000e+09,-2.147483648000000000e+09,-2.147483648000000000e+09,-2.147483648000000000e+09,-2.147483648000000000e+09,-2.147483648000000000e+09,-2.147483648000000000e+09,-2.147483648000000000e+09,-2.147483648000000000e+09,-2.147483648000000000e+09,-2.147483648000000000e+09
-2.147483648000000000e+09,-2.147483648000000000e+09,-2.147483648000000000e+09,-2.147483648000000000e+09,-2.147483648000000000e+09,-2.147483648000000000e+09,-2.147483648000000000e+09,-2.147483648000000000e+09,-2.147483648000000000e+09,-2.147483648000000000e+09,-2.147483648000000000e+09,-2.147483648000000000e+09,-2.147483648000000000e+09,-2.147483648000000000e+09,-2.147483648000000000e+09,-2.147483648000000000e+09,-2.147483648000000000e+09,-2.147483648000000000e+09,-2.147483648000000000e+09,-2.147483648000000000e+09,-2.147483648000000000e+09,-2.147483648000000000e+09,-2.147483648000000000e+09,-2.147483648000000000e+09,-2.147483648000000000e+09,9.069117000000000000e+06,9.069118000000000000e+06,9.069119000000000000e+06,9.069120000000000000e+06,9.069121000000000000e+06,9.069122000000000000e+06,9.069123000000000000e+06,9.069124000000000000e+06,9.069125000000000000e+06,9.069126000000000000e+06,9.069127000000000000e+06,9.069128000000000000e+06,9.069129000000000000e+06,9.069130000000000000e+06,9.069131000000000000e+06,9.069132000000000000e+06,9.069133000000000000e+06,9.069134000000000000e+06,9.069135000000000000e+06,9.069136000000000000e+06,9.069137000000000000e+06,9.069138000000000000e+06,9.069139000000000000e+06,-2.147483648000000000e+09,-2.147483648000000000e+09,-2.147483648000000000e+09,-2.147483648000000000e+09,-2.147483648000000000e+09,-2.147483648000000000e+09,-2.147483648000000000e+09,-2.147483648000000000e+09,-2.147483648000000000e+09,-2.147483648000000000e+09,-2.147483648000000000e+09,-2.147483648000000000e+09,-2.147483648000000000e+09,-2.147483648000000000e+09,-2.147483648000000000e+09,-2.147483648000000000e+09,-2.147483648000000000e+09,-2.147483648000000000e+09,-2.147483648000000000e+09,-2.147483648000000000e+09,-2.147483648000000000e+09,-2.147483648000000000e+09,-2.147483648000000000e+09,-2.147483648000000000e+09
-2.147483648000000000e+09,-2.147483648000000000e+09,-2.147483648000000000e+09,-2.147483648000000000e+09,-2.147483648000000000e+09,-2.147483648000000000e+09,-2.147483648000000000e+09,-2.147483648000000000e+09,-2.147483648000000000e+09,-2.147483648000000000e+09,-2.147483648000000000e+09,-2.147483648000000000e+09,-2.147483648000000000e+09,-2.147483648000000000e+09,-2.147483648000000000e+09,-2.147483648000000000e+09,-2.147483648000000000e+09,-2.147483648000000000e+09,-2.147483648000000000e+09,-2.147483648000000000e+09,-2.147483648000000000e+09,-2.147483648000000000e+09,-2.147483648000000000e+09,-2.147483648000000000e+09,-2.147483648000000000e+09,9.076317000000000000e+06,9.076318000000000000e+06,9.076319000000000000e+06,9.076320000000000000e+06,9.076321000000000000e+06,9.076322000000000000e+06,9.076323000000000000e+06,9.076324000000000000e+06,9.076325000000000000e+06,9.076326000000000000e+06,9.076327000000000000e+06,9.076328000000000000e+06,9.076329000000000000e+06,9.076330000000000000e+06,9.076331000000000000e+06,9.076332000000000000e+06,9.076333000000000000e+06,9.076334000000000000e+06,9.076335000000000000e+06,9.076336000000000000e+06,9.076337000000000000e+06,9.076338000000000000e+06,-2.147483648000000000e+09,-2.147483648000000000e+09,-2.147483648000000000e+09,-2.147483648000000000e+09,-2.147483648000000000e+09,-2.147483648000000000e+09,-2.147483648000000000e+09,-2.147483648000000000e+09,-2.147483648000000000e+09,-2.147483648000000000e+09,-2.147483648000000000e+09,-2.147483648000000000e+09,-2.147483648000000000e+09,-2.147483648000000000e+09,-2.147483648000000000e+09,-2.147483648000000000e+09,-2.147483648000000000e+09,-2.147483648000000000e+09,-2.147483648000000000e+09,-2.147483648000000000e+09,-2.147483648000000000e+09,-2.147483648000000000e+09,-2.147483648000000000e+09,-2.147483648000000000e+09,-2.147483648000000000e+09
-2.147483648000000000e+09,-2.147483648000000000e+09,-2.147483648000000000e+09,-2.147483648000000000e+09,-2.147483648000000000e+09,-2.147483648000000000e+09,-2.147483648000000000e+09,-2.147483648000000000e+09,-2.147483648000000000e+09,-2.147483648000000000e+09,-2.147483648000000000e+09,-2.147483648000000000e+09,-2.147483648000000000e+09,-2.147483648000000000e+09,-2.147483648000000000e+09,-2.147483648000000000e+09,-2.147483648000000000e+09,-2.147483648000000000e+09,-2.147483648000000000e+09,-2.147483648000000000e+09,-2.147483648000000000e+09,-2.147483648000000000e+09,9.083514000000000000e+06,9.083515000000000000e+06,9.083516000000000000e+06,9.083517000000000000e+06,9.083518000000000000e+06,9.083519000000000000e+06,9.083520000000000000e+06,9.083521000000000000e+06,9.083522000000000000e+06,9.083523000000000000e+06,9.083524000000000000e+06,9.083525000000000000e+06,9.083526000000000000e+06,9.083527000000000000e+06,9.083528000000000000e+06,9.083529000000000000e+06,9.083530000000000000e+06,9.083531000000000000e+06,9.083532000000000000e+06,9.083533000000000000e+06,9.083534000000000000e+06,9.083535000000000000e+06,9.083536000000000000e+06,9.083537000000000000e+06,-2.147483648000000000e+09,-2.147483648000000000e+09,-2.147483648000000000e+09,-2.147483648000000000e+09,-2.147483648000000000e+09,-2.147483648000000000e+09,-2.147483648000000000e+09,-2.147483648000000000e+09,-2.147483648000000000e+09,-2.147483648000000000e+09,-2.147483648000000000e+09,-2.147483648000000000e+09,-2.147483648000000000e+09,-2.147483648000000000e+09,-2.147483648000000000e+09,-2.147483648000000000e+09,-2.147483648000000000e+09,-2.147483648000000000e+09,-2.147483648000000000e+09,-2.147483648000000000e+09,-2.147483648000000000e+09,-2.147483648000000000e+09,-2.147483648000000000e+09,-2.147483648000000000e+09,-2.147483648000000000e+09,-2.147483648000000000e+09
-2.147483648000000000e+09,-2.147483648000000000e+09,-2.147483648000000000e+09,-2.147483648000000000e+09,-2.147483648000000000e+09,-2.147483648000000000e+09,-2.147483648000000000e+09,-2.147483648000000000e+09,-2.147483648000000000e+09,-2.147483648000000000e+09,-2.147483648000000000e+09,-2.147483648000000000e+09,-2.147483648000000000e+09,-2.147483648000000000e+09,-2.147483648000000000e+09,-2.147483648000000000e+09,-2.147483648000000000e+09,-2.147483648000000000e+09,-2.147483648000000000e+09,-2.147483648000000000e+09,-2.147483648000000000e+09,9.090713000000000000e+06,9.090714000000000000e+06,9.090715000000000000e+06,9.090716000000000000e+06,9.090717000000000000e+06,9.090718000000000000e+06,9.090719000000000000e+06,9.090720000000000000e+06,9.090721000000000000e+06,9.090722000000000000e+06,9.090723000000000000e+06,9.090724000000000000e+06,9.090725000000000000e+06,9.090726000000000000e+06,9.090727000000000000e+06,9.090728000000000000e+06,9.090729000000000000e+06,9.090730000000000000e+06,9.090731000000000000e+06,9.090732000000000000e+06,9.090733000000000000e+06,9.090734000000000000e+06,9.090735000000000000e+06,9.090736000000000000e+06,-2.147483648000000000e+09,-2.147483648000000000e+09,-2.147483648000000000e+09,-2.147483648000000000e+09,-2.147483648000000000e+09,-2.147483648000000000e+09,-2.147483648000000000e+09,-2.147483648000000000e+09,-2.147483648000000000e+09,-2.147483648000000000e+09,-2.147483648000000000e+09,-2.147483648000000000e+09,-2.147483648000000000e+09,-2.147483648000000000e+09,-2.147483648000000000e+09,-2.147483648000000000e+09,-2.147483648000000000e+09,-2.147483648000000000e+09,-2.147483648000000000e+09,-2.147483648000000000e+09,-2.147483648000000000e+09,-2.147483648000000000e+09,-2.147483648000000000e+09,-2.147483648000000000e+09,-2.147483648000000000e+09,-2.147483648000000000e+09,-2.147483648000000000e+09
-2.147483648000000000e+09,-2.147483648000000000e+09,-2.147483648000000000e+09,-2.147483648000000000e+09,-2.147483648000000000e+09,-2.147483648000000000e+09,-2.147483648000000000e+09,-2.147483648000000000e+09,-2.147483648000000000e+09,-2.147483648000000000e+09,-2.147483648000000000e+09,-2.147483648000000000e+09,-2.147483648000000000e+09,-2.147483648000000000e+09,-2.147483648000000000e+09,-2.147483648000000000e+09,-2.147483648000000000e+09,-2.147483648000000000e+09,-2.147483648000000000e+09,-2.147483648000000000e+09,-2.147483648000000000e+09,-2.147483648000000000e+09,-2.147483648000000000e+09,-2.147483648000000000e+09,-2.147483648000000000e+09,-2.147483648000000000e+09,-2.147483648000000000e+09,-2.147483648000000000e+09,-2.147483648000000000e+09,-2.147483648000000000e+09,-2.147483648000000000e+09,-2.147483648000000000e+09,-2.147483648000000000e+09,-2.147483648000000000e+09,-2.147483648000000000e+09,-2.147483648000000000e+09,9.097928000000000000e+06,9.097929000000000000e+06,9.097930000000000000e+06,9.097931000000000000e+06,9.097932000000000000e+06,9.097933000000000000e+06,9.097934000000000000e+06,9.097935000000000000e+06,-2.147483648000000000e+09,-2.147483648000000000e+09,-2.147483648000000000e+09,-2.147483648000000000e+09,-2.147483648000000000e+09,-2.147483648000000000e+09,-2.147483648000000000e+09,-2.147483648000000000e+09,-2.147483648000000000e+09,-2.147483648000000000e+09,-2.147483648000000000e+09,-2.147483648000000000e+09,-2.147483648000000000e+09,-2.147483648000000000e+09,-2.147483648000000000e+09,-2.147483648000000000e+09,-2.147483648000000000e+09,-2.147483648000000000e+09,-2.147483648000000000e+09,-2.147483648000000000e+09,-2.147483648000000000e+09,-2.147483648000000000e+09,-2.147483648000000000e+09,-2.147483648000000000e+09,-2.147483648000000000e+09,-2.147483648000000000e+09,-2.147483648000000000e+09,-2.147483648000000000e+09
