-2.147483648000000000e+09,-2.147483648000000000e+09,-2.147483648000000000e+09,-2.147483648000000000e+09,-2.147483648000000000e+09,-2.147483648000000000e+09,-2.147483648000000000e+09,-2.147483648000000000e+09,-2.147483648000000000e+09,-2.147483648000000000e+09,-2.147483648000000000e+09,-2.147483648000000000e+09,-2.147483648000000000e+09,-2.147483648000000000e+09,-2.147483648000000000e+09,-2.147483648000000000e+09,-2.147483648000000000e+09,-2.147483648000000000e+09,-2.147483648000000000e+09,-2.147483648000000000e+09,-2.147483648000000000e+09,-2.147483648000000000e+09,-2.147483648000000000e+09,-2.147483648000000000e+09,-2.147483648000000000e+09,-2.147483648000000000e+09,-2.147483648000000000e+09,-2.147483648000000000e+09,-2.147483648000000000e+09,-2.147483648000000000e+09,-2.147483648000000000e+09,-2.147483648000000000e+09,-2.147483648000000000e+09,-2.147483648000000000e+09,-2.147483648000000000e+09,-2.147483648000000000e+09,1.595878800000000000e+07,1.595878900000000000e+07,-2.147483648000000000e+09,-2.147483648000000000e+09,-2.147483648000000000e+09,-2.147483648000000000e+09,-2.147483648000000000e+09,-2.147483648000000000e+09,-2.147483648000000000e+09,-2.147483648000000000e+09,-2.147483648000000000e+09,-2.147483648000000000e+09,-2.147483648000000000e+09
-2.147483648000000000e+09,-2.147483648000000000e+09,-2.147483648000000000e+09,-2.147483648000000000e+09,-2.147483648000000000e+09,-2.147483648000000000e+09,-2.147483648000000000e+09,-2.147483648000000000e+09,-2.147483648000000000e+09,-2.147483648000000000e+09,-2.147483648000000000e+09,-2.147483648000000000e+09,-2.147483648000000000e+09,-2.147483648000000000e+09,-2.147483648000000000e+09,-2.147483648000000000e+09,-2.147483648000000000e+09,-2.147483648000000000e+09,-2.147483648000000000e+09,-2.147483648000000000e+09,-2.147483648000000000e+09,-2.147483648000000000e+09,-2.147483648000000000e+09,-2.147483648000000000e+09,-2.147483648000000000e+09,-2.147483648000000000e+09,-2.147483648000000000e+09,-2.147483648000000000e+09,-2.147483648000000000e+09,-2.147483648000000000e+09,-2.147483648000000000e+09,-2.147483648000000000e+09,-2.147483648000000000e+09,-2.147483648000000000e+09,-2.147483648000000000e+09,-2.147483648000000000e+09,1.596598800000000000e+07,1.596598900000000000e+07,-2.147483648000000000e+09,-2.147483648000000000e+09,-2.147483648000000000e+09,-2.147483648000000000e+09,-2.147483648000000000e+09,-2.147483648000000000e+09,-2.147483648000000000e+09,-2.147483648000000000e+09,-2.147483648000000000e+09,-2.147483648000000000e+09,-2.147483648000000000e+09
-2.147483648000000000e+09,-2.147483648000000000e+09,-2.147483648000000000e+09,-2.147483648000000000e+09,-2.147483648000000000e+09,-2.147483648000000000e+09,-2.147483648000000000e+09,-2.147483648000000000e+09,-2.147483648000000000e+09,-2.147483648000000000e+09,-2.147483648000000000e+09,-2.147483648000000000e+09,-2.147483648000000000e+09,-2.147483648000000000e+09,-2.147483648000000000e+09,-2.147483648000000000e+09,-2.147483648000000000e+09,-2.147483648000000000e+09,-2.147483648000000000e+09,-2.147483648000000000e+09,-2.147483648000000000e+09,-2.147483648000000000e+09,-2.147483648000000000e+09,-2.147483648000000000e+09,-2.147483648000000000e+09,-2.147483648000000000e+09,-2.147483648000000000e+09,-2.147483648000000000e+09,-2.147483648000000000e+09,-2.147483648000000000e+09,-2.147483648000000000e+09,-2.147483648000000000e+09,-2.147483648000000000e+09,1.597318500000000000e+07,1.597318600000000000e+07,1.597318700000000000e+07,1.597318800000000000e+07,1.597318900000000000e+07,-2.147483648000000000e+09,-2.147483648000000000e+09,-2.147483648000000000e+09,-2.147483648000000000e+09,-2.147483648000000000e+09,-2.147483648000000000e+09,-2.147483648000000000e+09,-2.147483648000000000e+09,-2.147483648000000000e+09,-2.147483648000000000e+09,-2.147483648000000000e+09
-2.147483648000000000e+09,-2.147483648000000000e+09,-2.147483648000000000e+09,-2.147483648000000000e+09,-2.147483648000000000e+09,-2.147483648000000000e+09,-2.147483648000000000e+09,-2.147483648000000000e+09,-2.147483648000000000e+09,-2.147483648000000000e+09,-2.147483648000000000e+09,-2.147483648000000000e+09,-2.147483648000000000e+09,-2.147483648000000000e+09,-2.147483648000000000e+09,-2.147483648000000000e+09,-2.147483648000000000e+09,-2.147483648000000000e+09,-2.147483648000000000e+09,-2.147483648000000000e+09,-2.147483648000000000e+09,-2.147483648000000000e+09,-2.147483648000000000e+09,-2.147483648000000000e+09,-2.147483648000000000e+09,-2.147483648000000000e+09,-2.147483648000000000e+09,-2.147483648000000000e+09,-2.147483648000000000e+09,-2.147483648000000000e+09,-2.147483648000000000e+09,1.598038300000000000e+07,1.598038400000000000e+07,1.598038500000000000e+07,1.598038600000000000e+07,1.598038700000000000e+07,1.598038800000000000e+07,1.598038900000000000e+07,1.598039000000000000e+07,-2.147483648000000000e+09,-2.147483648000000000e+09,-2.147483648000000000e+09,-2.147483648000000000e+09,-2.147483648000000000e+09,-2.147483648000000000e+09,-2.147483648000000000e+09,-2.147483648000000000e+09,-2.147483648000000000e+09,-2.147483648000000000e+09
-2.147483648000000000e+09,-2.147483648000000000e+09,-2.147483648000000000e+09,-2.147483648000000000e+09,-2.147483648000000000e+09,-2.147483648000000000e+09,-2.147483648000000000e+09,-2.147483648000000000e+09,-2.147483648000000000e+09,-2.147483648000000000e+09,-2.147483648000000000e+09,-2.147483648000000000e+09,-2.147483648000000000e+09,-2.147483648000000000e+09,-2.147483648000000000e+09,-2.147483648000000000e+09,-2.147483648000000000e+09,-2.147483648000000000e+09,-2.147483648000000000e+09,-2.147483648000000000e+09,-2.147483648000000000e+09,-2.147483648000000000e+09,-2.147483648000000000e+09,-2.147483648000000000e+09,-2.147483648000000000e+09,-2.147483648000000000e+09,-2.147483648000000000e+09,-2.147483648000000000e+09,-2.147483648000000000e+09,-2.147483648000000000e+09,1.598758200000000000e+07,1.598758300000000000e+07,1.598758400000000000e+07,1.598758500000000000e+07,1.598758600000000000e+07,1.598758700000000000e+07,1.598758800000000000e+07,1.598758900000000000e+07,1.598759000000000000e+07,-2.147483648000000000e+09,-2.147483648000000000e+09,-2.147483648000000000e+09,-2.147483648000000000e+09,-2.147483648000000000e+09,-2.147483648000000000e+09,-2.147483648000000000e+09,-2.147483648000000000e+09,-2.147483648000000000e+09,-2.147483648000000000e+09
-2.147483648000000000e+09,-2.147483648000000000e+09,-2.147483648000000000e+09,-2.147483648000000000e+09,-2.147483648000000000e+09,-2.147483648000000000e+09,-2.147483648000000000e+09,-2.147483648000000000e+09,-2.147483648000000000e+09,-2.147483648000000000e+09,-2.147483648000000000e+09,-2.147483648000000000e+09,-2.147483648000000000e+09,-2.147483648000000000e+09,-2.147483648000000000e+09,-2.147483648000000000e+09,-2.147483648000000000e+09,-2.147483648000000000e+09,-2.147483648000000000e+09,-2.147483648000000000e+09,-2.147483648000000000e+09,-2.147483648000000000e+09,-2.147483648000000000e+09,-2.147483648000000000e+09,-2.147483648000000000e+09,-2.147483648000000000e+09,1.599477800000000000e+07,1.599477900000000000e+07,1.599478000000000000e+07,1.599478100000000000e+07,1.599478200000000000e+07,1.599478300000000000e+07,1.599478400000000000e+07,1.599478500000000000e+07,1.599478600000000000e+07,1.599478700000000000e+07,1.599478800000000000e+07,1.599478900000000000e+07,1.599479000000000000e+07,-2.147483648000000000e+09,-2.147483648000000000e+09,-2.147483648000000000e+09,-2.147483648000000000e+09,-2.147483648000000000e+09,-2.147483648000000000e+09,-2.147483648000000000e+09,-2.147483648000000000e+09,-2.147483648000000000e+09,-2.147483648000000000e+09
-2.147483648000000000e+09,-2.147483648000000000e+09,-2.147483648000000000e+09,-2.147483648000000000e+09,-2.147483648000000000e+09,-2.147483648000000000e+09,-2.147483648000000000e+09,-2.147483648000000000e+09,-2.147483648000000000e+09,-2.147483648000000000e+09,-2.147483648000000000e+09,-2.147483648000000000e+09,-2.147483648000000000e+09,-2.147483648000000000e+09,-2.147483648000000000e+09,-2.147483648000000000e+09,-2.147483648000000000e+09,-2.147483648000000000e+09,-2.147483648000000000e+09,-2.147483648000000000e+09,-2.147483648000000000e+09,-2.147483648000000000e+09,-2.147483648000000000e+09,-2.147483648000000000e+09,-2.147483648000000000e+09,1.600197700000000000e+07,1.600197800000000000e+07,1.600197900000000000e+07,1.600198000000000000e+07,1.600198100000000000e+07,1.600198200000000000e+07,1.600198300000000000e+07,1.600198400000000000e+07,1.600198500000000000e+07,1.600198600000000000e+07,1.600198700000000000e+07,1.600198800000000000e+07,1.600198900000000000e+07,1.600199000000000000e+07,-2.147483648000000000e+09,-2.147483648000000000e+09,-2.147483648000000000e+09,-2.147483648000000000e+09,-2.147483648000000000e+09,1.600199600000000000e+07,1.600199700000000000e+07,1.600199800000000000e+07,1.600199900000000000e+07,-2.147483648000000000e+09
-2.147483648000000000e+09,-2.147483648000000000e+09,-2.147483648000000000e+09,-2.147483648000000000e+09,-2.147483648000000000e+09,-2.147483648000000000e+09,-2.147483648000000000e+09,-2.147483648000000000e+09,-2.147483648000000000e+09,-2.147483648000000000e+09,-2.147483648000000000e+09,-2.147483648000000000e+09,-2.147483648000000000e+09,-2.147483648000000000e+09,-2.147483648000000000e+09,-2.147483648000000000e+09,-2.147483648000000000e+09,-2.147483648000000000e+09,-2.147483648000000000e+09,-2.147483648000000000e+09,-2.147483648000000000e+09,-2.147483648000000000e+09,-2.147483648000000000e+09,-2.147483648000000000e+09,-2.147483648000000000e+09,1.600917700000000000e+07,1.600917800000000000e+07,1.600917900000000000e+07,1.600918000000000000e+07,1.600918100000000000e+07,1.600918200000000000e+07,1.600918300000000000e+07,1.600918400000000000e+07,1.600918500000000000e+07,1.600918600000000000e+07,1.600918700000000000e+07,1.600918800000000000e+07,1.600918900000000000e+07,1.600919000000000000e+07,1.600919100000000000e+07,1.600919200000000000e+07,1.600919300000000000e+07,1.600919400000000000e+07,1.600919500000000000e+07,1.600919600000000000e+07,1.600919700000000000e+07,1.600919800000000000e+07,1.600919900000000000e+07,1.600920000000000000e+07
-2.147483648000000000e+09,-2.147483648000000000e+09,-2.147483648000000000e+09,-2.147483648000000000e+09,-2.147483648000000000e+09,-2.147483648000000000e+09,-2.147483648000000000e+09,-2.147483648000000000e+09,-2.147483648000000000e+09,-2.147483648000000000e+09,-2.147483648000000000e+09,-2.147483648000000000e+09,-2.147483648000000000e+09,-2.147483648000000000e+09,-2.147483648000000000e+09,-2.147483648000000000e+09,-2.147483648000000000e+09,-2.147483648000000000e+09,-2.147483648000000000e+09,-2.147483648000000000e+09,-2.147483648000000000e+09,-2.147483648000000000e+09,1.601637400000000000e+07,1.601637500000000000e+07,1.601637600000000000e+07,1.601637700000000000e+07,1.601637800000000000e+07,1.601637900000000000e+07,1.601638000000000000e+07,1.601638100000000000e+07,1.601638200000000000e+07,1.601638300000000000e+07,1.601638400000000000e+07,1.601638500000000000e+07,1.601638600000000000e+07,1.601638700000000000e+07,1.601638800000000000e+07,1.601638900000000000e+07,1.601639000000000000e+07,1.601639100000000000e+07,1.601639200000000000e+07,1.601639300000000000e+07,1.601639400000000000e+07,1.601639500000000000e+07,1.601639600000000000e+07,1.601639700000000000e+07,1.601639800000000000e+07,1.601639900000000000e+07,1.601640000000000000e+07
-2.147483648000000000e+09,-2.147483648000000000e+09,-2.147483648000000000e+09,-2.147483648000000000e+09,-2.147483648000000000e+09,-2.147483648000000000e+09,-2.147483648000000000e+09,-2.147483648000000000e+09,-2.147483648000000000e+09,-2.147483648000000000e+09,-2.147483648000000000e+09,-2.147483648000000000e+09,-2.147483648000000000e+09,-2.147483648000000000e+09,-2.147483648000000000e+09,-2.147483648000000000e+09,-2.147483648000000000e+09,-2.147483648000000000e+09,-2.147483648000000000e+09,-2.147483648000000000e+09,1.602357200000000000e+07,1.602357300000000000e+07,1.602357400000000000e+07,1.602357500000000000e+07,1.602357600000000000e+07,1.602357700000000000e+07,1.602357800000000000e+07,1.602357900000000000e+07,1.602358000000000000e+07,1.602358100000000000e+07,1.602358200000000000e+07,1.602358300000000000e+07,1.602358400000000000e+07,1.602358500000000000e+07,1.602358600000000000e+07,1.602358700000000000e+07,1.602358800000000000e+07,1.602358900000000000e+07,1.602359000000000000e+07,1.602359100000000000e+07,1.602359200000000000e+07,1.602359300000000000e+07,1.602359400000000000e+07,1.602359500000000000e+07,1.602359600000000000e+07,1.602359700000000000e+07,1.602359800000000000e+07,1.602359900000000000e+07,1.602360000000000000e+07
-2.147483648000000000e+09,-2.147483648000000000e+09,-2.147483648000000000e+09,-2.147483648000000000e+09,-2.147483648000000000e+09,-2.147483648000000000e+09,-2.147483648000000000e+09,-2.147483648000000000e+09,-2.147483648000000000e+09,-2.147483648000000000e+09,-2.147483648000000000e+09,-2.147483648000000000e+09,-2.147483648000000000e+09,-2.147483648000000000e+09,-2.147483648000000000e+09,-2.147483648000000000e+09,-2.147483648000000000e+09,-2.147483648000000000e+09,-2.147483648000000000e+09,1.603077100000000000e+07,1.603077200000000000e+07,1.603077300000000000e+07,1.603077400000000000e+07,1.603077500000000000e+07,1.603077600000000000e+07,1.603077700000000000e+07,1.603077800000000000e+07,1.603077900000000000e+07,1.603078000000000000e+07,1.603078100000000000e+07,1.603078200000000000e+07,1.603078300000000000e+07,1.603078400000000000e+07,1.603078500000000000e+07,1.603078600000000000e+07,1.603078700000000000e+07,1.603078800000000000e+07,1.603078900000000000e+07,1.603079000000000000e+07,1.603079100000000000e+07,1.603079200000000000e+07,1.603079300000000000e+07,1.603079400000000000e+07,1.603079500000000000e+07,1.603079600000000000e+07,1.603079700000000000e+07,1.603079800000000000e+07,1.603079900000000000e+07,-2.147483648000000000e+09
-2.147483648000000000e+09,-2.147483648000000000e+09,-2.147483648000000000e+09,-2.147483648000000000e+09,-2.147483648000000000e+09,-2.147483648000000000e+09,-2.147483648000000000e+09,-2.147483648000000000e+09,-2.147483648000000000e+09,-2.147483648000000000e+09,-2.147483648000000000e+09,-2.147483648000000000e+09,-2.147483648000000000e+09,-2.147483648000000000e+09,-2.147483648000000000e+09,-2.147483648000000000e+09,-2.147483648000000000e+09,1.603796900000000000e+07,1.603797000000000000e+07,1.603797100000000000e+07,1.603797200000000000e+07,1.603797300000000000e+07,1.603797400000000000e+07,1.603797500000000000e+07,1.603797600000000000e+07,1.603797700000000000e+07,1.603797800000000000e+07,1.603797900000000000e+07,1.603798000000000000e+07,1.603798100000000000e+07,1.603798200000000000e+07,1.603798300000000000e+07,1.603798400000000000e+07,1.603798500000000000e+07,1.603798600000000000e+07,1.603798700000000000e+07,1.603798800000000000e+07,1.603798900000000000e+07,1.603799000000000000e+07,1.603799100000000000e+07,1.603799200000000000e+07,1.603799300000000000e+07,1.603799400000000000e+07,1.603799500000000000e+07,1.603799600000000000e+07,1.603799700000000000e+07,1.603799800000000000e+07,-2.147483648000000000e+09,-2.147483648000000000e+09
-2.147483648000000000e+09,-2.147483648000000000e+09,-2.147483648000000000e+09,-2.147483648000000000e+09,-2.147483648000000000e+09,-2.147483648000000000e+09,-2.147483648000000000e+09,-2.147483648000000000e+09,-2.147483648000000000e+09,-2.147483648000000000e+09,-2.147483648000000000e+09,1.604516300000000000e+07,1.604516400000000000e+07,1.604516500000000000e+07,1.604516600000000000e+07,1.604516700000000000e+07,1.604516800000000000e+07,1.604516900000000000e+07,1.604517000000000000e+07,1.604517100000000000e+07,1.604517200000000000e+07,1.604517300000000000e+07,1.604517400000000000e+07,1.604517500000000000e+07,1.604517600000000000e+07,1.604517700000000000e+07,1.604517800000000000e+07,1.604517900000000000e+07,1.604518000000000000e+07,1.604518100000000000e+07,1.604518200000000000e+07,1.604518300000000000e+07,1.604518400000000000e+07,1.604518500000000000e+07,1.604518600000000000e+07,1.604518700000000000e+07,1.604518800000000000e+07,1.604518900000000000e+07,1.604519000000000000e+07,1.604519100000000000e+07,1.604519200000000000e+07,1.604519300000000000e+07,1.604519400000000000e+07,1.604519500000000000e+07,1.604519600000000000e+07,1.604519700000000000e+07,-2.147483648000000000e+09,-2.147483648000000000e+09,-2.147483648000000000e+09
-2.147483648000000000e+09,-2.147483648000000000e+09,-2.147483648000000000e+09,-2.147483648000000000e+09,-2.147483648000000000e+09,-2.147483648000000000e+09,-2.147483648000000000e+09,-2.147483648000000000e+09,-2.147483648000000000e+09,-2.147483648000000000e+09,1.605236200000000000e+07,1.605236300000000000e+07,1.605236400000000000e+07,1.605236500000000000e+07,1.605236600000000000e+07,1.605236700000000000e+07,1.605236800000000000e+07,1.605236900000000000e+07,1.605237000000000000e+07,1.605237100000000000e+07,1.605237200000000000e+07,1.605237300000000000e+07,1.605237400000000000e+07,1.605237500000000000e+07,1.605237600000000000e+07,1.605237700000000000e+07,1.605237800000000000e+07,1.605237900000000000e+07,1.605238000000000000e+07,1.605238100000000000e+07,1.605238200000000000e+07,1.605238300000000000e+07,1.605238400000000000e+07,1.605238500000000000e+07,1.605238600000000000e+07,1.605238700000000000e+07,1.605238800000000000e+07,1.605238900000000000e+07,1.605239000000000000e+07,1.605239100000000000e+07,1.605239200000000000e+07,1.605239300000000000e+07,1.605239400000000000e+07,1.605239500000000000e+07,1.605239600000000000e+07,1.605239700000000000e+07,-2.147483648000000000e+09,-2.147483648000000000e+09,-2.147483648000000000e+09
-2.147483648000000000e+09,-2.147483648000000000e+09,-2.147483648000000000e+09,-2.147483648000000000e+09,-2.147483648000000000e+09,-2.147483648000000000e+09,-2.147483648000000000e+09,1.605955900000000000e+07,1.605956000000000000e+07,1.605956100000000000e+07,1.605956200000000000e+07,1.605956300000000000e+07,1.605956400000000000e+07,1.605956500000000000e+07,1.605956600000000000e+07,1.605956700000000000e+07,1.605956800000000000e+07,1.605956900000000000e+07,1.605957000000000000e+07,1.605957100000000000e+07,1.605957200000000000e+07,1.605957300000000000e+07,1.605957400000000000e+07,1.605957500000000000e+07,1.605957600000000000e+07,1.605957700000000000e+07,1.605957800000000000e+07,1.605957900000000000e+07,1.605958000000000000e+07,1.605958100000000000e+07,1.605958200000000000e+07,1.605958300000000000e+07,1.605958400000000000e+07,1.605958500000000000e+07,1.605958600000000000e+07,1.605958700000000000e+07,1.605958800000000000e+07,1.605958900000000000e+07,1.605959000000000000e+07,1.605959100000000000e+07,1.605959200000000000e+07,1.605959300000000000e+07,1.605959400000000000e+07,1.605959500000000000e+07,1.605959600000000000e+07,-2.147483648000000000e+09,-2.147483648000000000e+09,-2.147483648000000000e+09,-2.147483648000000000e+09
-2.147483648000000000e+09,-2.147483648000000000e+09,-2.147483648000000000e+09,-2.147483648000000000e+09,-2.147483648000000000e+09,-2.147483648000000000e+09,-2.147483648000000000e+09,-2.147483648000000000e+09,1.606676000000000000e+07,1.606676100000000000e+07,1.606676200000000000e+07,1.606676300000000000e+07,1.606676400000000000e+07,1.606676500000000000e+07,1.606676600000000000e+07,1.606676700000000000e+07,1.606676800000000000e+07,1.606676900000000000e+07,1.606677000000000000e+07,1.606677100000000000e+07,1.606677200000000000e+07,1.606677300000000000e+07,1.606677400000000000e+07,1.606677500000000000e+07,1.606677600000000000e+07,1.606677700000000000e+07,1.606677800000000000e+07,1.606677900000000000e+07,1.606678000000000000e+07,1.606678100000000000e+07,1.606678200000000000e+07,1.606678300000000000e+07,1.606678400000000000e+07,1.606678500000000000e+07,1.606678600000000000e+07,1.606678700000000000e+07,1.606678800000000000e+07,1.606678900000000000e+07,1.606679000000000000e+07,1.606679100000000000e+07,1.606679200000000000e+07,1.606679300000000000e+07,1.606679400000000000e+07,1.606679500000000000e+07,1.606679600000000000e+07,-2.147483648000000000e+09,-2.147483648000000000e+09,-2.147483648000000000e+09,-2.147483648000000000e+09
-2.147483648000000000e+09,-2.147483648000000000e+09,-2.147483648000000000e+09,-2.147483648000000000e+09,-2.147483648000000000e+09,-2.147483648000000000e+09,-2.147483648000000000e+09,1.607395900000000000e+07,1.607396000000000000e+07,1.607396100000000000e+07,1.607396200000000000e+07,1.607396300000000000e+07,1.607396400000000000e+07,1.607396500000000000e+07,1.607396600000000000e+07,1.607396700000000000e+07,1.607396800000000000e+07,1.607396900000000000e+07,1.607397000000000000e+07,1.607397100000000000e+07,1.607397200000000000e+07,1.607397300000000000e+07,1.607397400000000000e+07,1.607397500000000000e+07,1.607397600000000000e+07,1.607397700000000000e+07,1.607397800000000000e+07,1.607397900000000000e+07,1.607398000000000000e+07,1.607398100000000000e+07,1.607398200000000000e+07,1.607398300000000000e+07,1.607398400000000000e+07,1.607398500000000000e+07,1.607398600000000000e+07,1.607398700000000000e+07,1.607398800000000000e+07,1.607398900000000000e+07,1.607399000000000000e+07,1.607399100000000000e+07,1.607399200000000000e+07,1.607399300000000000e+07,1.607399400000000000e+07,1.607399500000000000e+07,1.607399600000000000e+07,-2.147483648000000000e+09,-2.147483648000000000e+09,-2.147483648000000000e+09,-2.147483648000000000e+09
-2.147483648000000000e+09,-2.147483648000000000e+09,-2.147483648000000000e+09,-2.147483648000000000e+09,-2.147483648000000000e+09,1.608115700000000000e+07,1.608115800000000000e+07,1.608115900000000000e+07,1.608116000000000000e+07,1.608116100000000000e+07,1.608116200000000000e+07,1.608116300000000000e+07,1.608116400000000000e+07,1.608116500000000000e+07,1.608116600000000000e+07,1.608116700000000000e+07,1.608116800000000000e+07,1.608116900000000000e+07,1.608117000000000000e+07,1.608117100000000000e+07,1.608117200000000000e+07,1.608117300000000000e+07,1.608117400000000000e+07,1.608117500000000000e+07,1.608117600000000000e+07,1.608117700000000000e+07,1.608117800000000000e+07,1.608117900000000000e+07,1.608118000000000000e+07,1.608118100000000000e+07,1.608118200000000000e+07,1.608118300000000000e+07,1.608118400000000000e+07,1.608118500000000000e+07,1.608118600000000000e+07,1.608118700000000000e+07,1.608118800000000000e+07,1.608118900000000000e+07,1.608119000000000000e+07,1.608119100000000000e+07,1.608119200000000000e+07,1.608119300000000000e+07,1.608119400000000000e+07,1.608119500000000000e+07,-2.147483648000000000e+09,-2.147483648000000000e+09,-2.147483648000000000e+09,-2.147483648000000000e+09,-2.147483648000000000e+09
-2.147483648000000000e+09,-2.147483648000000000e+09,-2.147483648000000000e+09,-2.147483648000000000e+09,-2.147483648000000000e+09,-2.147483648000000000e+09,1.608835800000000000e+07,1.608835900000000000e+07,1.608836000000000000e+07,1.608836100000000000e+07,1.608836200000000000e+07,1.608836300000000000e+07,1.608836400000000000e+07,1.608836500000000000e+07,1.608836600000000000e+07,1.608836700000000000e+07,1.608836800000000000e+07,1.608836900000000000e+07,1.608837000000000000e+07,1.608837100000000000e+07,1.608837200000000000e+07,1.608837300000000000e+07,1.608837400000000000e+07,1.608837500000000000e+07,1.608837600000000000e+07,1.608837700000000000e+07,1.608837800000000000e+07,1.608837900000000000e+07,1.608838000000000000e+07,1.608838100000000000e+07,1.608838200000000000e+07,1.608838300000000000e+07,1.608838400000000000e+07,1.608838500000000000e+07,1.608838600000000000e+07,1.608838700000000000e+07,1.608838800000000000e+07,1.608838900000000000e+07,1.608839000000000000e+07,1.608839100000000000e+07,1.608839200000000000e+07,1.608839300000000000e+07,1.608839400000000000e+07,-2.147483648000000000e+09,-2.147483648000000000e+09,-2.147483648000000000e+09,-2.147483648000000000e+09,-2.147483648000000000e+09,-2.147483648000000000e+09
-2.147483648000000000e+09,-2.147483648000000000e+09,-2.147483648000000000e+09,-2.147483648000000000e+09,-2.147483648000000000e+09,1.609555700000000000e+07,1.609555800000000000e+07,1.609555900000000000e+07,1.609556000000000000e+07,1.609556100000000000e+07,1.609556200000000000e+07,1.609556300000000000e+07,1.609556400000000000e+07,1.609556500000000000e+07,1.609556600000000000e+07,1.609556700000000000e+07,1.609556800000000000e+07,1.609556900000000000e+07,1.609557000000000000e+07,1.609557100000000000e+07,1.609557200000000000e+07,1.609557300000000000e+07,1.609557400000000000e+07,1.609557500000000000e+07,1.609557600000000000e+07,1.609557700000000000e+07,1.609557800000000000e+07,1.609557900000000000e+07,1.609558000000000000e+07,1.609558100000000000e+07,1.609558200000000000e+07,1.609558300000000000e+07,1.609558400000000000e+07,1.609558500000000000e+07,1.609558600000000000e+07,1.609558700000000000e+07,1.609558800000000000e+07,1.609558900000000000e+07,1.609559000000000000e+07,1.609559100000000000e+07,1.609559200000000000e+07,1.609559300000000000e+07,1.609559400000000000e+07,-2.147483648000000000e+09,-2.147483648000000000e+09,-2.147483648000000000e+09,-2.147483648000000000e+09,-2.147483648000000000e+09,-2.147483648000000000e+09
-2.147483648000000000e+09,-2.147483648000000000e+09,-2.147483648000000000e+09,-2.147483648000000000e+09,-2.147483648000000000e+09,-2.147483648000000000e+09,1.610275800000000000e+07,1.610275900000000000e+07,1.610276000000000000e+07,1.610276100000000000e+07,1.610276200000000000e+07,1.610276300000000000e+07,1.610276400000000000e+07,1.610276500000000000e+07,1.610276600000000000e+07,1.610276700000000000e+07,1.610276800000000000e+07,1.610276900000000000e+07,1.610277000000000000e+07,1.610277100000000000e+07,1.610277200000000000e+07,1.610277300000000000e+07,1.610277400000000000e+07,1.610277500000000000e+07,1.610277600000000000e+07,1.610277700000000000e+07,1.610277800000000000e+07,1.610277900000000000e+07,1.610278000000000000e+07,1.610278100000000000e+07,1.610278200000000000e+07,1.610278300000000000e+07,1.610278400000000000e+07,1.610278500000000000e+07,1.610278600000000000e+07,1.610278700000000000e+07,1.610278800000000000e+07,1.610278900000000000e+07,1.610279000000000000e+07,1.610279100000000000e+07,1.610279200000000000e+07,1.610279300000000000e+07,-2.147483648000000000e+09,-2.147483648000000000e+09,-2.147483648000000000e+09,-2.147483648000000000e+09,-2.147483648000000000e+09,-2.147483648000000000e+09,-2.147483648000000000e+09
-2.147483648000000000e+09,-2.147483648000000000e+09,-2.147483648000000000e+09,-2.147483648000000000e+09,-2.147483648000000000e+09,1.610995700000000000e+07,1.610995800000000000e+07,1.610995900000000000e+07,1.610996000000000000e+07,1.610996100000000000e+07,1.610996200000000000e+07,1.610996300000000000e+07,1.610996400000000000e+07,1.610996500000000000e+07,1.610996600000000000e+07,1.610996700000000000e+07,1.610996800000000000e+07,1.610996900000000000e+07,1.610997000000000000e+07,1.610997100000000000e+07,1.610997200000000000e+07,1.610997300000000000e+07,1.610997400000000000e+07,1.610997500000000000e+07,1.610997600000000000e+07,1.610997700000000000e+07,1.610997800000000000e+07,1.610997900000000000e+07,1.610998000000000000e+07,1.610998100000000000e+07,1.610998200000000000e+07,1.610998300000000000e+07,1.610998400000000000e+07,1.610998500000000000e+07,1.610998600000000000e+07,1.610998700000000000e+07,1.610998800000000000e+07,1.610998900000000000e+07,1.610999000000000000e+07,1.610999100000000000e+07,1.610999200000000000e+07,1.610999300000000000e+07,-2.147483648000000000e+09,-2.147483648000000000e+09,-2.147483648000000000e+09,-2.147483648000000000e+09,-2.147483648000000000e+09,-2.147483648000000000e+09,-2.147483648000000000e+09
-2.147483648000000000e+09,-2.147483648000000000e+09,-2.147483648000000000e+09,-2.147483648000000000e+09,1.611715600000000000e+07,1.611715700000000000e+07,1.611715800000000000e+07,1.611715900000000000e+07,1.611716000000000000e+07,1.611716100000000000e+07,1.611716200000000000e+07,1.611716300000000000e+07,1.611716400000000000e+07,1.611716500000000000e+07,1.611716600000000000e+07,1.611716700000000000e+07,1.611716800000000000e+07,1.611716900000000000e+07,1.611717000000000000e+07,1.611717100000000000e+07,1.611717200000000000e+07,1.611717300000000000e+07,1.611717400000000000e+07,1.611717500000000000e+07,1.611717600000000000e+07,1.611717700000000000e+07,1.611717800000000000e+07,1.611717900000000000e+07,1.611718000000000000e+07,1.611718100000000000e+07,1.611718200000000000e+07,1.611718300000000000e+07,1.611718400000000000e+07,1.611718500000000000e+07,1.611718600000000000e+07,1.611718700000000000e+07,1.611718800000000000e+07,1.611718900000000000e+07,1.611719000000000000e+07,1.611719100000000000e+07,1.611719200000000000e+07,-2.147483648000000000e+09,-2.147483648000000000e+09,-2.147483648000000000e+09,-2.147483648000000000e+09,-2.147483648000000000e+09,-2.147483648000000000e+09,-2.147483648000000000e+09,-2.147483648000000000e+09
-2.147483648000000000e+09,-2.147483648000000000e+09,-2.147483648000000000e+09,-2.147483648000000000e+09,1.612435600000000000e+07,1.612435700000000000e+07,1.612435800000000000e+07,1.612435900000000000e+07,1.612436000000000000e+07,1.612436100000000000e+07,1.612436200000000000e+07,1.612436300000000000e+07,1.612436400000000000e+07,1.612436500000000000e+07,1.612436600000000000e+07,1.612436700000000000e+07,1.612436800000000000e+07,1.612436900000000000e+07,1.612437000000000000e+07,1.612437100000000000e+07,1.612437200000000000e+07,1.612437300000000000e+07,1.612437400000000000e+07,1.612437500000000000e+07,1.612437600000000000e+07,1.612437700000000000e+07,1.612437800000000000e+07,1.612437900000000000e+07,1.612438000000000000e+07,1.612438100000000000e+07,1.612438200000000000e+07,1.612438300000000000e+07,1.612438400000000000e+07,1.612438500000000000e+07,1.612438600000000000e+07,1.612438700000000000e+07,1.612438800000000000e+07,1.612438900000000000e+07,1.612439000000000000e+07,1.612439100000000000e+07,1.612439200000000000e+07,-2.147483648000000000e+09,-2.147483648000000000e+09,-2.147483648000000000e+09,-2.147483648000000000e+09,-2.147483648000000000e+09,-2.147483648000000000e+09,-2.147483648000000000e+09,-2.147483648000000000e+09
-2.147483648000000000e+09,-2.147483648000000000e+09,-2.147483648000000000e+09,1.613155500000000000e+07,1.613155600000000000e+07,1.613155700000000000e+07,1.613155800000000000e+07,1.613155900000000000e+07,1.613156000000000000e+07,1.613156100000000000e+07,1.613156200000000000e+07,1.613156300000000000e+07,1.613156400000000000e+07,1.613156500000000000e+07,1.613156600000000000e+07,1.613156700000000000e+07,1.613156800000000000e+07,1.613156900000000000e+07,1.613157000000000000e+07,1.613157100000000000e+07,1.613157200000000000e+07,1.613157300000000000e+07,1.613157400000000000e+07,1.613157500000000000e+07,1.613157600000000000e+07,1.613157700000000000e+07,1.613157800000000000e+07,1.613157900000000000e+07,1.613158000000000000e+07,1.613158100000000000e+07,1.613158200000000000e+07,1.613158300000000000e+07,1.613158400000000000e+07,1.613158500000000000e+07,1.613158600000000000e+07,1.613158700000000000e+07,1.613158800000000000e+07,1.613158900000000000e+07,1.613159000000000000e+07,1.613159100000000000e+07,1.613159200000000000e+07,-2.147483648000000000e+09,-2.147483648000000000e+09,-2.147483648000000000e+09,-2.147483648000000000e+09,-2.147483648000000000e+09,-2.147483648000000000e+09,-2.147483648000000000e+09,-2.147483648000000000e+09
-2.147483648000000000e+09,-2.147483648000000000e+09,1.613875400000000000e+07,1.613875500000000000e+07,1.613875600000000000e+07,1.613875700000000000e+07,1.613875800000000000e+07,1.613875900000000000e+07,1.613876000000000000e+07,1.613876100000000000e+07,1.613876200000000000e+07,1.613876300000000000e+07,1.613876400000000000e+07,1.613876500000000000e+07,1.613876600000000000e+07,1.613876700000000000e+07,1.613876800000000000e+07,1.613876900000000000e+07,1.613877000000000000e+07,1.613877100000000000e+07,1.613877200000000000e+07,1.613877300000000000e+07,1.613877400000000000e+07,1.613877500000000000e+07,1.613877600000000000e+07,1.613877700000000000e+07,1.613877800000000000e+07,1.613877900000000000e+07,1.613878000000000000e+07,1.613878100000000000e+07,1.613878200000000000e+07,1.613878300000000000e+07,1.613878400000000000e+07,1.613878500000000000e+07,1.613878600000000000e+07,1.613878700000000000e+07,1.613878800000000000e+07,1.613878900000000000e+07,1.613879000000000000e+07,1.613879100000000000e+07,1.613879200000000000e+07,-2.147483648000000000e+09,-2.147483648000000000e+09,-2.147483648000000000e+09,-2.147483648000000000e+09,-2.147483648000000000e+09,-2.147483648000000000e+09,-2.147483648000000000e+09,-2.147483648000000000e+09
-2.147483648000000000e+09,1.614595300000000000e+07,1.614595400000000000e+07,1.614595500000000000e+07,1.614595600000000000e+07,1.614595700000000000e+07,1.614595800000000000e+07,1.614595900000000000e+07,1.614596000000000000e+07,1.614596100000000000e+07,1.614596200000000000e+07,1.614596300000000000e+07,1.614596400000000000e+07,1.614596500000000000e+07,1.614596600000000000e+07,1.614596700000000000e+07,1.614596800000000000e+07,1.614596900000000000e+07,1.614597000000000000e+07,1.614597100000000000e+07,1.614597200000000000e+07,1.614597300000000000e+07,1.614597400000000000e+07,1.614597500000000000e+07,1.614597600000000000e+07,1.614597700000000000e+07,1.614597800000000000e+07,1.614597900000000000e+07,1.614598000000000000e+07,1.614598100000000000e+07,1.614598200000000000e+07,1.614598300000000000e+07,1.614598400000000000e+07,1.614598500000000000e+07,1.614598600000000000e+07,1.614598700000000000e+07,1.614598800000000000e+07,1.614598900000000000e+07,1.614599000000000000e+07,1.614599100000000000e+07,1.614599200000000000e+07,-2.147483648000000000e+09,-2.147483648000000000e+09,-2.147483648000000000e+09,-2.147483648000000000e+09,-2.147483648000000000e+09,-2.147483648000000000e+09,-2.147483648000000000e+09,-2.147483648000000000e+09
-2.147483648000000000e+09,1.615315300000000000e+07,1.615315400000000000e+07,1.615315500000000000e+07,1.615315600000000000e+07,1.615315700000000000e+07,1.615315800000000000e+07,1.615315900000000000e+07,1.615316000000000000e+07,1.615316100000000000e+07,1.615316200000000000e+07,1.615316300000000000e+07,1.615316400000000000e+07,1.615316500000000000e+07,1.615316600000000000e+07,1.615316700000000000e+07,1.615316800000000000e+07,1.615316900000000000e+07,1.615317000000000000e+07,1.615317100000000000e+07,1.615317200000000000e+07,1.615317300000000000e+07,1.615317400000000000e+07,1.615317500000000000e+07,1.615317600000000000e+07,1.615317700000000000e+07,1.615317800000000000e+07,1.615317900000000000e+07,1.615318000000000000e+07,1.615318100000000000e+07,1.615318200000000000e+07,1.615318300000000000e+07,1.615318400000000000e+07,1.615318500000000000e+07,1.615318600000000000e+07,1.615318700000000000e+07,1.615318800000000000e+07,1.615318900000000000e+07,1.615319000000000000e+07,1.615319100000000000e+07,1.615319200000000000e+07,1.615319300000000000e+07,-2.147483648000000000e+09,-2.147483648000000000e+09,-2.147483648000000000e+09,-2.147483648000000000e+09,-2.147483648000000000e+09,-2.147483648000000000e+09,-2.147483648000000000e+09
1.616035200000000000e+07,1.616035300000000000e+07,1.616035400000000000e+07,1.616035500000000000e+07,1.616035600000000000e+07,1.616035700000000000e+07,1.616035800000000000e+07,1.616035900000000000e+07,1.616036000000000000e+07,1.616036100000000000e+07,1.616036200000000000e+07,1.616036300000000000e+07,1.616036400000000000e+07,1.616036500000000000e+07,1.616036600000000000e+07,1.616036700000000000e+07,1.616036800000000000e+07,1.616036900000000000e+07,1.616037000000000000e+07,1.616037100000000000e+07,1.616037200000000000e+07,1.616037300000000000e+07,1.616037400000000000e+07,1.616037500000000000e+07,1.616037600000000000e+07,1.616037700000000000e+07,1.616037800000000000e+07,1.616037900000000000e+07,1.616038000000000000e+07,1.616038100000000000e+07,1.616038200000000000e+07,1.616038300000000000e+07,1.616038400000000000e+07,1.616038500000000000e+07,1.616038600000000000e+07,1.616038700000000000e+07,1.616038800000000000e+07,1.616038900000000000e+07,1.616039000000000000e+07,1.616039100000000000e+07,1.616039200000000000e+07,-2.147483648000000000e+09,-2.147483648000000000e+09,-2.147483648000000000e+09,-2.147483648000000000e+09,-2.147483648000000000e+09,-2.147483648000000000e+09,-2.147483648000000000e+09,-2.147483648000000000e+09
-2.147483648000000000e+09,1.616755300000000000e+07,1.616755400000000000e+07,1.616755500000000000e+07,1.616755600000000000e+07,1.616755700000000000e+07,1.616755800000000000e+07,1.616755900000000000e+07,1.616756000000000000e+07,1.616756100000000000e+07,1.616756200000000000e+07,1.616756300000000000e+07,1.616756400000000000e+07,1.616756500000000000e+07,1.616756600000000000e+07,1.616756700000000000e+07,1.616756800000000000e+07,1.616756900000000000e+07,1.616757000000000000e+07,1.616757100000000000e+07,1.616757200000000000e+07,1.616757300000000000e+07,1.616757400000000000e+07,1.616757500000000000e+07,1.616757600000000000e+07,1.616757700000000000e+07,1.616757800000000000e+07,1.616757900000000000e+07,1.616758000000000000e+07,1.616758100000000000e+07,1.616758200000000000e+07,1.616758300000000000e+07,1.616758400000000000e+07,1.616758500000000000e+07,1.616758600000000000e+07,1.616758700000000000e+07,1.616758800000000000e+07,1.616758900000000000e+07,1.616759000000000000e+07,1.616759100000000000e+07,-2.147483648000000000e+09,-2.147483648000000000e+09,-2.147483648000000000e+09,-2.147483648000000000e+09,-2.147483648000000000e+09,-2.147483648000000000e+09,-2.147483648000000000e+09,-2.147483648000000000e+09,-2.147483648000000000e+09
-2.147483648000000000e+09,1.617475300000000000e+07,1.617475400000000000e+07,1.617475500000000000e+07,1.617475600000000000e+07,1.617475700000000000e+07,1.617475800000000000e+07,1.617475900000000000e+07,1.617476000000000000e+07,1.617476100000000000e+07,1.617476200000000000e+07,1.617476300000000000e+07,1.617476400000000000e+07,1.617476500000000000e+07,1.617476600000000000e+07,1.617476700000000000e+07,1.617476800000000000e+07,1.617476900000000000e+07,1.617477000000000000e+07,1.617477100000000000e+07,1.617477200000000000e+07,1.617477300000000000e+07,1.617477400000000000e+07,1.617477500000000000e+07,1.617477600000000000e+07,1.617477700000000000e+07,1.617477800000000000e+07,1.617477900000000000e+07,1.617478000000000000e+07,1.617478100000000000e+07,1.617478200000000000e+07,1.617478300000000000e+07,1.617478400000000000e+07,1.617478500000000000e+07,1.617478600000000000e+07,1.617478700000000000e+07,1.617478800000000000e+07,1.617478900000000000e+07,-2.147483648000000000e+09,-2.147483648000000000e+09,-2.147483648000000000e+09,-2.147483648000000000e+09,-2.147483648000000000e+09,-2.147483648000000000e+09,-2.147483648000000000e+09,-2.147483648000000000e+09,-2.147483648000000000e+09,-2.147483648000000000e+09,-2.147483648000000000e+09
1.618195200000000000e+07,1.618195300000000000e+07,1.618195400000000000e+07,1.618195500000000000e+07,1.618195600000000000e+07,1.618195700000000000e+07,1.618195800000000000e+07,1.618195900000000000e+07,1.618196000000000000e+07,1.618196100000000000e+07,1.618196200000000000e+07,1.618196300000000000e+07,1.618196400000000000e+07,1.618196500000000000e+07,1.618196600000000000e+07,1.618196700000000000e+07,1.618196800000000000e+07,1.618196900000000000e+07,1.618197000000000000e+07,1.618197100000000000e+07,1.618197200000000000e+07,1.618197300000000000e+07,1.618197400000000000e+07,1.618197500000000000e+07,1.618197600000000000e+07,1.618197700000000000e+07,1.618197800000000000e+07,1.618197900000000000e+07,-2.147483648000000000e+09,1.618198100000000000e+07,-2.147483648000000000e+09,1.618198300000000000e+07,-2.147483648000000000e+09,1.618198500000000000e+07,-2.147483648000000000e+09,-2.147483648000000000e+09,-2.147483648000000000e+09,-2.147483648000000000e+09,-2.147483648000000000e+09,-2.147483648000000000e+09,-2.147483648000000000e+09,-2.147483648000000000e+09,-2.147483648000000000e+09,-2.147483648000000000e+09,-2.147483648000000000e+09,-2.147483648000000000e+09,-2.147483648000000000e+09,-2.147483648000000000e+09,-2.147483648000000000e+09
1.618915200000000000e+07,1.618915300000000000e+07,1.618915400000000000e+07,1.618915500000000000e+07,1.618915600000000000e+07,1.618915700000000000e+07,1.618915800000000000e+07,1.618915900000000000e+07,1.618916000000000000e+07,1.618916100000000000e+07,1.618916200000000000e+07,1.618916300000000000e+07,1.618916400000000000e+07,1.618916500000000000e+07,1.618916600000000000e+07,1.618916700000000000e+07,1.618916800000000000e+07,1.618916900000000000e+07,1.618917000000000000e+07,1.618917100000000000e+07,1.618917200000000000e+07,1.618917300000000000e+07,1.618917400000000000e+07,1.618917500000000000e+07,1.618917600000000000e+07,-2.147483648000000000e+09,-2.147483648000000000e+09,-2.147483648000000000e+09,-2.147483648000000000e+09,-2.147483648000000000e+09,-2.147483648000000000e+09,-2.147483648000000000e+09,-2.147483648000000000e+09,-2.147483648000000000e+09,-2.147483648000000000e+09,-2.147483648000000000e+09,-2.147483648000000000e+09,-2.147483648000000000e+09,-2.147483648000000000e+09,-2.147483648000000000e+09,-2.147483648000000000e+09,-2.147483648000000000e+09,-2.147483648000000000e+09,-2.147483648000000000e+09,-2.147483648000000000e+09,-2.147483648000000000e+09,-2.147483648000000000e+09,-2.147483648000000000e+09,-2.147483648000000000e+09
-2.147483648000000000e+09,1.619635300000000000e+07,1.619635400000000000e+07,1.619635500000000000e+07,1.619635600000000000e+07,1.619635700000000000e+07,1.619635800000000000e+07,1.619635900000000000e+07,1.619636000000000000e+07,1.619636100000000000e+07,1.619636200000000000e+07,1.619636300000000000e+07,1.619636400000000000e+07,1.619636500000000000e+07,1.619636600000000000e+07,1.619636700000000000e+07,1.619636800000000000e+07,1.619636900000000000e+07,1.619637000000000000e+07,1.619637100000000000e+07,1.619637200000000000e+07,1.619637300000000000e+07,-2.147483648000000000e+09,1.619637500000000000e+07,-2.147483648000000000e+09,-2.147483648000000000e+09,-2.147483648000000000e+09,-2.147483648000000000e+09,-2.147483648000000000e+09,-2.147483648000000000e+09,-2.147483648000000000e+09,-2.147483648000000000e+09,-2.147483648000000000e+09,-2.147483648000000000e+09,-2.147483648000000000e+09,-2.147483648000000000e+09,-2.147483648000000000e+09,-2.147483648000000000e+09,-2.147483648000000000e+09,-2.147483648000000000e+09,-2.147483648000000000e+09,-2.147483648000000000e+09,-2.147483648000000000e+09,-2.147483648000000000e+09,-2.147483648000000000e+09,-2.147483648000000000e+09,-2.147483648000000000e+09,-2.147483648000000000e+09,-2.147483648000000000e+09
-2.147483648000000000e+09,1.620355300000000000e+07,1.620355400000000000e+07,1.620355500000000000e+07,1.620355600000000000e+07,1.620355700000000000e+07,1.620355800000000000e+07,1.620355900000000000e+07,1.620356000000000000e+07,1.620356100000000000e+07,1.620356200000000000e+07,1.620356300000000000e+07,1.620356400000000000e+07,1.620356500000000000e+07,1.620356600000000000e+07,1.620356700000000000e+07,1.620356800000000000e+07,1.620356900000000000e+07,1.620357000000000000e+07,1.620357100000000000e+07,1.620357200000000000e+07,-2.147483648000000000e+09,-2.147483648000000000e+09,-2.147483648000000000e+09,-2.147483648000000000e+09,-2.147483648000000000e+09,-2.147483648000000000e+09,-2.147483648000000000e+09,-2.147483648000000000e+09,-2.147483648000000000e+09,-2.147483648000000000e+09,-2.147483648000000000e+09,-2.147483648000000000e+09,-2.147483648000000000e+09,-2.147483648000000000e+09,-2.147483648000000000e+09,-2.147483648000000000e+09,-2.147483648000000000e+09,-2.147483648000000000e+09,-2.147483648000000000e+09,-2.147483648000000000e+09,-2.147483648000000000e+09,-2.147483648000000000e+09,-2.147483648000000000e+09,-2.147483648000000000e+09,-2.147483648000000000e+09,-2.147483648000000000e+09,-2.147483648000000000e+09,-2.147483648000000000e+09
-2.147483648000000000e+09,1.621075300000000000e+07,1.621075400000000000e+07,1.621075500000000000e+07,1.621075600000000000e+07,1.621075700000000000e+07,1.621075800000000000e+07,1.621075900000000000e+07,1.621076000000000000e+07,1.621076100000000000e+07,1.621076200000000000e+07,1.621076300000000000e+07,1.621076400000000000e+07,1.621076500000000000e+07,1.621076600000000000e+07,1.621076700000000000e+07,1.621076800000000000e+07,1.621076900000000000e+07,1.621077000000000000e+07,1.621077100000000000e+07,-2.147483648000000000e+09,-2.147483648000000000e+09,-2.147483648000000000e+09,-2.147483648000000000e+09,-2.147483648000000000e+09,-2.147483648000000000e+09,-2.147483648000000000e+09,-2.147483648000000000e+09,-2.147483648000000000e+09,-2.147483648000000000e+09,-2.147483648000000000e+09,-2.147483648000000000e+09,-2.147483648000000000e+09,-2.147483648000000000e+09,-2.147483648000000000e+09,-2.147483648000000000e+09,-2.147483648000000000e+09,-2.147483648000000000e+09,-2.147483648000000000e+09,-2.147483648000000000e+09,-2.147483648000000000e+09,-2.147483648000000000e+09,-2.147483648000000000e+09,-2.147483648000000000e+09,-2.147483648000000000e+09,-2.147483648000000000e+09,-2.147483648000000000e+09,-2.147483648000000000e+09,-2.147483648000000000e+09
-2.147483648000000000e+09,-2.147483648000000000e+09,1.621795400000000000e+07,1.621795500000000000e+07,1.621795600000000000e+07,1.621795700000000000e+07,1.621795800000000000e+07,1.621795900000000000e+07,1.621796000000000000e+07,1.621796100000000000e+07,1.621796200000000000e+07,1.621796300000000000e+07,1.621796400000000000e+07,1.621796500000000000e+07,1.621796600000000000e+07,1.621796700000000000e+07,1.621796800000000000e+07,1.621796900000000000e+07,1.621797000000000000e+07,-2.147483648000000000e+09,-2.147483648000000000e+09,-2.147483648000000000e+09,-2.147483648000000000e+09,-2.147483648000000000e+09,-2.147483648000000000e+09,-2.147483648000000000e+09,-2.147483648000000000e+09,-2.147483648000000000e+09,-2.147483648000000000e+09,-2.147483648000000000e+09,-2.147483648000000000e+09,-2.147483648000000000e+09,-2.147483648000000000e+09,-2.147483648000000000e+09,-2.147483648000000000e+09,-2.147483648000000000e+09,-2.147483648000000000e+09,-2.147483648000000000e+09,-2.147483648000000000e+09,-2.147483648000000000e+09,-2.147483648000000000e+09,-2.147483648000000000e+09,-2.147483648000000000e+09,-2.147483648000000000e+09,-2.147483648000000000e+09,-2.147483648000000000e+09,-2.147483648000000000e+09,-2.147483648000000000e+09,-2.147483648000000000e+09
-2.147483648000000000e+09,-2.147483648000000000e+09,-2.147483648000000000e+09,-2.147483648000000000e+09,-2.147483648000000000e+09,1.622515700000000000e+07,1.622515800000000000e+07,1.622515900000000000e+07,1.622516000000000000e+07,1.622516100000000000e+07,1.622516200000000000e+07,1.622516300000000000e+07,1.622516400000000000e+07,1.622516500000000000e+07,1.622516600000000000e+07,1.622516700000000000e+07,1.622516800000000000e+07,1.622516900000000000e+07,-2.147483648000000000e+09,-2.147483648000000000e+09,-2.147483648000000000e+09,-2.147483648000000000e+09,-2.147483648000000000e+09,-2.147483648000000000e+09,-2.147483648000000000e+09,-2.147483648000000000e+09,-2.147483648000000000e+09,-2.147483648000000000e+09,-2.147483648000000000e+09,-2.147483648000000000e+09,-2.147483648000000000e+09,-2.147483648000000000e+09,-2.147483648000000000e+09,-2.147483648000000000e+09,-2.147483648000000000e+09,-2.147483648000000000e+09,-2.147483648000000000e+09,-2.147483648000000000e+09,-2.147483648000000000e+09,-2.147483648000000000e+09,-2.147483648000000000e+09,-2.147483648000000000e+09,-2.147483648000000000e+09,-2.147483648000000000e+09,-2.147483648000000000e+09,-2.147483648000000000e+09,-2.147483648000000000e+09,-2.147483648000000000e+09,-2.147483648000000000e+09
-2.147483648000000000e+09,-2.147483648000000000e+09,-2.147483648000000000e+09,-2.147483648000000000e+09,-2.147483648000000000e+09,-2.147483648000000000e+09,-2.147483648000000000e+09,-2.147483648000000000e+09,-2.147483648000000000e+09,-2.147483648000000000e+09,1.623236200000000000e+07,1.623236300000000000e+07,1.623236400000000000e+07,1.623236500000000000e+07,1.623236600000000000e+07,-2.147483648000000000e+09,-2.147483648000000000e+09,-2.147483648000000000e+09,-2.147483648000000000e+09,-2.147483648000000000e+09,-2.147483648000000000e+09,-2.147483648000000000e+09,-2.147483648000000000e+09,-2.147483648000000000e+09,-2.147483648000000000e+09,-2.147483648000000000e+09,-2.147483648000000000e+09,-2.147483648000000000e+09,-2.147483648000000000e+09,-2.147483648000000000e+09,-2.147483648000000000e+09,-2.147483648000000000e+09,-2.147483648000000000e+09,-2.147483648000000000e+09,-2.147483648000000000e+09,-2.147483648000000000e+09,-2.147483648000000000e+09,-2.147483648000000000e+09,-2.147483648000000000e+09,-2.147483648000000000e+09,-2.147483648000000000e+09,-2.147483648000000000e+09,-2.147483648000000000e+09,-2.147483648000000000e+09,-2.147483648000000000e+09,-2.147483648000000000e+09,-2.147483648000000000e+09,-2.147483648000000000e+09,-2.147483648000000000e+09
-2.147483648000000000e+09,-2.147483648000000000e+09,-2.147483648000000000e+09,-2.147483648000000000e+09,-2.147483648000000000e+09,-2.147483648000000000e+09,-2.147483648000000000e+09,-2.147483648000000000e+09,-2.147483648000000000e+09,-2.147483648000000000e+09,-2.147483648000000000e+09,-2.147483648000000000e+09,1.623956400000000000e+07,1.623956500000000000e+07,-2.147483648000000000e+09,-2.147483648000000000e+09,-2.147483648000000000e+09,-2.147483648000000000e+09,-2.147483648000000000e+09,-2.147483648000000000e+09,-2.147483648000000000e+09,-2.147483648000000000e+09,-2.147483648000000000e+09,-2.147483648000000000e+09,-2.147483648000000000e+09,-2.147483648000000000e+09,-2.147483648000000000e+09,-2.147483648000000000e+09,-2.147483648000000000e+09,-2.147483648000000000e+09,-2.147483648000000000e+09,-2.147483648000000000e+09,-2.147483648000000000e+09,-2.147483648000000000e+09,-2.147483648000000000e+09,-2.147483648000000000e+09,-2.147483648000000000e+09,-2.147483648000000000e+09,-2.147483648000000000e+09,-2.147483648000000000e+09,-2.147483648000000000e+09,-2.147483648000000000e+09,-2.147483648000000000e+09,-2.147483648000000000e+09,-2.147483648000000000e+09,-2.147483648000000000e+09,-2.147483648000000000e+09,-2.147483648000000000e+09,-2.147483648000000000e+09
