-2.147483648000000000e+09,-2.147483648000000000e+09,-2.147483648000000000e+09,-2.147483648000000000e+09,-2.147483648000000000e+09,-2.147483648000000000e+09,-2.147483648000000000e+09,-2.147483648000000000e+09,-2.147483648000000000e+09,-2.147483648000000000e+09,-2.147483648000000000e+09,-2.147483648000000000e+09,-2.147483648000000000e+09,-2.147483648000000000e+09,-2.147483648000000000e+09,-2.147483648000000000e+09,-2.147483648000000000e+09,-2.147483648000000000e+09,9.335448000000000000e+06,9.335449000000000000e+06,9.335450000000000000e+06,9.335451000000000000e+06,9.335452000000000000e+06,9.335452000000000000e+06,9.335453000000000000e+06,9.335454000000000000e+06,9.335455000000000000e+06,9.335456000000000000e+06,-2.147483648000000000e+09,-2.147483648000000000e+09,-2.147483648000000000e+09,-2.147483648000000000e+09,-2.147483648000000000e+09,-2.147483648000000000e+09,-2.147483648000000000e+09,-2.147483648000000000e+09,-2.147483648000000000e+09,-2.147483648000000000e+09,-2.147483648000000000e+09,-2.147483648000000000e+09,-2.147483648000000000e+09,-2.147483648000000000e+09,-2.147483648000000000e+09,-2.147483648000000000e+09,-2.147483648000000000e+09,-2.147483648000000000e+09,-2.147483648000000000e+09,-2.147483648000000000e+09,-2.147483648000000000e+09,-2.147483648000000000e+09,-2.147483648000000000e+09,-2.147483648000000000e+09,-2.147483648000000000e+09,-2.147483648000000000e+09,-2.147483648000000000e+09,-2.147483648000000000e+09,-2.147483648000000000e+09,-2.147483648000000000e+09,-2.147483648000000000e+09,-2.147483648000000000e+09,-2.147483648000000000e+09,-2.147483648000000000e+09,-2.147483648000000000e+09,-2.147483648000000000e+09,-2.147483648000000000e+09,-2.147483648000000000e+09,-2.147483648000000000e+09,-2.147483648000000000e+09,-2.147483648000000000e+09
-2.147483648000000000e+09,-2.147483648000000000e+09,-2.147483648000000000e+09,-2.147483648000000000e+09,-2.147483648000000000e+09,-2.147483648000000000e+09,-2.147483648000000000e+09,-2.147483648000000000e+09,-2.147483648000000000e+09,-2.147483648000000000e+09,-2.147483648000000000e+09,-2.147483648000000000e+09,-2.147483648000000000e+09,-2.147483648000000000e+09,-2.147483648000000000e+09,-2.147483648000000000e+09,-2.147483648000000000e+09,9.342647000000000000e+06,9.342648000000000000e+06,9.342649000000000000e+06,9.342650000000000000e+06,9.342651000000000000e+06,9.342652000000000000e+06,9.342652000000000000e+06,9.342653000000000000e+06,9.342654000000000000e+06,9.342655000000000000e+06,9.342656000000000000e+06,9.342657000000000000e+06,9.342658000000000000e+06,9.342659000000000000e+06,9.342660000000000000e+06,9.342661000000000000e+06,9.342662000000000000e+06,9.342663000000000000e+06,9.342664000000000000e+06,9.342665000000000000e+06,9.342666000000000000e+06,9.342667000000000000e+06,9.342668000000000000e+06,9.342669000000000000e+06,-2.147483648000000000e+09,-2.147483648000000000e+09,-2.147483648000000000e+09,-2.147483648000000000e+09,-2.147483648000000000e+09,-2.147483648000000000e+09,-2.147483648000000000e+09,-2.147483648000000000e+09,-2.147483648000000000e+09,-2.147483648000000000e+09,-2.147483648000000000e+09,-2.147483648000000000e+09,-2.147483648000000000e+09,-2.147483648000000000e+09,-2.147483648000000000e+09,-2.147483648000000000e+09,-2.147483648000000000e+09,-2.147483648000000000e+09,-2.147483648000000000e+09,-2.147483648000000000e+09,-2.147483648000000000e+09,-2.147483648000000000e+09,-2.147483648000000000e+09,-2.147483648000000000e+09,-2.147483648000000000e+09,-2.147483648000000000e+09,-2.147483648000000000e+09,-2.147483648000000000e+09
-2.147483648000000000e+09,-2.147483648000000000e+09,-2.147483648000000000e+09,-2.147483648000000000e+09,-2.147483648000000000e+09,-2.147483648000000000e+09,-2.147483648000000000e+09,-2.147483648000000000e+09,-2.147483648000000000e+09,-2.147483648000000000e+09,-2.147483648000000000e+09,-2.147483648000000000e+09,-2.147483648000000000e+09,-2.147483648000000000e+09,-2.147483648000000000e+09,-2.147483648000000000e+09,9.349846000000000000e+06,9.349847000000000000e+06,9.349848000000000000e+06,9.349849000000000000e+06,9.349850000000000000e+06,9.349851000000000000e+06,9.349852000000000000e+06,9.349852000000000000e+06,9.349853000000000000e+06,9.349854000000000000e+06,9.349855000000000000e+06,9.349856000000000000e+06,9.349857000000000000e+06,9.349858000000000000e+06,9.349859000000000000e+06,9.349860000000000000e+06,9.349861000000000000e+06,9.349862000000000000e+06,9.349863000000000000e+06,9.349864000000000000e+06,9.349865000000000000e+06,9.349866000000000000e+06,9.349867000000000000e+06,9.349868000000000000e+06,9.349869000000000000e+06,9.349870000000000000e+06,9.349871000000000000e+06,9.349872000000000000e+06,9.349873000000000000e+06,9.349874000000000000e+06,9.349875000000000000e+06,9.349876000000000000e+06,9.349877000000000000e+06,9.349878000000000000e+06,9.349879000000000000e+06,9.349880000000000000e+06,9.349881000000000000e+06,9.349882000000000000e+06,9.349883000000000000e+06,9.349884000000000000e+06,-2.147483648000000000e+09,-2.147483648000000000e+09,-2.147483648000000000e+09,-2.147483648000000000e+09,-2.147483648000000000e+09,-2.147483648000000000e+09,-2.147483648000000000e+09,-2.147483648000000000e+09,-2.147483648000000000e+09,-2.147483648000000000e+09,-2.147483648000000000e+09,-2.147483648000000000e+09,-2.147483648000000000e+09
-2.147483648000000000e+09,-2.147483648000000000e+09,-2.147483648000000000e+09,-2.147483648000000000e+09,-2.147483648000000000e+09,-2.147483648000000000e+09,-2.147483648000000000e+09,-2.147483648000000000e+09,-2.147483648000000000e+09,-2.147483648000000000e+09,-2.147483648000000000e+09,-2.147483648000000000e+09,-2.147483648000000000e+09,-2.147483648000000000e+09,-2.147483648000000000e+09,9.357045000000000000e+06,9.357046000000000000e+06,9.357047000000000000e+06,9.357048000000000000e+06,9.357049000000000000e+06,9.357050000000000000e+06,9.357051000000000000e+06,9.357052000000000000e+06,9.357052000000000000e+06,9.357053000000000000e+06,9.357054000000000000e+06,9.357055000000000000e+06,9.357056000000000000e+06,9.357057000000000000e+06,9.357058000000000000e+06,9.357059000000000000e+06,9.357060000000000000e+06,9.357061000000000000e+06,9.357062000000000000e+06,9.357063000000000000e+06,9.357064000000000000e+06,9.357065000000000000e+06,9.357066000000000000e+06,9.357067000000000000e+06,9.357068000000000000e+06,9.357069000000000000e+06,9.357070000000000000e+06,9.357071000000000000e+06,9.357072000000000000e+06,9.357073000000000000e+06,9.357074000000000000e+06,9.357075000000000000e+06,9.357076000000000000e+06,9.357077000000000000e+06,9.357078000000000000e+06,9.357079000000000000e+06,9.357080000000000000e+06,9.357081000000000000e+06,9.357082000000000000e+06,9.357083000000000000e+06,9.357084000000000000e+06,9.357085000000000000e+06,9.357086000000000000e+06,9.357087000000000000e+06,9.357088000000000000e+06,9.357089000000000000e+06,9.357090000000000000e+06,9.357091000000000000e+06,9.357092000000000000e+06,9.357093000000000000e+06,9.357094000000000000e+06,9.357095000000000000e+06,9.357096000000000000e+06,9.357097000000000000e+06
-2.147483648000000000e+09,-2.147483648000000000e+09,-2.147483648000000000e+09,-2.147483648000000000e+09,-2.147483648000000000e+09,-2.147483648000000000e+09,-2.147483648000000000e+09,-2.147483648000000000e+09,-2.147483648000000000e+09,-2.147483648000000000e+09,-2.147483648000000000e+09,-2.147483648000000000e+09,-2.147483648000000000e+09,-2.147483648000000000e+09,9.364244000000000000e+06,9.364245000000000000e+06,9.364246000000000000e+06,9.364247000000000000e+06,9.364248000000000000e+06,9.364249000000000000e+06,9.364250000000000000e+06,9.364251000000000000e+06,9.364252000000000000e+06,9.364252000000000000e+06,9.364253000000000000e+06,9.364254000000000000e+06,9.364255000000000000e+06,9.364256000000000000e+06,9.364257000000000000e+06,9.364258000000000000e+06,9.364259000000000000e+06,9.364260000000000000e+06,9.364261000000000000e+06,9.364262000000000000e+06,9.364263000000000000e+06,9.364264000000000000e+06,9.364265000000000000e+06,9.364266000000000000e+06,9.364267000000000000e+06,9.364268000000000000e+06,9.364269000000000000e+06,9.364270000000000000e+06,9.364271000000000000e+06,9.364272000000000000e+06,9.364273000000000000e+06,9.364274000000000000e+06,9.364275000000000000e+06,9.364276000000000000e+06,9.364277000000000000e+06,9.364278000000000000e+06,9.364279000000000000e+06,9.364280000000000000e+06,9.364281000000000000e+06,9.364282000000000000e+06,9.364283000000000000e+06,9.364284000000000000e+06,9.364285000000000000e+06,9.364286000000000000e+06,9.364287000000000000e+06,9.364288000000000000e+06,9.364289000000000000e+06,9.364290000000000000e+06,9.364291000000000000e+06,9.364292000000000000e+06,9.364293000000000000e+06,9.364294000000000000e+06,9.364295000000000000e+06,9.364296000000000000e+06,-2.147483648000000000e+09
-2.147483648000000000e+09,-2.147483648000000000e+09,-2.147483648000000000e+09,-2.147483648000000000e+09,-2.147483648000000000e+09,-2.147483648000000000e+09,-2.147483648000000000e+09,-2.147483648000000000e+09,-2.147483648000000000e+09,-2.147483648000000000e+09,-2.147483648000000000e+09,-2.147483648000000000e+09,-2.147483648000000000e+09,9.371443000000000000e+06,9.371444000000000000e+06,9.371445000000000000e+06,9.371446000000000000e+06,9.371447000000000000e+06,9.371448000000000000e+06,9.371449000000000000e+06,9.371450000000000000e+06,9.371451000000000000e+06,9.371452000000000000e+06,9.371452000000000000e+06,9.371453000000000000e+06,9.371454000000000000e+06,9.371455000000000000e+06,9.371456000000000000e+06,9.371457000000000000e+06,9.371458000000000000e+06,9.371459000000000000e+06,9.371460000000000000e+06,9.371461000000000000e+06,9.371462000000000000e+06,9.371463000000000000e+06,9.371464000000000000e+06,9.371465000000000000e+06,9.371466000000000000e+06,9.371467000000000000e+06,9.371468000000000000e+06,9.371469000000000000e+06,9.371470000000000000e+06,9.371471000000000000e+06,9.371472000000000000e+06,9.371473000000000000e+06,9.371474000000000000e+06,9.371475000000000000e+06,9.371476000000000000e+06,9.371477000000000000e+06,9.371478000000000000e+06,9.371479000000000000e+06,9.371480000000000000e+06,9.371481000000000000e+06,9.371482000000000000e+06,9.371483000000000000e+06,9.371484000000000000e+06,9.371485000000000000e+06,9.371486000000000000e+06,9.371487000000000000e+06,9.371488000000000000e+06,9.371489000000000000e+06,9.371490000000000000e+06,9.371491000000000000e+06,9.371492000000000000e+06,9.371493000000000000e+06,9.371494000000000000e+06,9.371495000000000000e+06,-2.147483648000000000e+09,-2.147483648000000000e+09
-2.147483648000000000e+09,-2.147483648000000000e+09,-2.147483648000000000e+09,-2.147483648000000000e+09,-2.147483648000000000e+09,-2.147483648000000000e+09,-2.147483648000000000e+09,-2.147483648000000000e+09,-2.147483648000000000e+09,-2.147483648000000000e+09,-2.147483648000000000e+09,-2.147483648000000000e+09,9.378642000000000000e+06,9.378643000000000000e+06,9.378644000000000000e+06,9.378645000000000000e+06,9.378646000000000000e+06,9.378647000000000000e+06,9.378648000000000000e+06,9.378649000000000000e+06,9.378650000000000000e+06,9.378651000000000000e+06,9.378652000000000000e+06,9.378652000000000000e+06,9.378653000000000000e+06,9.378654000000000000e+06,9.378655000000000000e+06,9.378656000000000000e+06,9.378657000000000000e+06,9.378658000000000000e+06,9.378659000000000000e+06,9.378660000000000000e+06,9.378661000000000000e+06,9.378662000000000000e+06,9.378663000000000000e+06,9.378664000000000000e+06,9.378665000000000000e+06,9.378666000000000000e+06,9.378667000000000000e+06,9.378668000000000000e+06,9.378669000000000000e+06,9.378670000000000000e+06,9.378671000000000000e+06,9.378672000000000000e+06,9.378673000000000000e+06,9.378674000000000000e+06,9.378675000000000000e+06,9.378676000000000000e+06,9.378677000000000000e+06,9.378678000000000000e+06,9.378679000000000000e+06,9.378680000000000000e+06,9.378681000000000000e+06,9.378682000000000000e+06,9.378683000000000000e+06,9.378684000000000000e+06,9.378685000000000000e+06,9.378686000000000000e+06,9.378687000000000000e+06,9.378688000000000000e+06,9.378689000000000000e+06,9.378690000000000000e+06,9.378691000000000000e+06,9.378692000000000000e+06,9.378693000000000000e+06,9.378694000000000000e+06,-2.147483648000000000e+09,-2.147483648000000000e+09,-2.147483648000000000e+09
-2.147483648000000000e+09,-2.147483648000000000e+09,-2.147483648000000000e+09,-2.147483648000000000e+09,-2.147483648000000000e+09,-2.147483648000000000e+09,-2.147483648000000000e+09,-2.147483648000000000e+09,-2.147483648000000000e+09,-2.147483648000000000e+09,-2.147483648000000000e+09,9.385841000000000000e+06,9.385842000000000000e+06,9.385843000000000000e+06,9.385844000000000000e+06,9.385845000000000000e+06,9.385846000000000000e+06,9.385847000000000000e+06,9.385848000000000000e+06,9.385849000000000000e+06,9.385850000000000000e+06,9.385851000000000000e+06,9.385852000000000000e+06,9.385852000000000000e+06,9.385853000000000000e+06,9.385854000000000000e+06,9.385855000000000000e+06,9.385856000000000000e+06,9.385857000000000000e+06,9.385858000000000000e+06,9.385859000000000000e+06,9.385860000000000000e+06,9.385861000000000000e+06,9.385862000000000000e+06,9.385863000000000000e+06,9.385864000000000000e+06,9.385865000000000000e+06,9.385866000000000000e+06,9.385867000000000000e+06,9.385868000000000000e+06,9.385869000000000000e+06,9.385870000000000000e+06,9.385871000000000000e+06,9.385872000000000000e+06,9.385873000000000000e+06,9.385874000000000000e+06,9.385875000000000000e+06,9.385876000000000000e+06,9.385877000000000000e+06,9.385878000000000000e+06,9.385879000000000000e+06,9.385880000000000000e+06,9.385881000000000000e+06,9.385882000000000000e+06,9.385883000000000000e+06,9.385884000000000000e+06,9.385885000000000000e+06,9.385886000000000000e+06,9.385887000000000000e+06,9.385888000000000000e+06,9.385889000000000000e+06,9.385890000000000000e+06,9.385891000000000000e+06,9.385892000000000000e+06,9.385893000000000000e+06,-2.147483648000000000e+09,-2.147483648000000000e+09,-2.147483648000000000e+09,-2.147483648000000000e+09
-2.147483648000000000e+09,-2.147483648000000000e+09,-2.147483648000000000e+09,-2.147483648000000000e+09,-2.147483648000000000e+09,-2.147483648000000000e+09,-2.147483648000000000e+09,-2.147483648000000000e+09,-2.147483648000000000e+09,-2.147483648000000000e+09,9.393040000000000000e+06,9.393041000000000000e+06,9.393042000000000000e+06,9.393043000000000000e+06,9.393044000000000000e+06,9.393045000000000000e+06,9.393046000000000000e+06,9.393047000000000000e+06,9.393048000000000000e+06,9.393049000000000000e+06,9.393050000000000000e+06,9.393051000000000000e+06,9.393052000000000000e+06,9.393052000000000000e+06,9.393053000000000000e+06,9.393054000000000000e+06,9.393055000000000000e+06,9.393056000000000000e+06,9.393057000000000000e+06,9.393058000000000000e+06,9.393059000000000000e+06,9.393060000000000000e+06,9.393061000000000000e+06,9.393062000000000000e+06,9.393063000000000000e+06,9.393064000000000000e+06,9.393065000000000000e+06,9.393066000000000000e+06,9.393067000000000000e+06,9.393068000000000000e+06,9.393069000000000000e+06,9.393070000000000000e+06,9.393071000000000000e+06,9.393072000000000000e+06,9.393073000000000000e+06,9.393074000000000000e+06,9.393075000000000000e+06,9.393076000000000000e+06,9.393077000000000000e+06,9.393078000000000000e+06,9.393079000000000000e+06,9.393080000000000000e+06,9.393081000000000000e+06,9.393082000000000000e+06,9.393083000000000000e+06,9.393084000000000000e+06,9.393085000000000000e+06,9.393086000000000000e+06,9.393087000000000000e+06,9.393088000000000000e+06,9.393089000000000000e+06,9.393090000000000000e+06,9.393091000000000000e+06,9.393092000000000000e+06,-2.147483648000000000e+09,-2.147483648000000000e+09,-2.147483648000000000e+09,-2.147483648000000000e+09,-2.147483648000000000e+09
-2.147483648000000000e+09,-2.147483648000000000e+09,-2.147483648000000000e+09,-2.147483648000000000e+09,-2.147483648000000000e+09,-2.147483648000000000e+09,-2.147483648000000000e+09,-2.147483648000000000e+09,9.400238000000000000e+06,9.400239000000000000e+06,9.400240000000000000e+06,9.400241000000000000e+06,9.400242000000000000e+06,9.400243000000000000e+06,9.400244000000000000e+06,9.400245000000000000e+06,9.400246000000000000e+06,9.400247000000000000e+06,9.400248000000000000e+06,9.400249000000000000e+06,9.400250000000000000e+06,9.400251000000000000e+06,9.400252000000000000e+06,9.400252000000000000e+06,9.400253000000000000e+06,9.400254000000000000e+06,9.400255000000000000e+06,9.400256000000000000e+06,9.400257000000000000e+06,9.400258000000000000e+06,9.400259000000000000e+06,9.400260000000000000e+06,9.400261000000000000e+06,9.400262000000000000e+06,9.400263000000000000e+06,9.400264000000000000e+06,9.400265000000000000e+06,9.400266000000000000e+06,9.400267000000000000e+06,9.400268000000000000e+06,9.400269000000000000e+06,9.400270000000000000e+06,9.400271000000000000e+06,9.400272000000000000e+06,9.400273000000000000e+06,9.400274000000000000e+06,9.400275000000000000e+06,9.400276000000000000e+06,9.400277000000000000e+06,9.400278000000000000e+06,9.400279000000000000e+06,9.400280000000000000e+06,9.400281000000000000e+06,9.400282000000000000e+06,9.400283000000000000e+06,9.400284000000000000e+06,9.400285000000000000e+06,9.400286000000000000e+06,9.400287000000000000e+06,9.400288000000000000e+06,9.400289000000000000e+06,9.400290000000000000e+06,9.400291000000000000e+06,-2.147483648000000000e+09,-2.147483648000000000e+09,-2.147483648000000000e+09,-2.147483648000000000e+09,-2.147483648000000000e+09,-2.147483648000000000e+09
-2.147483648000000000e+09,-2.147483648000000000e+09,-2.147483648000000000e+09,-2.147483648000000000e+09,-2.147483648000000000e+09,-2.147483648000000000e+09,-2.147483648000000000e+09,9.407437000000000000e+06,9.407438000000000000e+06,9.407439000000000000e+06,9.407440000000000000e+06,9.407441000000000000e+06,9.407442000000000000e+06,9.407443000000000000e+06,9.407444000000000000e+06,9.407445000000000000e+06,9.407446000000000000e+06,9.407447000000000000e+06,9.407448000000000000e+06,9.407449000000000000e+06,9.407450000000000000e+06,9.407451000000000000e+06,9.407452000000000000e+06,9.407452000000000000e+06,9.407453000000000000e+06,9.407454000000000000e+06,9.407455000000000000e+06,9.407456000000000000e+06,9.407457000000000000e+06,9.407458000000000000e+06,9.407459000000000000e+06,9.407460000000000000e+06,9.407461000000000000e+06,9.407462000000000000e+06,9.407463000000000000e+06,9.407464000000000000e+06,9.407465000000000000e+06,9.407466000000000000e+06,9.407467000000000000e+06,9.407468000000000000e+06,9.407469000000000000e+06,9.407470000000000000e+06,9.407471000000000000e+06,9.407472000000000000e+06,9.407473000000000000e+06,9.407474000000000000e+06,9.407475000000000000e+06,9.407476000000000000e+06,9.407477000000000000e+06,9.407478000000000000e+06,9.407479000000000000e+06,9.407480000000000000e+06,9.407481000000000000e+06,9.407482000000000000e+06,9.407483000000000000e+06,9.407484000000000000e+06,9.407485000000000000e+06,9.407486000000000000e+06,9.407487000000000000e+06,9.407488000000000000e+06,9.407489000000000000e+06,9.407490000000000000e+06,-2.147483648000000000e+09,-2.147483648000000000e+09,-2.147483648000000000e+09,-2.147483648000000000e+09,-2.147483648000000000e+09,-2.147483648000000000e+09,-2.147483648000000000e+09
-2.147483648000000000e+09,-2.147483648000000000e+09,-2.147483648000000000e+09,-2.147483648000000000e+09,-2.147483648000000000e+09,-2.147483648000000000e+09,9.414636000000000000e+06,9.414637000000000000e+06,9.414638000000000000e+06,9.414639000000000000e+06,9.414640000000000000e+06,9.414641000000000000e+06,9.414642000000000000e+06,9.414643000000000000e+06,9.414644000000000000e+06,9.414645000000000000e+06,9.414646000000000000e+06,9.414647000000000000e+06,9.414648000000000000e+06,9.414649000000000000e+06,9.414650000000000000e+06,9.414651000000000000e+06,9.414652000000000000e+06,9.414652000000000000e+06,9.414653000000000000e+06,9.414654000000000000e+06,9.414655000000000000e+06,9.414656000000000000e+06,9.414657000000000000e+06,9.414658000000000000e+06,9.414659000000000000e+06,9.414660000000000000e+06,9.414661000000000000e+06,9.414662000000000000e+06,9.414663000000000000e+06,9.414664000000000000e+06,9.414665000000000000e+06,9.414666000000000000e+06,9.414667000000000000e+06,9.414668000000000000e+06,9.414669000000000000e+06,9.414670000000000000e+06,9.414671000000000000e+06,9.414672000000000000e+06,9.414673000000000000e+06,9.414674000000000000e+06,9.414675000000000000e+06,9.414676000000000000e+06,9.414677000000000000e+06,9.414678000000000000e+06,9.414679000000000000e+06,9.414680000000000000e+06,9.414681000000000000e+06,9.414682000000000000e+06,9.414683000000000000e+06,9.414684000000000000e+06,9.414685000000000000e+06,9.414686000000000000e+06,9.414687000000000000e+06,9.414688000000000000e+06,9.414689000000000000e+06,-2.147483648000000000e+09,-2.147483648000000000e+09,-2.147483648000000000e+09,-2.147483648000000000e+09,-2.147483648000000000e+09,-2.147483648000000000e+09,-2.147483648000000000e+09,-2.147483648000000000e+09
-2.147483648000000000e+09,-2.147483648000000000e+09,-2.147483648000000000e+09,-2.147483648000000000e+09,-2.147483648000000000e+09,9.421835000000000000e+06,9.421836000000000000e+06,9.421837000000000000e+06,9.421838000000000000e+06,9.421839000000000000e+06,9.421840000000000000e+06,9.421841000000000000e+06,9.421842000000000000e+06,9.421843000000000000e+06,9.421844000000000000e+06,9.421845000000000000e+06,9.421846000000000000e+06,9.421847000000000000e+06,9.421848000000000000e+06,9.421849000000000000e+06,9.421850000000000000e+06,9.421851000000000000e+06,9.421852000000000000e+06,9.421852000000000000e+06,9.421853000000000000e+06,9.421854000000000000e+06,9.421855000000000000e+06,9.421856000000000000e+06,9.421857000000000000e+06,9.421858000000000000e+06,9.421859000000000000e+06,9.421860000000000000e+06,9.421861000000000000e+06,9.421862000000000000e+06,9.421863000000000000e+06,9.421864000000000000e+06,9.421865000000000000e+06,9.421866000000000000e+06,9.421867000000000000e+06,9.421868000000000000e+06,9.421869000000000000e+06,9.421870000000000000e+06,9.421871000000000000e+06,9.421872000000000000e+06,9.421873000000000000e+06,9.421874000000000000e+06,9.421875000000000000e+06,9.421876000000000000e+06,9.421877000000000000e+06,9.421878000000000000e+06,9.421879000000000000e+06,9.421880000000000000e+06,9.421881000000000000e+06,9.421882000000000000e+06,9.421883000000000000e+06,9.421884000000000000e+06,9.421885000000000000e+06,9.421886000000000000e+06,9.421887000000000000e+06,9.421888000000000000e+06,-2.147483648000000000e+09,-2.147483648000000000e+09,-2.147483648000000000e+09,-2.147483648000000000e+09,-2.147483648000000000e+09,-2.147483648000000000e+09,-2.147483648000000000e+09,-2.147483648000000000e+09,-2.147483648000000000e+09
-2.147483648000000000e+09,-2.147483648000000000e+09,-2.147483648000000000e+09,-2.147483648000000000e+09,9.429034000000000000e+06,9.429035000000000000e+06,9.429036000000000000e+06,9.429037000000000000e+06,9.429038000000000000e+06,9.429039000000000000e+06,9.429040000000000000e+06,9.429041000000000000e+06,9.429042000000000000e+06,9.429043000000000000e+06,9.429044000000000000e+06,9.429045000000000000e+06,9.429046000000000000e+06,9.429047000000000000e+06,9.429048000000000000e+06,9.429049000000000000e+06,9.429050000000000000e+06,9.429051000000000000e+06,9.429052000000000000e+06,9.429052000000000000e+06,9.429053000000000000e+06,9.429054000000000000e+06,9.429055000000000000e+06,9.429056000000000000e+06,9.429057000000000000e+06,9.429058000000000000e+06,9.429059000000000000e+06,9.429060000000000000e+06,9.429061000000000000e+06,9.429062000000000000e+06,9.429063000000000000e+06,9.429064000000000000e+06,9.429065000000000000e+06,9.429066000000000000e+06,9.429067000000000000e+06,9.429068000000000000e+06,9.429069000000000000e+06,9.429070000000000000e+06,9.429071000000000000e+06,9.429072000000000000e+06,9.429073000000000000e+06,9.429074000000000000e+06,9.429075000000000000e+06,9.429076000000000000e+06,9.429077000000000000e+06,9.429078000000000000e+06,9.429079000000000000e+06,9.429080000000000000e+06,9.429081000000000000e+06,9.429082000000000000e+06,9.429083000000000000e+06,9.429084000000000000e+06,9.429085000000000000e+06,9.429086000000000000e+06,9.429087000000000000e+06,-2.147483648000000000e+09,-2.147483648000000000e+09,-2.147483648000000000e+09,-2.147483648000000000e+09,-2.147483648000000000e+09,-2.147483648000000000e+09,-2.147483648000000000e+09,-2.147483648000000000e+09,-2.147483648000000000e+09,-2.147483648000000000e+09
-2.147483648000000000e+09,-2.147483648000000000e+09,-2.147483648000000000e+09,9.436233000000000000e+06,9.436234000000000000e+06,9.436235000000000000e+06,9.436236000000000000e+06,9.436237000000000000e+06,9.436238000000000000e+06,9.436239000000000000e+06,9.436240000000000000e+06,9.436241000000000000e+06,9.436242000000000000e+06,9.436243000000000000e+06,9.436244000000000000e+06,9.436245000000000000e+06,9.436246000000000000e+06,9.436247000000000000e+06,9.436248000000000000e+06,9.436249000000000000e+06,9.436250000000000000e+06,9.436251000000000000e+06,9.436252000000000000e+06,9.436252000000000000e+06,9.436253000000000000e+06,9.436254000000000000e+06,9.436255000000000000e+06,9.436256000000000000e+06,9.436257000000000000e+06,9.436258000000000000e+06,9.436259000000000000e+06,9.436260000000000000e+06,9.436261000000000000e+06,9.436262000000000000e+06,9.436263000000000000e+06,9.436264000000000000e+06,9.436265000000000000e+06,9.436266000000000000e+06,9.436267000000000000e+06,9.436268000000000000e+06,9.436269000000000000e+06,9.436270000000000000e+06,9.436271000000000000e+06,9.436272000000000000e+06,9.436273000000000000e+06,9.436274000000000000e+06,9.436275000000000000e+06,9.436276000000000000e+06,9.436277000000000000e+06,9.436278000000000000e+06,9.436279000000000000e+06,9.436280000000000000e+06,9.436281000000000000e+06,9.436282000000000000e+06,9.436283000000000000e+06,9.436284000000000000e+06,9.436285000000000000e+06,9.436286000000000000e+06,-2.147483648000000000e+09,-2.147483648000000000e+09,-2.147483648000000000e+09,-2.147483648000000000e+09,-2.147483648000000000e+09,-2.147483648000000000e+09,-2.147483648000000000e+09,-2.147483648000000000e+09,-2.147483648000000000e+09,-2.147483648000000000e+09,-2.147483648000000000e+09
-2.147483648000000000e+09,-2.147483648000000000e+09,9.443432000000000000e+06,9.443433000000000000e+06,9.443434000000000000e+06,9.443435000000000000e+06,9.443436000000000000e+06,9.443437000000000000e+06,9.443438000000000000e+06,9.443439000000000000e+06,9.443440000000000000e+06,9.443441000000000000e+06,9.443442000000000000e+06,9.443443000000000000e+06,9.443444000000000000e+06,9.443445000000000000e+06,9.443446000000000000e+06,9.443447000000000000e+06,9.443448000000000000e+06,9.443449000000000000e+06,9.443450000000000000e+06,9.443451000000000000e+06,9.443452000000000000e+06,9.443452000000000000e+06,9.443453000000000000e+06,9.443454000000000000e+06,9.443455000000000000e+06,9.443456000000000000e+06,9.443457000000000000e+06,9.443458000000000000e+06,9.443459000000000000e+06,9.443460000000000000e+06,9.443461000000000000e+06,9.443462000000000000e+06,9.443463000000000000e+06,9.443464000000000000e+06,9.443465000000000000e+06,9.443466000000000000e+06,9.443467000000000000e+06,9.443468000000000000e+06,9.443469000000000000e+06,9.443470000000000000e+06,9.443471000000000000e+06,9.443472000000000000e+06,9.443473000000000000e+06,9.443474000000000000e+06,9.443475000000000000e+06,9.443476000000000000e+06,9.443477000000000000e+06,9.443478000000000000e+06,9.443479000000000000e+06,9.443480000000000000e+06,9.443481000000000000e+06,9.443482000000000000e+06,9.443483000000000000e+06,9.443484000000000000e+06,9.443485000000000000e+06,-2.147483648000000000e+09,-2.147483648000000000e+09,-2.147483648000000000e+09,-2.147483648000000000e+09,-2.147483648000000000e+09,-2.147483648000000000e+09,-2.147483648000000000e+09,-2.147483648000000000e+09,-2.147483648000000000e+09,-2.147483648000000000e+09,-2.147483648000000000e+09,-2.147483648000000000e+09
-2.147483648000000000e+09,9.450631000000000000e+06,9.450632000000000000e+06,9.450633000000000000e+06,9.450634000000000000e+06,9.450635000000000000e+06,9.450636000000000000e+06,9.450637000000000000e+06,9.450638000000000000e+06,9.450639000000000000e+06,9.450640000000000000e+06,9.450641000000000000e+06,9.450642000000000000e+06,9.450643000000000000e+06,9.450644000000000000e+06,9.450645000000000000e+06,9.450646000000000000e+06,9.450647000000000000e+06,9.450648000000000000e+06,9.450649000000000000e+06,9.450650000000000000e+06,9.450651000000000000e+06,9.450652000000000000e+06,9.450652000000000000e+06,9.450653000000000000e+06,9.450654000000000000e+06,9.450655000000000000e+06,9.450656000000000000e+06,9.450657000000000000e+06,9.450658000000000000e+06,9.450659000000000000e+06,9.450660000000000000e+06,9.450661000000000000e+06,9.450662000000000000e+06,9.450663000000000000e+06,9.450664000000000000e+06,9.450665000000000000e+06,9.450666000000000000e+06,9.450667000000000000e+06,9.450668000000000000e+06,9.450669000000000000e+06,9.450670000000000000e+06,9.450671000000000000e+06,9.450672000000000000e+06,9.450673000000000000e+06,9.450674000000000000e+06,9.450675000000000000e+06,9.450676000000000000e+06,9.450677000000000000e+06,9.450678000000000000e+06,9.450679000000000000e+06,9.450680000000000000e+06,9.450681000000000000e+06,9.450682000000000000e+06,9.450683000000000000e+06,9.450684000000000000e+06,-2.147483648000000000e+09,-2.147483648000000000e+09,-2.147483648000000000e+09,-2.147483648000000000e+09,-2.147483648000000000e+09,-2.147483648000000000e+09,-2.147483648000000000e+09,-2.147483648000000000e+09,-2.147483648000000000e+09,-2.147483648000000000e+09,-2.147483648000000000e+09,-2.147483648000000000e+09,-2.147483648000000000e+09
-2.147483648000000000e+09,-2.147483648000000000e+09,-2.147483648000000000e+09,-2.147483648000000000e+09,-2.147483648000000000e+09,-2.147483648000000000e+09,9.457836000000000000e+06,9.457837000000000000e+06,9.457838000000000000e+06,9.457839000000000000e+06,9.457840000000000000e+06,9.457841000000000000e+06,9.457842000000000000e+06,9.457843000000000000e+06,9.457844000000000000e+06,9.457845000000000000e+06,9.457846000000000000e+06,9.457847000000000000e+06,9.457848000000000000e+06,9.457849000000000000e+06,9.457850000000000000e+06,9.457851000000000000e+06,9.457852000000000000e+06,9.457852000000000000e+06,9.457853000000000000e+06,9.457854000000000000e+06,9.457855000000000000e+06,9.457856000000000000e+06,9.457857000000000000e+06,9.457858000000000000e+06,9.457859000000000000e+06,9.457860000000000000e+06,9.457861000000000000e+06,9.457862000000000000e+06,9.457863000000000000e+06,9.457864000000000000e+06,9.457865000000000000e+06,9.457866000000000000e+06,9.457867000000000000e+06,9.457868000000000000e+06,9.457869000000000000e+06,9.457870000000000000e+06,9.457871000000000000e+06,9.457872000000000000e+06,9.457873000000000000e+06,9.457874000000000000e+06,9.457875000000000000e+06,9.457876000000000000e+06,9.457877000000000000e+06,9.457878000000000000e+06,9.457879000000000000e+06,9.457880000000000000e+06,9.457881000000000000e+06,9.457882000000000000e+06,9.457883000000000000e+06,-2.147483648000000000e+09,-2.147483648000000000e+09,-2.147483648000000000e+09,-2.147483648000000000e+09,-2.147483648000000000e+09,-2.147483648000000000e+09,-2.147483648000000000e+09,-2.147483648000000000e+09,-2.147483648000000000e+09,-2.147483648000000000e+09,-2.147483648000000000e+09,-2.147483648000000000e+09,-2.147483648000000000e+09,-2.147483648000000000e+09
-2.147483648000000000e+09,-2.147483648000000000e+09,-2.147483648000000000e+09,-2.147483648000000000e+09,-2.147483648000000000e+09,-2.147483648000000000e+09,9.465036000000000000e+06,9.465037000000000000e+06,9.465038000000000000e+06,9.465039000000000000e+06,9.465040000000000000e+06,9.465041000000000000e+06,9.465042000000000000e+06,9.465043000000000000e+06,9.465044000000000000e+06,9.465045000000000000e+06,9.465046000000000000e+06,9.465047000000000000e+06,9.465048000000000000e+06,9.465049000000000000e+06,9.465050000000000000e+06,9.465051000000000000e+06,9.465052000000000000e+06,9.465052000000000000e+06,9.465053000000000000e+06,9.465054000000000000e+06,9.465055000000000000e+06,9.465056000000000000e+06,9.465057000000000000e+06,9.465058000000000000e+06,9.465059000000000000e+06,9.465060000000000000e+06,9.465061000000000000e+06,9.465062000000000000e+06,9.465063000000000000e+06,9.465064000000000000e+06,9.465065000000000000e+06,9.465066000000000000e+06,9.465067000000000000e+06,9.465068000000000000e+06,9.465069000000000000e+06,9.465070000000000000e+06,9.465071000000000000e+06,9.465072000000000000e+06,9.465073000000000000e+06,9.465074000000000000e+06,9.465075000000000000e+06,9.465076000000000000e+06,9.465077000000000000e+06,9.465078000000000000e+06,9.465079000000000000e+06,9.465080000000000000e+06,9.465081000000000000e+06,9.465082000000000000e+06,-2.147483648000000000e+09,-2.147483648000000000e+09,-2.147483648000000000e+09,-2.147483648000000000e+09,-2.147483648000000000e+09,-2.147483648000000000e+09,-2.147483648000000000e+09,-2.147483648000000000e+09,-2.147483648000000000e+09,-2.147483648000000000e+09,-2.147483648000000000e+09,-2.147483648000000000e+09,-2.147483648000000000e+09,-2.147483648000000000e+09,-2.147483648000000000e+09
-2.147483648000000000e+09,-2.147483648000000000e+09,-2.147483648000000000e+09,-2.147483648000000000e+09,-2.147483648000000000e+09,-2.147483648000000000e+09,9.472236000000000000e+06,9.472237000000000000e+06,9.472238000000000000e+06,9.472239000000000000e+06,9.472240000000000000e+06,9.472241000000000000e+06,9.472242000000000000e+06,9.472243000000000000e+06,9.472244000000000000e+06,9.472245000000000000e+06,9.472246000000000000e+06,9.472247000000000000e+06,9.472248000000000000e+06,9.472249000000000000e+06,9.472250000000000000e+06,9.472251000000000000e+06,9.472252000000000000e+06,9.472252000000000000e+06,9.472253000000000000e+06,9.472254000000000000e+06,9.472255000000000000e+06,9.472256000000000000e+06,9.472257000000000000e+06,9.472258000000000000e+06,9.472259000000000000e+06,9.472260000000000000e+06,9.472261000000000000e+06,9.472262000000000000e+06,9.472263000000000000e+06,9.472264000000000000e+06,9.472265000000000000e+06,9.472266000000000000e+06,9.472267000000000000e+06,9.472268000000000000e+06,9.472269000000000000e+06,9.472270000000000000e+06,9.472271000000000000e+06,9.472272000000000000e+06,9.472273000000000000e+06,9.472274000000000000e+06,9.472275000000000000e+06,9.472276000000000000e+06,9.472277000000000000e+06,9.472278000000000000e+06,9.472279000000000000e+06,9.472280000000000000e+06,9.472281000000000000e+06,-2.147483648000000000e+09,-2.147483648000000000e+09,-2.147483648000000000e+09,-2.147483648000000000e+09,-2.147483648000000000e+09,-2.147483648000000000e+09,-2.147483648000000000e+09,-2.147483648000000000e+09,-2.147483648000000000e+09,-2.147483648000000000e+09,-2.147483648000000000e+09,-2.147483648000000000e+09,-2.147483648000000000e+09,-2.147483648000000000e+09,-2.147483648000000000e+09,-2.147483648000000000e+09
-2.147483648000000000e+09,-2.147483648000000000e+09,-2.147483648000000000e+09,-2.147483648000000000e+09,-2.147483648000000000e+09,-2.147483648000000000e+09,9.479436000000000000e+06,9.479437000000000000e+06,9.479438000000000000e+06,9.479439000000000000e+06,9.479440000000000000e+06,9.479441000000000000e+06,9.479442000000000000e+06,9.479443000000000000e+06,9.479444000000000000e+06,9.479445000000000000e+06,9.479446000000000000e+06,9.479447000000000000e+06,9.479448000000000000e+06,9.479449000000000000e+06,9.479450000000000000e+06,9.479451000000000000e+06,9.479452000000000000e+06,9.479452000000000000e+06,9.479453000000000000e+06,9.479454000000000000e+06,9.479455000000000000e+06,9.479456000000000000e+06,9.479457000000000000e+06,9.479458000000000000e+06,9.479459000000000000e+06,9.479460000000000000e+06,9.479461000000000000e+06,9.479462000000000000e+06,9.479463000000000000e+06,9.479464000000000000e+06,9.479465000000000000e+06,9.479466000000000000e+06,9.479467000000000000e+06,9.479468000000000000e+06,9.479469000000000000e+06,9.479470000000000000e+06,9.479471000000000000e+06,9.479472000000000000e+06,9.479473000000000000e+06,9.479474000000000000e+06,9.479475000000000000e+06,9.479476000000000000e+06,9.479477000000000000e+06,9.479478000000000000e+06,9.479479000000000000e+06,9.479480000000000000e+06,-2.147483648000000000e+09,-2.147483648000000000e+09,-2.147483648000000000e+09,-2.147483648000000000e+09,-2.147483648000000000e+09,-2.147483648000000000e+09,-2.147483648000000000e+09,-2.147483648000000000e+09,-2.147483648000000000e+09,-2.147483648000000000e+09,-2.147483648000000000e+09,-2.147483648000000000e+09,-2.147483648000000000e+09,-2.147483648000000000e+09,-2.147483648000000000e+09,-2.147483648000000000e+09,-2.147483648000000000e+09
-2.147483648000000000e+09,-2.147483648000000000e+09,-2.147483648000000000e+09,-2.147483648000000000e+09,-2.147483648000000000e+09,-2.147483648000000000e+09,-2.147483648000000000e+09,9.486637000000000000e+06,9.486638000000000000e+06,9.486639000000000000e+06,9.486640000000000000e+06,9.486641000000000000e+06,9.486642000000000000e+06,9.486643000000000000e+06,9.486644000000000000e+06,9.486645000000000000e+06,9.486646000000000000e+06,9.486647000000000000e+06,9.486648000000000000e+06,9.486649000000000000e+06,9.486650000000000000e+06,9.486651000000000000e+06,9.486652000000000000e+06,9.486652000000000000e+06,9.486653000000000000e+06,9.486654000000000000e+06,9.486655000000000000e+06,9.486656000000000000e+06,9.486657000000000000e+06,9.486658000000000000e+06,9.486659000000000000e+06,9.486660000000000000e+06,9.486661000000000000e+06,9.486662000000000000e+06,9.486663000000000000e+06,9.486664000000000000e+06,9.486665000000000000e+06,9.486666000000000000e+06,9.486667000000000000e+06,9.486668000000000000e+06,9.486669000000000000e+06,9.486670000000000000e+06,9.486671000000000000e+06,9.486672000000000000e+06,9.486673000000000000e+06,9.486674000000000000e+06,9.486675000000000000e+06,9.486676000000000000e+06,9.486677000000000000e+06,9.486678000000000000e+06,9.486679000000000000e+06,-2.147483648000000000e+09,-2.147483648000000000e+09,-2.147483648000000000e+09,-2.147483648000000000e+09,-2.147483648000000000e+09,-2.147483648000000000e+09,-2.147483648000000000e+09,-2.147483648000000000e+09,-2.147483648000000000e+09,-2.147483648000000000e+09,-2.147483648000000000e+09,-2.147483648000000000e+09,-2.147483648000000000e+09,-2.147483648000000000e+09,-2.147483648000000000e+09,-2.147483648000000000e+09,-2.147483648000000000e+09,-2.147483648000000000e+09
-2.147483648000000000e+09,-2.147483648000000000e+09,-2.147483648000000000e+09,-2.147483648000000000e+09,-2.147483648000000000e+09,-2.147483648000000000e+09,-2.147483648000000000e+09,-2.147483648000000000e+09,9.493838000000000000e+06,9.493839000000000000e+06,9.493840000000000000e+06,9.493841000000000000e+06,9.493842000000000000e+06,9.493843000000000000e+06,9.493844000000000000e+06,9.493845000000000000e+06,9.493846000000000000e+06,9.493847000000000000e+06,9.493848000000000000e+06,9.493849000000000000e+06,9.493850000000000000e+06,9.493851000000000000e+06,9.493852000000000000e+06,9.493852000000000000e+06,9.493853000000000000e+06,9.493854000000000000e+06,9.493855000000000000e+06,9.493856000000000000e+06,9.493857000000000000e+06,9.493858000000000000e+06,9.493859000000000000e+06,9.493860000000000000e+06,9.493861000000000000e+06,9.493862000000000000e+06,9.493863000000000000e+06,9.493864000000000000e+06,9.493865000000000000e+06,9.493866000000000000e+06,9.493867000000000000e+06,9.493868000000000000e+06,9.493869000000000000e+06,9.493870000000000000e+06,9.493871000000000000e+06,9.493872000000000000e+06,9.493873000000000000e+06,9.493874000000000000e+06,9.493875000000000000e+06,9.493876000000000000e+06,9.493877000000000000e+06,9.493878000000000000e+06,-2.147483648000000000e+09,-2.147483648000000000e+09,-2.147483648000000000e+09,-2.147483648000000000e+09,-2.147483648000000000e+09,-2.147483648000000000e+09,-2.147483648000000000e+09,-2.147483648000000000e+09,-2.147483648000000000e+09,-2.147483648000000000e+09,-2.147483648000000000e+09,-2.147483648000000000e+09,-2.147483648000000000e+09,-2.147483648000000000e+09,-2.147483648000000000e+09,-2.147483648000000000e+09,-2.147483648000000000e+09,-2.147483648000000000e+09,-2.147483648000000000e+09
-2.147483648000000000e+09,-2.147483648000000000e+09,-2.147483648000000000e+09,-2.147483648000000000e+09,-2.147483648000000000e+09,-2.147483648000000000e+09,-2.147483648000000000e+09,-2.147483648000000000e+09,9.501038000000000000e+06,9.501039000000000000e+06,9.501040000000000000e+06,9.501041000000000000e+06,9.501042000000000000e+06,9.501043000000000000e+06,9.501044000000000000e+06,9.501045000000000000e+06,9.501046000000000000e+06,9.501047000000000000e+06,9.501048000000000000e+06,9.501049000000000000e+06,9.501050000000000000e+06,9.501051000000000000e+06,9.501052000000000000e+06,9.501052000000000000e+06,9.501053000000000000e+06,9.501054000000000000e+06,9.501055000000000000e+06,9.501056000000000000e+06,9.501057000000000000e+06,9.501058000000000000e+06,9.501059000000000000e+06,9.501060000000000000e+06,9.501061000000000000e+06,9.501062000000000000e+06,9.501063000000000000e+06,9.501064000000000000e+06,9.501065000000000000e+06,9.501066000000000000e+06,9.501067000000000000e+06,9.501068000000000000e+06,9.501069000000000000e+06,9.501070000000000000e+06,9.501071000000000000e+06,9.501072000000000000e+06,9.501073000000000000e+06,9.501074000000000000e+06,9.501075000000000000e+06,9.501076000000000000e+06,9.501077000000000000e+06,-2.147483648000000000e+09,-2.147483648000000000e+09,-2.147483648000000000e+09,-2.147483648000000000e+09,-2.147483648000000000e+09,-2.147483648000000000e+09,-2.147483648000000000e+09,-2.147483648000000000e+09,-2.147483648000000000e+09,-2.147483648000000000e+09,-2.147483648000000000e+09,-2.147483648000000000e+09,-2.147483648000000000e+09,-2.147483648000000000e+09,-2.147483648000000000e+09,-2.147483648000000000e+09,-2.147483648000000000e+09,-2.147483648000000000e+09,-2.147483648000000000e+09,-2.147483648000000000e+09
-2.147483648000000000e+09,-2.147483648000000000e+09,-2.147483648000000000e+09,-2.147483648000000000e+09,-2.147483648000000000e+09,-2.147483648000000000e+09,-2.147483648000000000e+09,-2.147483648000000000e+09,-2.147483648000000000e+09,9.508239000000000000e+06,9.508240000000000000e+06,9.508241000000000000e+06,9.508242000000000000e+06,9.508243000000000000e+06,9.508244000000000000e+06,9.508245000000000000e+06,9.508246000000000000e+06,9.508247000000000000e+06,9.508248000000000000e+06,9.508249000000000000e+06,9.508250000000000000e+06,9.508251000000000000e+06,9.508252000000000000e+06,9.508252000000000000e+06,9.508253000000000000e+06,9.508254000000000000e+06,9.508255000000000000e+06,9.508256000000000000e+06,9.508257000000000000e+06,9.508258000000000000e+06,9.508259000000000000e+06,9.508260000000000000e+06,9.508261000000000000e+06,9.508262000000000000e+06,9.508263000000000000e+06,9.508264000000000000e+06,9.508265000000000000e+06,9.508266000000000000e+06,9.508267000000000000e+06,9.508268000000000000e+06,9.508269000000000000e+06,9.508270000000000000e+06,9.508271000000000000e+06,9.508272000000000000e+06,9.508273000000000000e+06,9.508274000000000000e+06,9.508275000000000000e+06,9.508276000000000000e+06,-2.147483648000000000e+09,-2.147483648000000000e+09,-2.147483648000000000e+09,-2.147483648000000000e+09,-2.147483648000000000e+09,-2.147483648000000000e+09,-2.147483648000000000e+09,-2.147483648000000000e+09,-2.147483648000000000e+09,-2.147483648000000000e+09,-2.147483648000000000e+09,-2.147483648000000000e+09,-2.147483648000000000e+09,-2.147483648000000000e+09,-2.147483648000000000e+09,-2.147483648000000000e+09,-2.147483648000000000e+09,-2.147483648000000000e+09,-2.147483648000000000e+09,-2.147483648000000000e+09,-2.147483648000000000e+09
-2.147483648000000000e+09,-2.147483648000000000e+09,-2.147483648000000000e+09,-2.147483648000000000e+09,-2.147483648000000000e+09,-2.147483648000000000e+09,-2.147483648000000000e+09,-2.147483648000000000e+09,9.515438000000000000e+06,9.515439000000000000e+06,9.515440000000000000e+06,9.515441000000000000e+06,9.515442000000000000e+06,9.515443000000000000e+06,9.515444000000000000e+06,9.515445000000000000e+06,9.515446000000000000e+06,9.515447000000000000e+06,9.515448000000000000e+06,9.515449000000000000e+06,9.515450000000000000e+06,9.515451000000000000e+06,9.515452000000000000e+06,9.515452000000000000e+06,9.515453000000000000e+06,9.515454000000000000e+06,9.515455000000000000e+06,9.515456000000000000e+06,9.515457000000000000e+06,9.515458000000000000e+06,9.515459000000000000e+06,9.515460000000000000e+06,9.515461000000000000e+06,9.515462000000000000e+06,9.515463000000000000e+06,9.515464000000000000e+06,9.515465000000000000e+06,9.515466000000000000e+06,9.515467000000000000e+06,9.515468000000000000e+06,9.515469000000000000e+06,9.515470000000000000e+06,9.515471000000000000e+06,9.515472000000000000e+06,9.515473000000000000e+06,9.515474000000000000e+06,9.515475000000000000e+06,-2.147483648000000000e+09,-2.147483648000000000e+09,-2.147483648000000000e+09,-2.147483648000000000e+09,-2.147483648000000000e+09,-2.147483648000000000e+09,-2.147483648000000000e+09,-2.147483648000000000e+09,-2.147483648000000000e+09,-2.147483648000000000e+09,-2.147483648000000000e+09,-2.147483648000000000e+09,-2.147483648000000000e+09,-2.147483648000000000e+09,-2.147483648000000000e+09,-2.147483648000000000e+09,-2.147483648000000000e+09,-2.147483648000000000e+09,-2.147483648000000000e+09,-2.147483648000000000e+09,-2.147483648000000000e+09,-2.147483648000000000e+09
-2.147483648000000000e+09,-2.147483648000000000e+09,-2.147483648000000000e+09,-2.147483648000000000e+09,-2.147483648000000000e+09,-2.147483648000000000e+09,-2.147483648000000000e+09,9.522637000000000000e+06,9.522638000000000000e+06,9.522639000000000000e+06,9.522640000000000000e+06,9.522641000000000000e+06,9.522642000000000000e+06,9.522643000000000000e+06,9.522644000000000000e+06,9.522645000000000000e+06,9.522646000000000000e+06,9.522647000000000000e+06,9.522648000000000000e+06,9.522649000000000000e+06,9.522650000000000000e+06,9.522651000000000000e+06,9.522652000000000000e+06,9.522652000000000000e+06,9.522653000000000000e+06,9.522654000000000000e+06,9.522655000000000000e+06,9.522656000000000000e+06,9.522657000000000000e+06,9.522658000000000000e+06,9.522659000000000000e+06,9.522660000000000000e+06,9.522661000000000000e+06,9.522662000000000000e+06,9.522663000000000000e+06,9.522664000000000000e+06,9.522665000000000000e+06,9.522666000000000000e+06,9.522667000000000000e+06,9.522668000000000000e+06,9.522669000000000000e+06,9.522670000000000000e+06,9.522671000000000000e+06,9.522672000000000000e+06,9.522673000000000000e+06,9.522674000000000000e+06,-2.147483648000000000e+09,-2.147483648000000000e+09,-2.147483648000000000e+09,-2.147483648000000000e+09,-2.147483648000000000e+09,-2.147483648000000000e+09,-2.147483648000000000e+09,-2.147483648000000000e+09,-2.147483648000000000e+09,-2.147483648000000000e+09,-2.147483648000000000e+09,-2.147483648000000000e+09,-2.147483648000000000e+09,-2.147483648000000000e+09,-2.147483648000000000e+09,-2.147483648000000000e+09,-2.147483648000000000e+09,-2.147483648000000000e+09,-2.147483648000000000e+09,-2.147483648000000000e+09,-2.147483648000000000e+09,-2.147483648000000000e+09,-2.147483648000000000e+09
-2.147483648000000000e+09,-2.147483648000000000e+09,-2.147483648000000000e+09,-2.147483648000000000e+09,-2.147483648000000000e+09,-2.147483648000000000e+09,-2.147483648000000000e+09,9.529837000000000000e+06,9.529838000000000000e+06,9.529839000000000000e+06,9.529840000000000000e+06,9.529841000000000000e+06,9.529842000000000000e+06,9.529843000000000000e+06,9.529844000000000000e+06,9.529845000000000000e+06,9.529846000000000000e+06,9.529847000000000000e+06,9.529848000000000000e+06,9.529849000000000000e+06,9.529850000000000000e+06,9.529851000000000000e+06,9.529852000000000000e+06,9.529852000000000000e+06,9.529853000000000000e+06,9.529854000000000000e+06,9.529855000000000000e+06,9.529856000000000000e+06,9.529857000000000000e+06,9.529858000000000000e+06,9.529859000000000000e+06,9.529860000000000000e+06,9.529861000000000000e+06,9.529862000000000000e+06,9.529863000000000000e+06,9.529864000000000000e+06,9.529865000000000000e+06,9.529866000000000000e+06,9.529867000000000000e+06,9.529868000000000000e+06,9.529869000000000000e+06,9.529870000000000000e+06,9.529871000000000000e+06,9.529872000000000000e+06,9.529873000000000000e+06,-2.147483648000000000e+09,-2.147483648000000000e+09,-2.147483648000000000e+09,-2.147483648000000000e+09,-2.147483648000000000e+09,-2.147483648000000000e+09,-2.147483648000000000e+09,-2.147483648000000000e+09,-2.147483648000000000e+09,-2.147483648000000000e+09,-2.147483648000000000e+09,-2.147483648000000000e+09,-2.147483648000000000e+09,-2.147483648000000000e+09,-2.147483648000000000e+09,-2.147483648000000000e+09,-2.147483648000000000e+09,-2.147483648000000000e+09,-2.147483648000000000e+09,-2.147483648000000000e+09,-2.147483648000000000e+09,-2.147483648000000000e+09,-2.147483648000000000e+09,-2.147483648000000000e+09
-2.147483648000000000e+09,-2.147483648000000000e+09,-2.147483648000000000e+09,-2.147483648000000000e+09,-2.147483648000000000e+09,-2.147483648000000000e+09,9.537036000000000000e+06,9.537037000000000000e+06,9.537038000000000000e+06,9.537039000000000000e+06,9.537040000000000000e+06,9.537041000000000000e+06,9.537042000000000000e+06,9.537043000000000000e+06,9.537044000000000000e+06,9.537045000000000000e+06,9.537046000000000000e+06,9.537047000000000000e+06,9.537048000000000000e+06,9.537049000000000000e+06,9.537050000000000000e+06,9.537051000000000000e+06,9.537052000000000000e+06,9.537052000000000000e+06,9.537053000000000000e+06,9.537054000000000000e+06,9.537055000000000000e+06,9.537056000000000000e+06,9.537057000000000000e+06,9.537058000000000000e+06,9.537059000000000000e+06,9.537060000000000000e+06,9.537061000000000000e+06,9.537062000000000000e+06,9.537063000000000000e+06,9.537064000000000000e+06,9.537065000000000000e+06,9.537066000000000000e+06,9.537067000000000000e+06,9.537068000000000000e+06,9.537069000000000000e+06,9.537070000000000000e+06,9.537071000000000000e+06,9.537072000000000000e+06,-2.147483648000000000e+09,-2.147483648000000000e+09,-2.147483648000000000e+09,-2.147483648000000000e+09,-2.147483648000000000e+09,-2.147483648000000000e+09,-2.147483648000000000e+09,-2.147483648000000000e+09,-2.147483648000000000e+09,-2.147483648000000000e+09,-2.147483648000000000e+09,-2.147483648000000000e+09,-2.147483648000000000e+09,-2.147483648000000000e+09,-2.147483648000000000e+09,-2.147483648000000000e+09,-2.147483648000000000e+09,-2.147483648000000000e+09,-2.147483648000000000e+09,-2.147483648000000000e+09,-2.147483648000000000e+09,-2.147483648000000000e+09,-2.147483648000000000e+09,-2.147483648000000000e+09,-2.147483648000000000e+09
-2.147483648000000000e+09,-2.147483648000000000e+09,-2.147483648000000000e+09,-2.147483648000000000e+09,-2.147483648000000000e+09,-2.147483648000000000e+09,-2.147483648000000000e+09,-2.147483648000000000e+09,-2.147483648000000000e+09,-2.147483648000000000e+09,-2.147483648000000000e+09,-2.147483648000000000e+09,-2.147483648000000000e+09,-2.147483648000000000e+09,-2.147483648000000000e+09,-2.147483648000000000e+09,-2.147483648000000000e+09,-2.147483648000000000e+09,-2.147483648000000000e+09,-2.147483648000000000e+09,-2.147483648000000000e+09,-2.147483648000000000e+09,-2.147483648000000000e+09,-2.147483648000000000e+09,-2.147483648000000000e+09,-2.147483648000000000e+09,-2.147483648000000000e+09,-2.147483648000000000e+09,-2.147483648000000000e+09,-2.147483648000000000e+09,-2.147483648000000000e+09,-2.147483648000000000e+09,-2.147483648000000000e+09,-2.147483648000000000e+09,-2.147483648000000000e+09,9.544264000000000000e+06,9.544265000000000000e+06,9.544266000000000000e+06,9.544267000000000000e+06,9.544268000000000000e+06,9.544269000000000000e+06,9.544270000000000000e+06,9.544271000000000000e+06,-2.147483648000000000e+09,-2.147483648000000000e+09,-2.147483648000000000e+09,-2.147483648000000000e+09,-2.147483648000000000e+09,-2.147483648000000000e+09,-2.147483648000000000e+09,-2.147483648000000000e+09,-2.147483648000000000e+09,-2.147483648000000000e+09,-2.147483648000000000e+09,-2.147483648000000000e+09,-2.147483648000000000e+09,-2.147483648000000000e+09,-2.147483648000000000e+09,-2.147483648000000000e+09,-2.147483648000000000e+09,-2.147483648000000000e+09,-2.147483648000000000e+09,-2.147483648000000000e+09,-2.147483648000000000e+09,-2.147483648000000000e+09,-2.147483648000000000e+09,-2.147483648000000000e+09,-2.147483648000000000e+09,-2.147483648000000000e+09
