-2.147483648000000000e+09,-2.147483648000000000e+09,-2.147483648000000000e+09,-2.147483648000000000e+09,-2.147483648000000000e+09,-2.147483648000000000e+09,-2.147483648000000000e+09,-2.147483648000000000e+09,-2.147483648000000000e+09,-2.147483648000000000e+09,-2.147483648000000000e+09,-2.147483648000000000e+09,-2.147483648000000000e+09,-2.147483648000000000e+09,-2.147483648000000000e+09,1.166718200000000000e+07,1.166718300000000000e+07,1.166718400000000000e+07,1.166718500000000000e+07,1.166718600000000000e+07,1.166718700000000000e+07,1.166718800000000000e+07,1.166718900000000000e+07,1.166719000000000000e+07,1.166719100000000000e+07,1.166719200000000000e+07,1.166719300000000000e+07,1.166719400000000000e+07,1.166719500000000000e+07,1.166719600000000000e+07,1.166719700000000000e+07,1.166719800000000000e+07,1.166719900000000000e+07,1.166720000000000000e+07,1.166720100000000000e+07,1.166720200000000000e+07,1.166720300000000000e+07,1.166720400000000000e+07,1.166720500000000000e+07,1.166720600000000000e+07,1.166720700000000000e+07,1.166720800000000000e+07,1.166720900000000000e+07,1.166721000000000000e+07,1.166721100000000000e+07,1.166721200000000000e+07,1.166721300000000000e+07,1.166721400000000000e+07,1.166721500000000000e+07,1.166721600000000000e+07,1.166721700000000000e+07,1.166721800000000000e+07,1.166721900000000000e+07,1.166722000000000000e+07,1.166722100000000000e+07,1.166722200000000000e+07,1.166722300000000000e+07,1.166722400000000000e+07,1.166722500000000000e+07,1.166722600000000000e+07,1.166722700000000000e+07,1.166722800000000000e+07,1.166722900000000000e+07,1.166723000000000000e+07,1.166723100000000000e+07,1.166723200000000000e+07,1.166723300000000000e+07,1.166723400000000000e+07,1.166723500000000000e+07,1.166723600000000000e+07,1.166723700000000000e+07,1.166723800000000000e+07,1.166723900000000000e+07,1.166724000000000000e+07,1.166724100000000000e+07,1.166724200000000000e+07
-2.147483648000000000e+09,-2.147483648000000000e+09,-2.147483648000000000e+09,-2.147483648000000000e+09,-2.147483648000000000e+09,-2.147483648000000000e+09,-2.147483648000000000e+09,-2.147483648000000000e+09,-2.147483648000000000e+09,-2.147483648000000000e+09,-2.147483648000000000e+09,-2.147483648000000000e+09,-2.147483648000000000e+09,-2.147483648000000000e+09,-2.147483648000000000e+09,1.167438200000000000e+07,1.167438300000000000e+07,1.167438400000000000e+07,1.167438500000000000e+07,1.167438600000000000e+07,1.167438700000000000e+07,1.167438800000000000e+07,1.167438900000000000e+07,1.167439000000000000e+07,1.167439100000000000e+07,1.167439200000000000e+07,1.167439300000000000e+07,1.167439400000000000e+07,1.167439500000000000e+07,1.167439600000000000e+07,1.167439700000000000e+07,1.167439800000000000e+07,1.167439900000000000e+07,1.167440000000000000e+07,1.167440100000000000e+07,1.167440200000000000e+07,1.167440300000000000e+07,1.167440400000000000e+07,1.167440500000000000e+07,1.167440600000000000e+07,1.167440700000000000e+07,1.167440800000000000e+07,1.167440900000000000e+07,1.167441000000000000e+07,1.167441100000000000e+07,1.167441200000000000e+07,1.167441300000000000e+07,1.167441400000000000e+07,1.167441500000000000e+07,1.167441600000000000e+07,1.167441700000000000e+07,1.167441800000000000e+07,1.167441900000000000e+07,1.167442000000000000e+07,1.167442100000000000e+07,1.167442200000000000e+07,1.167442300000000000e+07,1.167442400000000000e+07,1.167442500000000000e+07,1.167442600000000000e+07,1.167442700000000000e+07,1.167442800000000000e+07,1.167442900000000000e+07,1.167443000000000000e+07,1.167443100000000000e+07,1.167443200000000000e+07,1.167443300000000000e+07,1.167443400000000000e+07,1.167443500000000000e+07,1.167443600000000000e+07,1.167443700000000000e+07,1.167443800000000000e+07,1.167443900000000000e+07,1.167444000000000000e+07,1.167444100000000000e+07,1.167444200000000000e+07
-2.147483648000000000e+09,-2.147483648000000000e+09,-2.147483648000000000e+09,-2.147483648000000000e+09,-2.147483648000000000e+09,-2.147483648000000000e+09,-2.147483648000000000e+09,-2.147483648000000000e+09,-2.147483648000000000e+09,-2.147483648000000000e+09,-2.147483648000000000e+09,-2.147483648000000000e+09,-2.147483648000000000e+09,-2.147483648000000000e+09,-2.147483648000000000e+09,1.168158200000000000e+07,1.168158300000000000e+07,1.168158400000000000e+07,1.168158500000000000e+07,1.168158600000000000e+07,1.168158700000000000e+07,1.168158800000000000e+07,1.168158900000000000e+07,1.168159000000000000e+07,1.168159100000000000e+07,1.168159200000000000e+07,1.168159300000000000e+07,1.168159400000000000e+07,1.168159500000000000e+07,1.168159600000000000e+07,1.168159700000000000e+07,1.168159800000000000e+07,1.168159900000000000e+07,1.168160000000000000e+07,1.168160100000000000e+07,1.168160200000000000e+07,1.168160300000000000e+07,1.168160400000000000e+07,1.168160500000000000e+07,1.168160600000000000e+07,1.168160700000000000e+07,1.168160800000000000e+07,1.168160900000000000e+07,1.168161000000000000e+07,1.168161100000000000e+07,1.168161200000000000e+07,1.168161300000000000e+07,1.168161400000000000e+07,1.168161500000000000e+07,1.168161600000000000e+07,1.168161700000000000e+07,1.168161800000000000e+07,1.168161900000000000e+07,1.168162000000000000e+07,1.168162100000000000e+07,1.168162200000000000e+07,1.168162300000000000e+07,1.168162400000000000e+07,1.168162500000000000e+07,1.168162600000000000e+07,1.168162700000000000e+07,1.168162800000000000e+07,1.168162900000000000e+07,1.168163000000000000e+07,1.168163100000000000e+07,1.168163200000000000e+07,1.168163300000000000e+07,1.168163400000000000e+07,1.168163500000000000e+07,1.168163600000000000e+07,1.168163700000000000e+07,1.168163800000000000e+07,1.168163900000000000e+07,1.168164000000000000e+07,1.168164100000000000e+07,-2.147483648000000000e+09
-2.147483648000000000e+09,-2.147483648000000000e+09,-2.147483648000000000e+09,-2.147483648000000000e+09,-2.147483648000000000e+09,-2.147483648000000000e+09,-2.147483648000000000e+09,-2.147483648000000000e+09,-2.147483648000000000e+09,-2.147483648000000000e+09,-2.147483648000000000e+09,-2.147483648000000000e+09,-2.147483648000000000e+09,-2.147483648000000000e+09,-2.147483648000000000e+09,-2.147483648000000000e+09,1.168878300000000000e+07,1.168878400000000000e+07,1.168878500000000000e+07,1.168878600000000000e+07,1.168878700000000000e+07,1.168878800000000000e+07,1.168878900000000000e+07,1.168879000000000000e+07,1.168879100000000000e+07,1.168879200000000000e+07,1.168879300000000000e+07,1.168879400000000000e+07,1.168879500000000000e+07,1.168879600000000000e+07,1.168879700000000000e+07,1.168879800000000000e+07,1.168879900000000000e+07,1.168880000000000000e+07,1.168880100000000000e+07,1.168880200000000000e+07,1.168880300000000000e+07,1.168880400000000000e+07,1.168880500000000000e+07,1.168880600000000000e+07,1.168880700000000000e+07,1.168880800000000000e+07,1.168880900000000000e+07,1.168881000000000000e+07,1.168881100000000000e+07,1.168881200000000000e+07,1.168881300000000000e+07,1.168881400000000000e+07,1.168881500000000000e+07,1.168881600000000000e+07,1.168881700000000000e+07,1.168881800000000000e+07,1.168881900000000000e+07,1.168882000000000000e+07,1.168882100000000000e+07,1.168882200000000000e+07,1.168882300000000000e+07,1.168882400000000000e+07,1.168882500000000000e+07,1.168882600000000000e+07,1.168882700000000000e+07,1.168882800000000000e+07,1.168882900000000000e+07,1.168883000000000000e+07,1.168883100000000000e+07,1.168883200000000000e+07,1.168883300000000000e+07,1.168883400000000000e+07,1.168883500000000000e+07,1.168883600000000000e+07,1.168883700000000000e+07,1.168883800000000000e+07,1.168883900000000000e+07,1.168884000000000000e+07,-2.147483648000000000e+09,-2.147483648000000000e+09
-2.147483648000000000e+09,-2.147483648000000000e+09,-2.147483648000000000e+09,-2.147483648000000000e+09,-2.147483648000000000e+09,-2.147483648000000000e+09,-2.147483648000000000e+09,-2.147483648000000000e+09,-2.147483648000000000e+09,-2.147483648000000000e+09,-2.147483648000000000e+09,-2.147483648000000000e+09,-2.147483648000000000e+09,-2.147483648000000000e+09,-2.147483648000000000e+09,-2.147483648000000000e+09,1.169598300000000000e+07,1.169598400000000000e+07,1.169598500000000000e+07,1.169598600000000000e+07,1.169598700000000000e+07,1.169598800000000000e+07,1.169598900000000000e+07,1.169599000000000000e+07,1.169599100000000000e+07,1.169599200000000000e+07,1.169599300000000000e+07,1.169599400000000000e+07,1.169599500000000000e+07,1.169599600000000000e+07,1.169599700000000000e+07,1.169599800000000000e+07,1.169599900000000000e+07,1.169600000000000000e+07,1.169600100000000000e+07,1.169600200000000000e+07,1.169600300000000000e+07,1.169600400000000000e+07,1.169600500000000000e+07,1.169600600000000000e+07,1.169600700000000000e+07,1.169600800000000000e+07,1.169600900000000000e+07,1.169601000000000000e+07,1.169601100000000000e+07,1.169601200000000000e+07,1.169601300000000000e+07,1.169601400000000000e+07,1.169601500000000000e+07,1.169601600000000000e+07,1.169601700000000000e+07,1.169601800000000000e+07,1.169601900000000000e+07,1.169602000000000000e+07,1.169602100000000000e+07,1.169602200000000000e+07,1.169602300000000000e+07,1.169602400000000000e+07,1.169602500000000000e+07,1.169602600000000000e+07,1.169602700000000000e+07,1.169602800000000000e+07,1.169602900000000000e+07,1.169603000000000000e+07,1.169603100000000000e+07,1.169603200000000000e+07,1.169603300000000000e+07,1.169603400000000000e+07,1.169603500000000000e+07,1.169603600000000000e+07,1.169603700000000000e+07,1.169603800000000000e+07,1.169603900000000000e+07,-2.147483648000000000e+09,-2.147483648000000000e+09,-2.147483648000000000e+09
-2.147483648000000000e+09,-2.147483648000000000e+09,-2.147483648000000000e+09,-2.147483648000000000e+09,-2.147483648000000000e+09,-2.147483648000000000e+09,-2.147483648000000000e+09,-2.147483648000000000e+09,-2.147483648000000000e+09,-2.147483648000000000e+09,-2.147483648000000000e+09,-2.147483648000000000e+09,-2.147483648000000000e+09,-2.147483648000000000e+09,-2.147483648000000000e+09,1.170318200000000000e+07,1.170318300000000000e+07,1.170318400000000000e+07,1.170318500000000000e+07,1.170318600000000000e+07,1.170318700000000000e+07,1.170318800000000000e+07,1.170318900000000000e+07,1.170319000000000000e+07,1.170319100000000000e+07,1.170319200000000000e+07,1.170319300000000000e+07,1.170319400000000000e+07,1.170319500000000000e+07,1.170319600000000000e+07,1.170319700000000000e+07,1.170319800000000000e+07,1.170319900000000000e+07,1.170320000000000000e+07,1.170320100000000000e+07,1.170320200000000000e+07,1.170320300000000000e+07,1.170320400000000000e+07,1.170320500000000000e+07,1.170320600000000000e+07,1.170320700000000000e+07,1.170320800000000000e+07,1.170320900000000000e+07,1.170321000000000000e+07,1.170321100000000000e+07,1.170321200000000000e+07,1.170321300000000000e+07,1.170321400000000000e+07,1.170321500000000000e+07,1.170321600000000000e+07,1.170321700000000000e+07,1.170321800000000000e+07,1.170321900000000000e+07,1.170322000000000000e+07,1.170322100000000000e+07,1.170322200000000000e+07,1.170322300000000000e+07,1.170322400000000000e+07,1.170322500000000000e+07,1.170322600000000000e+07,1.170322700000000000e+07,1.170322800000000000e+07,1.170322900000000000e+07,1.170323000000000000e+07,1.170323100000000000e+07,1.170323200000000000e+07,1.170323300000000000e+07,1.170323400000000000e+07,1.170323500000000000e+07,1.170323600000000000e+07,1.170323700000000000e+07,1.170323800000000000e+07,-2.147483648000000000e+09,-2.147483648000000000e+09,-2.147483648000000000e+09,-2.147483648000000000e+09
-2.147483648000000000e+09,-2.147483648000000000e+09,-2.147483648000000000e+09,-2.147483648000000000e+09,-2.147483648000000000e+09,-2.147483648000000000e+09,-2.147483648000000000e+09,-2.147483648000000000e+09,-2.147483648000000000e+09,-2.147483648000000000e+09,-2.147483648000000000e+09,-2.147483648000000000e+09,-2.147483648000000000e+09,-2.147483648000000000e+09,1.171038100000000000e+07,1.171038200000000000e+07,1.171038300000000000e+07,1.171038400000000000e+07,1.171038500000000000e+07,1.171038600000000000e+07,1.171038700000000000e+07,1.171038800000000000e+07,1.171038900000000000e+07,1.171039000000000000e+07,1.171039100000000000e+07,1.171039200000000000e+07,1.171039300000000000e+07,1.171039400000000000e+07,1.171039500000000000e+07,1.171039600000000000e+07,1.171039700000000000e+07,1.171039800000000000e+07,1.171039900000000000e+07,1.171040000000000000e+07,1.171040100000000000e+07,1.171040200000000000e+07,1.171040300000000000e+07,1.171040400000000000e+07,1.171040500000000000e+07,1.171040600000000000e+07,1.171040700000000000e+07,1.171040800000000000e+07,1.171040900000000000e+07,1.171041000000000000e+07,1.171041100000000000e+07,1.171041200000000000e+07,1.171041300000000000e+07,1.171041400000000000e+07,1.171041500000000000e+07,1.171041600000000000e+07,1.171041700000000000e+07,1.171041800000000000e+07,1.171041900000000000e+07,1.171042000000000000e+07,1.171042100000000000e+07,1.171042200000000000e+07,1.171042300000000000e+07,1.171042400000000000e+07,1.171042500000000000e+07,1.171042600000000000e+07,1.171042700000000000e+07,1.171042800000000000e+07,1.171042900000000000e+07,1.171043000000000000e+07,1.171043100000000000e+07,1.171043200000000000e+07,1.171043300000000000e+07,1.171043400000000000e+07,1.171043500000000000e+07,1.171043600000000000e+07,1.171043700000000000e+07,-2.147483648000000000e+09,-2.147483648000000000e+09,-2.147483648000000000e+09,-2.147483648000000000e+09,-2.147483648000000000e+09
-2.147483648000000000e+09,-2.147483648000000000e+09,-2.147483648000000000e+09,-2.147483648000000000e+09,-2.147483648000000000e+09,-2.147483648000000000e+09,-2.147483648000000000e+09,-2.147483648000000000e+09,-2.147483648000000000e+09,-2.147483648000000000e+09,-2.147483648000000000e+09,-2.147483648000000000e+09,-2.147483648000000000e+09,1.171758000000000000e+07,1.171758100000000000e+07,1.171758200000000000e+07,1.171758300000000000e+07,1.171758400000000000e+07,1.171758500000000000e+07,1.171758600000000000e+07,1.171758700000000000e+07,1.171758800000000000e+07,1.171758900000000000e+07,1.171759000000000000e+07,1.171759100000000000e+07,1.171759200000000000e+07,1.171759300000000000e+07,1.171759400000000000e+07,1.171759500000000000e+07,1.171759600000000000e+07,1.171759700000000000e+07,1.171759800000000000e+07,1.171759900000000000e+07,1.171760000000000000e+07,1.171760100000000000e+07,1.171760200000000000e+07,1.171760300000000000e+07,1.171760400000000000e+07,1.171760500000000000e+07,1.171760600000000000e+07,1.171760700000000000e+07,1.171760800000000000e+07,1.171760900000000000e+07,1.171761000000000000e+07,1.171761100000000000e+07,1.171761200000000000e+07,1.171761300000000000e+07,1.171761400000000000e+07,1.171761500000000000e+07,1.171761600000000000e+07,1.171761700000000000e+07,1.171761800000000000e+07,1.171761900000000000e+07,1.171762000000000000e+07,1.171762100000000000e+07,1.171762200000000000e+07,1.171762300000000000e+07,1.171762400000000000e+07,1.171762500000000000e+07,1.171762600000000000e+07,1.171762700000000000e+07,1.171762800000000000e+07,1.171762900000000000e+07,1.171763000000000000e+07,1.171763100000000000e+07,1.171763200000000000e+07,1.171763300000000000e+07,1.171763400000000000e+07,1.171763500000000000e+07,-2.147483648000000000e+09,-2.147483648000000000e+09,-2.147483648000000000e+09,-2.147483648000000000e+09,-2.147483648000000000e+09,-2.147483648000000000e+09,-2.147483648000000000e+09
-2.147483648000000000e+09,-2.147483648000000000e+09,-2.147483648000000000e+09,-2.147483648000000000e+09,-2.147483648000000000e+09,-2.147483648000000000e+09,-2.147483648000000000e+09,-2.147483648000000000e+09,-2.147483648000000000e+09,-2.147483648000000000e+09,-2.147483648000000000e+09,-2.147483648000000000e+09,-2.147483648000000000e+09,1.172478000000000000e+07,1.172478100000000000e+07,1.172478200000000000e+07,1.172478300000000000e+07,1.172478400000000000e+07,1.172478500000000000e+07,1.172478600000000000e+07,1.172478700000000000e+07,1.172478800000000000e+07,1.172478900000000000e+07,1.172479000000000000e+07,1.172479100000000000e+07,1.172479200000000000e+07,1.172479300000000000e+07,1.172479400000000000e+07,1.172479500000000000e+07,1.172479600000000000e+07,1.172479700000000000e+07,1.172479800000000000e+07,1.172479900000000000e+07,1.172480000000000000e+07,1.172480100000000000e+07,1.172480200000000000e+07,1.172480300000000000e+07,1.172480400000000000e+07,1.172480500000000000e+07,1.172480600000000000e+07,1.172480700000000000e+07,1.172480800000000000e+07,1.172480900000000000e+07,1.172481000000000000e+07,1.172481100000000000e+07,1.172481200000000000e+07,1.172481300000000000e+07,1.172481400000000000e+07,1.172481500000000000e+07,1.172481600000000000e+07,1.172481700000000000e+07,1.172481800000000000e+07,1.172481900000000000e+07,1.172482000000000000e+07,1.172482100000000000e+07,1.172482200000000000e+07,1.172482300000000000e+07,1.172482400000000000e+07,1.172482500000000000e+07,1.172482600000000000e+07,1.172482700000000000e+07,1.172482800000000000e+07,1.172482900000000000e+07,1.172483000000000000e+07,1.172483100000000000e+07,1.172483200000000000e+07,1.172483300000000000e+07,1.172483400000000000e+07,1.172483500000000000e+07,1.172483600000000000e+07,-2.147483648000000000e+09,-2.147483648000000000e+09,-2.147483648000000000e+09,-2.147483648000000000e+09,-2.147483648000000000e+09,-2.147483648000000000e+09
-2.147483648000000000e+09,-2.147483648000000000e+09,-2.147483648000000000e+09,-2.147483648000000000e+09,-2.147483648000000000e+09,-2.147483648000000000e+09,-2.147483648000000000e+09,-2.147483648000000000e+09,-2.147483648000000000e+09,-2.147483648000000000e+09,-2.147483648000000000e+09,-2.147483648000000000e+09,1.173197900000000000e+07,1.173198000000000000e+07,1.173198100000000000e+07,1.173198200000000000e+07,1.173198300000000000e+07,1.173198400000000000e+07,1.173198500000000000e+07,1.173198600000000000e+07,1.173198700000000000e+07,1.173198800000000000e+07,1.173198900000000000e+07,1.173199000000000000e+07,1.173199100000000000e+07,1.173199200000000000e+07,1.173199300000000000e+07,1.173199400000000000e+07,1.173199500000000000e+07,1.173199600000000000e+07,1.173199700000000000e+07,1.173199800000000000e+07,1.173199900000000000e+07,1.173200000000000000e+07,1.173200100000000000e+07,1.173200200000000000e+07,1.173200300000000000e+07,1.173200400000000000e+07,1.173200500000000000e+07,1.173200600000000000e+07,1.173200700000000000e+07,1.173200800000000000e+07,1.173200900000000000e+07,1.173201000000000000e+07,1.173201100000000000e+07,1.173201200000000000e+07,1.173201300000000000e+07,1.173201400000000000e+07,1.173201500000000000e+07,1.173201600000000000e+07,1.173201700000000000e+07,1.173201800000000000e+07,1.173201900000000000e+07,1.173202000000000000e+07,1.173202100000000000e+07,1.173202200000000000e+07,1.173202300000000000e+07,1.173202400000000000e+07,1.173202500000000000e+07,1.173202600000000000e+07,1.173202700000000000e+07,1.173202800000000000e+07,1.173202900000000000e+07,1.173203000000000000e+07,1.173203100000000000e+07,1.173203200000000000e+07,1.173203300000000000e+07,1.173203400000000000e+07,1.173203500000000000e+07,-2.147483648000000000e+09,-2.147483648000000000e+09,-2.147483648000000000e+09,-2.147483648000000000e+09,-2.147483648000000000e+09,-2.147483648000000000e+09,-2.147483648000000000e+09
-2.147483648000000000e+09,-2.147483648000000000e+09,-2.147483648000000000e+09,-2.147483648000000000e+09,-2.147483648000000000e+09,-2.147483648000000000e+09,-2.147483648000000000e+09,-2.147483648000000000e+09,-2.147483648000000000e+09,-2.147483648000000000e+09,-2.147483648000000000e+09,-2.147483648000000000e+09,-2.147483648000000000e+09,-2.147483648000000000e+09,-2.147483648000000000e+09,1.173918200000000000e+07,1.173918300000000000e+07,1.173918400000000000e+07,1.173918500000000000e+07,1.173918600000000000e+07,1.173918700000000000e+07,1.173918800000000000e+07,1.173918900000000000e+07,1.173919000000000000e+07,1.173919100000000000e+07,1.173919200000000000e+07,1.173919300000000000e+07,1.173919400000000000e+07,1.173919500000000000e+07,1.173919600000000000e+07,1.173919700000000000e+07,1.173919800000000000e+07,1.173919900000000000e+07,1.173920000000000000e+07,1.173920100000000000e+07,1.173920200000000000e+07,1.173920300000000000e+07,1.173920400000000000e+07,1.173920500000000000e+07,1.173920600000000000e+07,1.173920700000000000e+07,1.173920800000000000e+07,1.173920900000000000e+07,1.173921000000000000e+07,1.173921100000000000e+07,1.173921200000000000e+07,1.173921300000000000e+07,1.173921400000000000e+07,1.173921500000000000e+07,1.173921600000000000e+07,1.173921700000000000e+07,1.173921800000000000e+07,1.173921900000000000e+07,1.173922000000000000e+07,1.173922100000000000e+07,1.173922200000000000e+07,1.173922300000000000e+07,1.173922400000000000e+07,1.173922500000000000e+07,1.173922600000000000e+07,1.173922700000000000e+07,1.173922800000000000e+07,1.173922900000000000e+07,1.173923000000000000e+07,1.173923100000000000e+07,1.173923200000000000e+07,1.173923300000000000e+07,1.173923400000000000e+07,-2.147483648000000000e+09,-2.147483648000000000e+09,1.173923700000000000e+07,-2.147483648000000000e+09,-2.147483648000000000e+09,-2.147483648000000000e+09,-2.147483648000000000e+09,-2.147483648000000000e+09
-2.147483648000000000e+09,-2.147483648000000000e+09,-2.147483648000000000e+09,-2.147483648000000000e+09,-2.147483648000000000e+09,-2.147483648000000000e+09,-2.147483648000000000e+09,-2.147483648000000000e+09,-2.147483648000000000e+09,-2.147483648000000000e+09,-2.147483648000000000e+09,-2.147483648000000000e+09,-2.147483648000000000e+09,-2.147483648000000000e+09,1.174638100000000000e+07,1.174638200000000000e+07,1.174638300000000000e+07,1.174638400000000000e+07,1.174638500000000000e+07,1.174638600000000000e+07,1.174638700000000000e+07,1.174638800000000000e+07,1.174638900000000000e+07,1.174639000000000000e+07,1.174639100000000000e+07,1.174639200000000000e+07,1.174639300000000000e+07,1.174639400000000000e+07,1.174639500000000000e+07,1.174639600000000000e+07,1.174639700000000000e+07,1.174639800000000000e+07,1.174639900000000000e+07,1.174640000000000000e+07,1.174640100000000000e+07,1.174640200000000000e+07,1.174640300000000000e+07,1.174640400000000000e+07,1.174640500000000000e+07,1.174640600000000000e+07,1.174640700000000000e+07,1.174640800000000000e+07,1.174640900000000000e+07,1.174641000000000000e+07,1.174641100000000000e+07,1.174641200000000000e+07,1.174641300000000000e+07,1.174641400000000000e+07,1.174641500000000000e+07,1.174641600000000000e+07,1.174641700000000000e+07,1.174641800000000000e+07,1.174641900000000000e+07,1.174642000000000000e+07,1.174642100000000000e+07,1.174642200000000000e+07,1.174642300000000000e+07,1.174642400000000000e+07,1.174642500000000000e+07,1.174642600000000000e+07,1.174642700000000000e+07,1.174642800000000000e+07,1.174642900000000000e+07,1.174643000000000000e+07,1.174643100000000000e+07,1.174643200000000000e+07,1.174643300000000000e+07,1.174643400000000000e+07,1.174643500000000000e+07,-2.147483648000000000e+09,-2.147483648000000000e+09,-2.147483648000000000e+09,-2.147483648000000000e+09,-2.147483648000000000e+09,-2.147483648000000000e+09,-2.147483648000000000e+09
-2.147483648000000000e+09,-2.147483648000000000e+09,-2.147483648000000000e+09,-2.147483648000000000e+09,-2.147483648000000000e+09,-2.147483648000000000e+09,-2.147483648000000000e+09,-2.147483648000000000e+09,-2.147483648000000000e+09,-2.147483648000000000e+09,-2.147483648000000000e+09,-2.147483648000000000e+09,-2.147483648000000000e+09,1.175358000000000000e+07,1.175358100000000000e+07,1.175358200000000000e+07,1.175358300000000000e+07,1.175358400000000000e+07,1.175358500000000000e+07,1.175358600000000000e+07,1.175358700000000000e+07,1.175358800000000000e+07,1.175358900000000000e+07,1.175359000000000000e+07,1.175359100000000000e+07,1.175359200000000000e+07,1.175359300000000000e+07,1.175359400000000000e+07,1.175359500000000000e+07,1.175359600000000000e+07,1.175359700000000000e+07,1.175359800000000000e+07,1.175359900000000000e+07,1.175360000000000000e+07,1.175360100000000000e+07,1.175360200000000000e+07,1.175360300000000000e+07,1.175360400000000000e+07,1.175360500000000000e+07,1.175360600000000000e+07,1.175360700000000000e+07,1.175360800000000000e+07,1.175360900000000000e+07,1.175361000000000000e+07,1.175361100000000000e+07,1.175361200000000000e+07,1.175361300000000000e+07,1.175361400000000000e+07,1.175361500000000000e+07,1.175361600000000000e+07,1.175361700000000000e+07,1.175361800000000000e+07,1.175361900000000000e+07,1.175362000000000000e+07,1.175362100000000000e+07,1.175362200000000000e+07,1.175362300000000000e+07,1.175362400000000000e+07,1.175362500000000000e+07,1.175362600000000000e+07,1.175362700000000000e+07,1.175362800000000000e+07,1.175362900000000000e+07,1.175363000000000000e+07,1.175363100000000000e+07,1.175363200000000000e+07,1.175363300000000000e+07,1.175363400000000000e+07,-2.147483648000000000e+09,-2.147483648000000000e+09,-2.147483648000000000e+09,-2.147483648000000000e+09,-2.147483648000000000e+09,-2.147483648000000000e+09,-2.147483648000000000e+09,-2.147483648000000000e+09
-2.147483648000000000e+09,-2.147483648000000000e+09,-2.147483648000000000e+09,-2.147483648000000000e+09,-2.147483648000000000e+09,-2.147483648000000000e+09,-2.147483648000000000e+09,-2.147483648000000000e+09,-2.147483648000000000e+09,-2.147483648000000000e+09,-2.147483648000000000e+09,-2.147483648000000000e+09,-2.147483648000000000e+09,-2.147483648000000000e+09,1.176078100000000000e+07,1.176078200000000000e+07,1.176078300000000000e+07,1.176078400000000000e+07,1.176078500000000000e+07,1.176078600000000000e+07,1.176078700000000000e+07,1.176078800000000000e+07,1.176078900000000000e+07,1.176079000000000000e+07,1.176079100000000000e+07,1.176079200000000000e+07,1.176079300000000000e+07,1.176079400000000000e+07,1.176079500000000000e+07,1.176079600000000000e+07,1.176079700000000000e+07,1.176079800000000000e+07,1.176079900000000000e+07,1.176080000000000000e+07,1.176080100000000000e+07,1.176080200000000000e+07,1.176080300000000000e+07,1.176080400000000000e+07,1.176080500000000000e+07,1.176080600000000000e+07,1.176080700000000000e+07,1.176080800000000000e+07,1.176080900000000000e+07,1.176081000000000000e+07,1.176081100000000000e+07,1.176081200000000000e+07,1.176081300000000000e+07,1.176081400000000000e+07,1.176081500000000000e+07,1.176081600000000000e+07,1.176081700000000000e+07,1.176081800000000000e+07,1.176081900000000000e+07,1.176082000000000000e+07,1.176082100000000000e+07,1.176082200000000000e+07,1.176082300000000000e+07,1.176082400000000000e+07,1.176082500000000000e+07,1.176082600000000000e+07,1.176082700000000000e+07,1.176082800000000000e+07,1.176082900000000000e+07,1.176083000000000000e+07,1.176083100000000000e+07,1.176083200000000000e+07,1.176083300000000000e+07,-2.147483648000000000e+09,-2.147483648000000000e+09,-2.147483648000000000e+09,-2.147483648000000000e+09,-2.147483648000000000e+09,-2.147483648000000000e+09,-2.147483648000000000e+09,-2.147483648000000000e+09,-2.147483648000000000e+09
-2.147483648000000000e+09,-2.147483648000000000e+09,-2.147483648000000000e+09,-2.147483648000000000e+09,-2.147483648000000000e+09,-2.147483648000000000e+09,-2.147483648000000000e+09,-2.147483648000000000e+09,-2.147483648000000000e+09,-2.147483648000000000e+09,-2.147483648000000000e+09,-2.147483648000000000e+09,-2.147483648000000000e+09,1.176798000000000000e+07,1.176798100000000000e+07,1.176798200000000000e+07,1.176798300000000000e+07,1.176798400000000000e+07,1.176798500000000000e+07,1.176798600000000000e+07,1.176798700000000000e+07,1.176798800000000000e+07,1.176798900000000000e+07,1.176799000000000000e+07,1.176799100000000000e+07,1.176799200000000000e+07,1.176799300000000000e+07,1.176799400000000000e+07,1.176799500000000000e+07,1.176799600000000000e+07,1.176799700000000000e+07,1.176799800000000000e+07,1.176799900000000000e+07,1.176800000000000000e+07,1.176800100000000000e+07,1.176800200000000000e+07,1.176800300000000000e+07,1.176800400000000000e+07,1.176800500000000000e+07,1.176800600000000000e+07,1.176800700000000000e+07,1.176800800000000000e+07,1.176800900000000000e+07,1.176801000000000000e+07,1.176801100000000000e+07,1.176801200000000000e+07,1.176801300000000000e+07,1.176801400000000000e+07,1.176801500000000000e+07,1.176801600000000000e+07,1.176801700000000000e+07,1.176801800000000000e+07,1.176801900000000000e+07,1.176802000000000000e+07,1.176802100000000000e+07,1.176802200000000000e+07,1.176802300000000000e+07,1.176802400000000000e+07,1.176802500000000000e+07,1.176802600000000000e+07,1.176802700000000000e+07,1.176802800000000000e+07,1.176802900000000000e+07,1.176803000000000000e+07,1.176803100000000000e+07,1.176803200000000000e+07,-2.147483648000000000e+09,-2.147483648000000000e+09,-2.147483648000000000e+09,-2.147483648000000000e+09,-2.147483648000000000e+09,-2.147483648000000000e+09,-2.147483648000000000e+09,-2.147483648000000000e+09,-2.147483648000000000e+09,-2.147483648000000000e+09
-2.147483648000000000e+09,-2.147483648000000000e+09,-2.147483648000000000e+09,-2.147483648000000000e+09,-2.147483648000000000e+09,-2.147483648000000000e+09,-2.147483648000000000e+09,-2.147483648000000000e+09,-2.147483648000000000e+09,-2.147483648000000000e+09,-2.147483648000000000e+09,-2.147483648000000000e+09,-2.147483648000000000e+09,-2.147483648000000000e+09,1.177518100000000000e+07,1.177518200000000000e+07,1.177518300000000000e+07,1.177518400000000000e+07,1.177518500000000000e+07,1.177518600000000000e+07,1.177518700000000000e+07,1.177518800000000000e+07,1.177518900000000000e+07,1.177519000000000000e+07,1.177519100000000000e+07,1.177519200000000000e+07,1.177519300000000000e+07,1.177519400000000000e+07,1.177519500000000000e+07,1.177519600000000000e+07,1.177519700000000000e+07,1.177519800000000000e+07,1.177519900000000000e+07,1.177520000000000000e+07,1.177520100000000000e+07,1.177520200000000000e+07,1.177520300000000000e+07,1.177520400000000000e+07,1.177520500000000000e+07,1.177520600000000000e+07,1.177520700000000000e+07,1.177520800000000000e+07,1.177520900000000000e+07,1.177521000000000000e+07,1.177521100000000000e+07,1.177521200000000000e+07,1.177521300000000000e+07,1.177521400000000000e+07,1.177521500000000000e+07,1.177521600000000000e+07,1.177521700000000000e+07,1.177521800000000000e+07,1.177521900000000000e+07,1.177522000000000000e+07,1.177522100000000000e+07,1.177522200000000000e+07,1.177522300000000000e+07,1.177522400000000000e+07,1.177522500000000000e+07,1.177522600000000000e+07,1.177522700000000000e+07,1.177522800000000000e+07,1.177522900000000000e+07,1.177523000000000000e+07,1.177523100000000000e+07,-2.147483648000000000e+09,-2.147483648000000000e+09,-2.147483648000000000e+09,-2.147483648000000000e+09,-2.147483648000000000e+09,-2.147483648000000000e+09,-2.147483648000000000e+09,-2.147483648000000000e+09,-2.147483648000000000e+09,-2.147483648000000000e+09,-2.147483648000000000e+09
-2.147483648000000000e+09,-2.147483648000000000e+09,-2.147483648000000000e+09,-2.147483648000000000e+09,-2.147483648000000000e+09,-2.147483648000000000e+09,-2.147483648000000000e+09,-2.147483648000000000e+09,-2.147483648000000000e+09,-2.147483648000000000e+09,-2.147483648000000000e+09,-2.147483648000000000e+09,-2.147483648000000000e+09,1.178238000000000000e+07,1.178238100000000000e+07,1.178238200000000000e+07,1.178238300000000000e+07,1.178238400000000000e+07,1.178238500000000000e+07,1.178238600000000000e+07,1.178238700000000000e+07,1.178238800000000000e+07,1.178238900000000000e+07,1.178239000000000000e+07,1.178239100000000000e+07,1.178239200000000000e+07,1.178239300000000000e+07,1.178239400000000000e+07,1.178239500000000000e+07,1.178239600000000000e+07,1.178239700000000000e+07,1.178239800000000000e+07,1.178239900000000000e+07,1.178240000000000000e+07,1.178240100000000000e+07,1.178240200000000000e+07,1.178240300000000000e+07,1.178240400000000000e+07,1.178240500000000000e+07,1.178240600000000000e+07,1.178240700000000000e+07,1.178240800000000000e+07,1.178240900000000000e+07,1.178241000000000000e+07,1.178241100000000000e+07,1.178241200000000000e+07,1.178241300000000000e+07,1.178241400000000000e+07,1.178241500000000000e+07,1.178241600000000000e+07,1.178241700000000000e+07,1.178241800000000000e+07,1.178241900000000000e+07,1.178242000000000000e+07,1.178242100000000000e+07,1.178242200000000000e+07,1.178242300000000000e+07,1.178242400000000000e+07,1.178242500000000000e+07,1.178242600000000000e+07,1.178242700000000000e+07,1.178242800000000000e+07,1.178242900000000000e+07,1.178243000000000000e+07,-2.147483648000000000e+09,-2.147483648000000000e+09,-2.147483648000000000e+09,-2.147483648000000000e+09,-2.147483648000000000e+09,-2.147483648000000000e+09,-2.147483648000000000e+09,-2.147483648000000000e+09,-2.147483648000000000e+09,-2.147483648000000000e+09,-2.147483648000000000e+09,-2.147483648000000000e+09
-2.147483648000000000e+09,-2.147483648000000000e+09,-2.147483648000000000e+09,-2.147483648000000000e+09,-2.147483648000000000e+09,-2.147483648000000000e+09,-2.147483648000000000e+09,-2.147483648000000000e+09,-2.147483648000000000e+09,-2.147483648000000000e+09,-2.147483648000000000e+09,-2.147483648000000000e+09,1.178957900000000000e+07,1.178958000000000000e+07,1.178958100000000000e+07,1.178958200000000000e+07,1.178958300000000000e+07,1.178958400000000000e+07,1.178958500000000000e+07,1.178958600000000000e+07,1.178958700000000000e+07,1.178958800000000000e+07,1.178958900000000000e+07,1.178959000000000000e+07,1.178959100000000000e+07,1.178959200000000000e+07,1.178959300000000000e+07,1.178959400000000000e+07,1.178959500000000000e+07,1.178959600000000000e+07,1.178959700000000000e+07,1.178959800000000000e+07,1.178959900000000000e+07,1.178960000000000000e+07,1.178960100000000000e+07,1.178960200000000000e+07,1.178960300000000000e+07,1.178960400000000000e+07,1.178960500000000000e+07,1.178960600000000000e+07,1.178960700000000000e+07,1.178960800000000000e+07,1.178960900000000000e+07,1.178961000000000000e+07,1.178961100000000000e+07,1.178961200000000000e+07,1.178961300000000000e+07,1.178961400000000000e+07,1.178961500000000000e+07,1.178961600000000000e+07,1.178961700000000000e+07,1.178961800000000000e+07,1.178961900000000000e+07,1.178962000000000000e+07,1.178962100000000000e+07,1.178962200000000000e+07,1.178962300000000000e+07,1.178962400000000000e+07,1.178962500000000000e+07,1.178962600000000000e+07,1.178962700000000000e+07,1.178962800000000000e+07,1.178962900000000000e+07,-2.147483648000000000e+09,-2.147483648000000000e+09,-2.147483648000000000e+09,-2.147483648000000000e+09,-2.147483648000000000e+09,-2.147483648000000000e+09,-2.147483648000000000e+09,-2.147483648000000000e+09,-2.147483648000000000e+09,-2.147483648000000000e+09,-2.147483648000000000e+09,-2.147483648000000000e+09,-2.147483648000000000e+09
-2.147483648000000000e+09,-2.147483648000000000e+09,-2.147483648000000000e+09,-2.147483648000000000e+09,-2.147483648000000000e+09,-2.147483648000000000e+09,-2.147483648000000000e+09,-2.147483648000000000e+09,-2.147483648000000000e+09,-2.147483648000000000e+09,-2.147483648000000000e+09,1.179677800000000000e+07,1.179677900000000000e+07,1.179678000000000000e+07,1.179678100000000000e+07,1.179678200000000000e+07,1.179678300000000000e+07,1.179678400000000000e+07,1.179678500000000000e+07,1.179678600000000000e+07,1.179678700000000000e+07,1.179678800000000000e+07,1.179678900000000000e+07,1.179679000000000000e+07,1.179679100000000000e+07,1.179679200000000000e+07,1.179679300000000000e+07,1.179679400000000000e+07,1.179679500000000000e+07,1.179679600000000000e+07,1.179679700000000000e+07,1.179679800000000000e+07,1.179679900000000000e+07,1.179680000000000000e+07,1.179680100000000000e+07,1.179680200000000000e+07,1.179680300000000000e+07,1.179680400000000000e+07,1.179680500000000000e+07,1.179680600000000000e+07,1.179680700000000000e+07,1.179680800000000000e+07,1.179680900000000000e+07,1.179681000000000000e+07,1.179681100000000000e+07,1.179681200000000000e+07,1.179681300000000000e+07,1.179681400000000000e+07,1.179681500000000000e+07,1.179681600000000000e+07,1.179681700000000000e+07,1.179681800000000000e+07,1.179681900000000000e+07,1.179682000000000000e+07,1.179682100000000000e+07,1.179682200000000000e+07,1.179682300000000000e+07,1.179682400000000000e+07,1.179682500000000000e+07,1.179682600000000000e+07,1.179682700000000000e+07,1.179682800000000000e+07,-2.147483648000000000e+09,-2.147483648000000000e+09,-2.147483648000000000e+09,-2.147483648000000000e+09,-2.147483648000000000e+09,-2.147483648000000000e+09,-2.147483648000000000e+09,-2.147483648000000000e+09,-2.147483648000000000e+09,-2.147483648000000000e+09,-2.147483648000000000e+09,-2.147483648000000000e+09,-2.147483648000000000e+09,-2.147483648000000000e+09
-2.147483648000000000e+09,-2.147483648000000000e+09,-2.147483648000000000e+09,-2.147483648000000000e+09,-2.147483648000000000e+09,-2.147483648000000000e+09,-2.147483648000000000e+09,-2.147483648000000000e+09,-2.147483648000000000e+09,-2.147483648000000000e+09,1.180397700000000000e+07,1.180397800000000000e+07,1.180397900000000000e+07,1.180398000000000000e+07,1.180398100000000000e+07,1.180398200000000000e+07,1.180398300000000000e+07,1.180398400000000000e+07,1.180398500000000000e+07,1.180398600000000000e+07,1.180398700000000000e+07,1.180398800000000000e+07,1.180398900000000000e+07,1.180399000000000000e+07,1.180399100000000000e+07,1.180399200000000000e+07,1.180399300000000000e+07,1.180399400000000000e+07,1.180399500000000000e+07,1.180399600000000000e+07,1.180399700000000000e+07,1.180399800000000000e+07,1.180399900000000000e+07,1.180400000000000000e+07,1.180400100000000000e+07,1.180400200000000000e+07,1.180400300000000000e+07,1.180400400000000000e+07,1.180400500000000000e+07,1.180400600000000000e+07,1.180400700000000000e+07,1.180400800000000000e+07,1.180400900000000000e+07,1.180401000000000000e+07,1.180401100000000000e+07,1.180401200000000000e+07,1.180401300000000000e+07,1.180401400000000000e+07,1.180401500000000000e+07,1.180401600000000000e+07,1.180401700000000000e+07,1.180401800000000000e+07,1.180401900000000000e+07,1.180402000000000000e+07,1.180402100000000000e+07,1.180402200000000000e+07,1.180402300000000000e+07,1.180402400000000000e+07,1.180402500000000000e+07,1.180402600000000000e+07,1.180402700000000000e+07,-2.147483648000000000e+09,-2.147483648000000000e+09,-2.147483648000000000e+09,-2.147483648000000000e+09,-2.147483648000000000e+09,-2.147483648000000000e+09,-2.147483648000000000e+09,-2.147483648000000000e+09,-2.147483648000000000e+09,-2.147483648000000000e+09,-2.147483648000000000e+09,-2.147483648000000000e+09,-2.147483648000000000e+09,-2.147483648000000000e+09,-2.147483648000000000e+09
-2.147483648000000000e+09,-2.147483648000000000e+09,-2.147483648000000000e+09,-2.147483648000000000e+09,-2.147483648000000000e+09,-2.147483648000000000e+09,-2.147483648000000000e+09,-2.147483648000000000e+09,-2.147483648000000000e+09,1.181117600000000000e+07,1.181117700000000000e+07,1.181117800000000000e+07,1.181117900000000000e+07,1.181118000000000000e+07,1.181118100000000000e+07,1.181118200000000000e+07,1.181118300000000000e+07,1.181118400000000000e+07,1.181118500000000000e+07,1.181118600000000000e+07,1.181118700000000000e+07,1.181118800000000000e+07,1.181118900000000000e+07,1.181119000000000000e+07,1.181119100000000000e+07,1.181119200000000000e+07,1.181119300000000000e+07,1.181119400000000000e+07,1.181119500000000000e+07,1.181119600000000000e+07,1.181119700000000000e+07,1.181119800000000000e+07,1.181119900000000000e+07,1.181120000000000000e+07,1.181120100000000000e+07,1.181120200000000000e+07,1.181120300000000000e+07,1.181120400000000000e+07,1.181120500000000000e+07,1.181120600000000000e+07,1.181120700000000000e+07,1.181120800000000000e+07,1.181120900000000000e+07,1.181121000000000000e+07,1.181121100000000000e+07,1.181121200000000000e+07,1.181121300000000000e+07,1.181121400000000000e+07,1.181121500000000000e+07,1.181121600000000000e+07,1.181121700000000000e+07,1.181121800000000000e+07,1.181121900000000000e+07,1.181122000000000000e+07,1.181122100000000000e+07,1.181122200000000000e+07,1.181122300000000000e+07,1.181122400000000000e+07,1.181122500000000000e+07,1.181122600000000000e+07,-2.147483648000000000e+09,-2.147483648000000000e+09,-2.147483648000000000e+09,-2.147483648000000000e+09,-2.147483648000000000e+09,-2.147483648000000000e+09,-2.147483648000000000e+09,-2.147483648000000000e+09,-2.147483648000000000e+09,-2.147483648000000000e+09,-2.147483648000000000e+09,-2.147483648000000000e+09,-2.147483648000000000e+09,-2.147483648000000000e+09,-2.147483648000000000e+09,-2.147483648000000000e+09
-2.147483648000000000e+09,-2.147483648000000000e+09,-2.147483648000000000e+09,-2.147483648000000000e+09,-2.147483648000000000e+09,-2.147483648000000000e+09,-2.147483648000000000e+09,-2.147483648000000000e+09,-2.147483648000000000e+09,-2.147483648000000000e+09,1.181837700000000000e+07,1.181837800000000000e+07,1.181837900000000000e+07,1.181838000000000000e+07,1.181838100000000000e+07,1.181838200000000000e+07,1.181838300000000000e+07,1.181838400000000000e+07,1.181838500000000000e+07,1.181838600000000000e+07,1.181838700000000000e+07,1.181838800000000000e+07,1.181838900000000000e+07,1.181839000000000000e+07,1.181839100000000000e+07,1.181839200000000000e+07,1.181839300000000000e+07,1.181839400000000000e+07,1.181839500000000000e+07,1.181839600000000000e+07,1.181839700000000000e+07,1.181839800000000000e+07,1.181839900000000000e+07,1.181840000000000000e+07,1.181840100000000000e+07,1.181840200000000000e+07,1.181840300000000000e+07,1.181840400000000000e+07,1.181840500000000000e+07,1.181840600000000000e+07,1.181840700000000000e+07,1.181840800000000000e+07,1.181840900000000000e+07,1.181841000000000000e+07,1.181841100000000000e+07,1.181841200000000000e+07,1.181841300000000000e+07,1.181841400000000000e+07,1.181841500000000000e+07,1.181841600000000000e+07,1.181841700000000000e+07,1.181841800000000000e+07,1.181841900000000000e+07,1.181842000000000000e+07,1.181842100000000000e+07,1.181842200000000000e+07,1.181842300000000000e+07,1.181842400000000000e+07,1.181842500000000000e+07,-2.147483648000000000e+09,-2.147483648000000000e+09,-2.147483648000000000e+09,-2.147483648000000000e+09,-2.147483648000000000e+09,-2.147483648000000000e+09,-2.147483648000000000e+09,-2.147483648000000000e+09,-2.147483648000000000e+09,-2.147483648000000000e+09,-2.147483648000000000e+09,-2.147483648000000000e+09,-2.147483648000000000e+09,-2.147483648000000000e+09,-2.147483648000000000e+09,-2.147483648000000000e+09,-2.147483648000000000e+09
-2.147483648000000000e+09,-2.147483648000000000e+09,-2.147483648000000000e+09,-2.147483648000000000e+09,-2.147483648000000000e+09,-2.147483648000000000e+09,-2.147483648000000000e+09,-2.147483648000000000e+09,-2.147483648000000000e+09,1.182557600000000000e+07,1.182557700000000000e+07,1.182557800000000000e+07,1.182557900000000000e+07,1.182558000000000000e+07,1.182558100000000000e+07,1.182558200000000000e+07,1.182558300000000000e+07,1.182558400000000000e+07,1.182558500000000000e+07,1.182558600000000000e+07,1.182558700000000000e+07,1.182558800000000000e+07,1.182558900000000000e+07,1.182559000000000000e+07,1.182559100000000000e+07,1.182559200000000000e+07,1.182559300000000000e+07,1.182559400000000000e+07,1.182559500000000000e+07,1.182559600000000000e+07,1.182559700000000000e+07,1.182559800000000000e+07,1.182559900000000000e+07,1.182560000000000000e+07,1.182560100000000000e+07,1.182560200000000000e+07,1.182560300000000000e+07,1.182560400000000000e+07,1.182560500000000000e+07,1.182560600000000000e+07,1.182560700000000000e+07,1.182560800000000000e+07,1.182560900000000000e+07,1.182561000000000000e+07,1.182561100000000000e+07,1.182561200000000000e+07,1.182561300000000000e+07,1.182561400000000000e+07,1.182561500000000000e+07,1.182561600000000000e+07,1.182561700000000000e+07,1.182561800000000000e+07,1.182561900000000000e+07,1.182562000000000000e+07,1.182562100000000000e+07,1.182562200000000000e+07,1.182562300000000000e+07,1.182562400000000000e+07,-2.147483648000000000e+09,-2.147483648000000000e+09,-2.147483648000000000e+09,-2.147483648000000000e+09,-2.147483648000000000e+09,-2.147483648000000000e+09,-2.147483648000000000e+09,-2.147483648000000000e+09,-2.147483648000000000e+09,-2.147483648000000000e+09,-2.147483648000000000e+09,-2.147483648000000000e+09,-2.147483648000000000e+09,-2.147483648000000000e+09,-2.147483648000000000e+09,-2.147483648000000000e+09,-2.147483648000000000e+09,-2.147483648000000000e+09
-2.147483648000000000e+09,-2.147483648000000000e+09,-2.147483648000000000e+09,-2.147483648000000000e+09,-2.147483648000000000e+09,-2.147483648000000000e+09,-2.147483648000000000e+09,-2.147483648000000000e+09,1.183277500000000000e+07,1.183277600000000000e+07,1.183277700000000000e+07,1.183277800000000000e+07,1.183277900000000000e+07,1.183278000000000000e+07,1.183278100000000000e+07,1.183278200000000000e+07,1.183278300000000000e+07,1.183278400000000000e+07,1.183278500000000000e+07,1.183278600000000000e+07,1.183278700000000000e+07,1.183278800000000000e+07,1.183278900000000000e+07,1.183279000000000000e+07,1.183279100000000000e+07,1.183279200000000000e+07,1.183279300000000000e+07,1.183279400000000000e+07,1.183279500000000000e+07,1.183279600000000000e+07,1.183279700000000000e+07,1.183279800000000000e+07,1.183279900000000000e+07,1.183280000000000000e+07,1.183280100000000000e+07,1.183280200000000000e+07,1.183280300000000000e+07,1.183280400000000000e+07,1.183280500000000000e+07,1.183280600000000000e+07,1.183280700000000000e+07,1.183280800000000000e+07,1.183280900000000000e+07,1.183281000000000000e+07,1.183281100000000000e+07,1.183281200000000000e+07,1.183281300000000000e+07,1.183281400000000000e+07,1.183281500000000000e+07,1.183281600000000000e+07,1.183281700000000000e+07,1.183281800000000000e+07,1.183281900000000000e+07,1.183282000000000000e+07,1.183282100000000000e+07,1.183282200000000000e+07,1.183282300000000000e+07,-2.147483648000000000e+09,-2.147483648000000000e+09,-2.147483648000000000e+09,-2.147483648000000000e+09,-2.147483648000000000e+09,-2.147483648000000000e+09,-2.147483648000000000e+09,-2.147483648000000000e+09,-2.147483648000000000e+09,-2.147483648000000000e+09,-2.147483648000000000e+09,-2.147483648000000000e+09,-2.147483648000000000e+09,-2.147483648000000000e+09,-2.147483648000000000e+09,-2.147483648000000000e+09,-2.147483648000000000e+09,-2.147483648000000000e+09,-2.147483648000000000e+09
-2.147483648000000000e+09,-2.147483648000000000e+09,-2.147483648000000000e+09,-2.147483648000000000e+09,-2.147483648000000000e+09,-2.147483648000000000e+09,-2.147483648000000000e+09,1.183997400000000000e+07,1.183997500000000000e+07,1.183997600000000000e+07,1.183997700000000000e+07,1.183997800000000000e+07,1.183997900000000000e+07,1.183998000000000000e+07,1.183998100000000000e+07,1.183998200000000000e+07,1.183998300000000000e+07,1.183998400000000000e+07,1.183998500000000000e+07,1.183998600000000000e+07,1.183998700000000000e+07,1.183998800000000000e+07,1.183998900000000000e+07,1.183999000000000000e+07,1.183999100000000000e+07,1.183999200000000000e+07,1.183999300000000000e+07,1.183999400000000000e+07,1.183999500000000000e+07,1.183999600000000000e+07,1.183999700000000000e+07,1.183999800000000000e+07,1.183999900000000000e+07,1.184000000000000000e+07,1.184000100000000000e+07,1.184000200000000000e+07,1.184000300000000000e+07,1.184000400000000000e+07,1.184000500000000000e+07,1.184000600000000000e+07,1.184000700000000000e+07,1.184000800000000000e+07,1.184000900000000000e+07,1.184001000000000000e+07,1.184001100000000000e+07,1.184001200000000000e+07,1.184001300000000000e+07,1.184001400000000000e+07,1.184001500000000000e+07,1.184001600000000000e+07,1.184001700000000000e+07,1.184001800000000000e+07,1.184001900000000000e+07,1.184002000000000000e+07,1.184002100000000000e+07,1.184002200000000000e+07,-2.147483648000000000e+09,-2.147483648000000000e+09,-2.147483648000000000e+09,-2.147483648000000000e+09,-2.147483648000000000e+09,-2.147483648000000000e+09,-2.147483648000000000e+09,-2.147483648000000000e+09,-2.147483648000000000e+09,-2.147483648000000000e+09,-2.147483648000000000e+09,-2.147483648000000000e+09,-2.147483648000000000e+09,-2.147483648000000000e+09,-2.147483648000000000e+09,-2.147483648000000000e+09,-2.147483648000000000e+09,-2.147483648000000000e+09,-2.147483648000000000e+09,-2.147483648000000000e+09
-2.147483648000000000e+09,-2.147483648000000000e+09,-2.147483648000000000e+09,-2.147483648000000000e+09,-2.147483648000000000e+09,-2.147483648000000000e+09,1.184717300000000000e+07,1.184717400000000000e+07,1.184717500000000000e+07,1.184717600000000000e+07,1.184717700000000000e+07,1.184717800000000000e+07,1.184717900000000000e+07,1.184718000000000000e+07,1.184718100000000000e+07,1.184718200000000000e+07,1.184718300000000000e+07,1.184718400000000000e+07,1.184718500000000000e+07,1.184718600000000000e+07,1.184718700000000000e+07,1.184718800000000000e+07,1.184718900000000000e+07,1.184719000000000000e+07,1.184719100000000000e+07,1.184719200000000000e+07,1.184719300000000000e+07,1.184719400000000000e+07,1.184719500000000000e+07,1.184719600000000000e+07,1.184719700000000000e+07,1.184719800000000000e+07,1.184719900000000000e+07,1.184720000000000000e+07,1.184720100000000000e+07,1.184720200000000000e+07,1.184720300000000000e+07,1.184720400000000000e+07,1.184720500000000000e+07,1.184720600000000000e+07,1.184720700000000000e+07,1.184720800000000000e+07,1.184720900000000000e+07,1.184721000000000000e+07,1.184721100000000000e+07,1.184721200000000000e+07,1.184721300000000000e+07,1.184721400000000000e+07,1.184721500000000000e+07,1.184721600000000000e+07,1.184721700000000000e+07,-2.147483648000000000e+09,1.184721900000000000e+07,1.184722000000000000e+07,1.184722100000000000e+07,-2.147483648000000000e+09,-2.147483648000000000e+09,-2.147483648000000000e+09,-2.147483648000000000e+09,-2.147483648000000000e+09,-2.147483648000000000e+09,-2.147483648000000000e+09,-2.147483648000000000e+09,-2.147483648000000000e+09,-2.147483648000000000e+09,-2.147483648000000000e+09,-2.147483648000000000e+09,-2.147483648000000000e+09,-2.147483648000000000e+09,-2.147483648000000000e+09,-2.147483648000000000e+09,-2.147483648000000000e+09,-2.147483648000000000e+09,-2.147483648000000000e+09,-2.147483648000000000e+09,-2.147483648000000000e+09
-2.147483648000000000e+09,-2.147483648000000000e+09,-2.147483648000000000e+09,-2.147483648000000000e+09,-2.147483648000000000e+09,1.185437200000000000e+07,1.185437300000000000e+07,1.185437400000000000e+07,1.185437500000000000e+07,1.185437600000000000e+07,1.185437700000000000e+07,1.185437800000000000e+07,1.185437900000000000e+07,1.185438000000000000e+07,1.185438100000000000e+07,1.185438200000000000e+07,1.185438300000000000e+07,1.185438400000000000e+07,1.185438500000000000e+07,1.185438600000000000e+07,1.185438700000000000e+07,1.185438800000000000e+07,1.185438900000000000e+07,1.185439000000000000e+07,1.185439100000000000e+07,1.185439200000000000e+07,1.185439300000000000e+07,1.185439400000000000e+07,1.185439500000000000e+07,1.185439600000000000e+07,1.185439700000000000e+07,1.185439800000000000e+07,1.185439900000000000e+07,1.185440000000000000e+07,1.185440100000000000e+07,1.185440200000000000e+07,1.185440300000000000e+07,1.185440400000000000e+07,1.185440500000000000e+07,1.185440600000000000e+07,1.185440700000000000e+07,1.185440800000000000e+07,1.185440900000000000e+07,1.185441000000000000e+07,1.185441100000000000e+07,1.185441200000000000e+07,1.185441300000000000e+07,1.185441400000000000e+07,1.185441500000000000e+07,-2.147483648000000000e+09,-2.147483648000000000e+09,-2.147483648000000000e+09,-2.147483648000000000e+09,-2.147483648000000000e+09,1.185442100000000000e+07,-2.147483648000000000e+09,-2.147483648000000000e+09,-2.147483648000000000e+09,-2.147483648000000000e+09,-2.147483648000000000e+09,-2.147483648000000000e+09,-2.147483648000000000e+09,-2.147483648000000000e+09,-2.147483648000000000e+09,-2.147483648000000000e+09,-2.147483648000000000e+09,-2.147483648000000000e+09,-2.147483648000000000e+09,-2.147483648000000000e+09,-2.147483648000000000e+09,-2.147483648000000000e+09,-2.147483648000000000e+09,-2.147483648000000000e+09,-2.147483648000000000e+09,-2.147483648000000000e+09,-2.147483648000000000e+09
-2.147483648000000000e+09,-2.147483648000000000e+09,-2.147483648000000000e+09,-2.147483648000000000e+09,1.186157100000000000e+07,1.186157200000000000e+07,1.186157300000000000e+07,1.186157400000000000e+07,1.186157500000000000e+07,1.186157600000000000e+07,1.186157700000000000e+07,1.186157800000000000e+07,1.186157900000000000e+07,1.186158000000000000e+07,1.186158100000000000e+07,1.186158200000000000e+07,1.186158300000000000e+07,1.186158400000000000e+07,1.186158500000000000e+07,1.186158600000000000e+07,1.186158700000000000e+07,1.186158800000000000e+07,1.186158900000000000e+07,1.186159000000000000e+07,1.186159100000000000e+07,1.186159200000000000e+07,1.186159300000000000e+07,1.186159400000000000e+07,1.186159500000000000e+07,1.186159600000000000e+07,1.186159700000000000e+07,1.186159800000000000e+07,1.186159900000000000e+07,1.186160000000000000e+07,1.186160100000000000e+07,1.186160200000000000e+07,1.186160300000000000e+07,1.186160400000000000e+07,1.186160500000000000e+07,1.186160600000000000e+07,1.186160700000000000e+07,1.186160800000000000e+07,1.186160900000000000e+07,1.186161000000000000e+07,1.186161100000000000e+07,1.186161200000000000e+07,1.186161300000000000e+07,1.186161400000000000e+07,-2.147483648000000000e+09,-2.147483648000000000e+09,-2.147483648000000000e+09,-2.147483648000000000e+09,-2.147483648000000000e+09,-2.147483648000000000e+09,-2.147483648000000000e+09,-2.147483648000000000e+09,-2.147483648000000000e+09,-2.147483648000000000e+09,-2.147483648000000000e+09,-2.147483648000000000e+09,-2.147483648000000000e+09,-2.147483648000000000e+09,-2.147483648000000000e+09,-2.147483648000000000e+09,-2.147483648000000000e+09,-2.147483648000000000e+09,-2.147483648000000000e+09,-2.147483648000000000e+09,-2.147483648000000000e+09,-2.147483648000000000e+09,-2.147483648000000000e+09,-2.147483648000000000e+09,-2.147483648000000000e+09,-2.147483648000000000e+09,-2.147483648000000000e+09,-2.147483648000000000e+09
-2.147483648000000000e+09,-2.147483648000000000e+09,-2.147483648000000000e+09,1.186877000000000000e+07,1.186877100000000000e+07,1.186877200000000000e+07,1.186877300000000000e+07,1.186877400000000000e+07,1.186877500000000000e+07,1.186877600000000000e+07,1.186877700000000000e+07,1.186877800000000000e+07,1.186877900000000000e+07,1.186878000000000000e+07,1.186878100000000000e+07,1.186878200000000000e+07,1.186878300000000000e+07,1.186878400000000000e+07,1.186878500000000000e+07,1.186878600000000000e+07,1.186878700000000000e+07,1.186878800000000000e+07,1.186878900000000000e+07,1.186879000000000000e+07,1.186879100000000000e+07,1.186879200000000000e+07,1.186879300000000000e+07,1.186879400000000000e+07,1.186879500000000000e+07,1.186879600000000000e+07,1.186879700000000000e+07,1.186879800000000000e+07,1.186879900000000000e+07,1.186880000000000000e+07,1.186880100000000000e+07,1.186880200000000000e+07,1.186880300000000000e+07,1.186880400000000000e+07,1.186880500000000000e+07,1.186880600000000000e+07,1.186880700000000000e+07,1.186880800000000000e+07,1.186880900000000000e+07,1.186881000000000000e+07,1.186881100000000000e+07,1.186881200000000000e+07,1.186881300000000000e+07,-2.147483648000000000e+09,-2.147483648000000000e+09,-2.147483648000000000e+09,-2.147483648000000000e+09,-2.147483648000000000e+09,-2.147483648000000000e+09,-2.147483648000000000e+09,-2.147483648000000000e+09,-2.147483648000000000e+09,-2.147483648000000000e+09,-2.147483648000000000e+09,-2.147483648000000000e+09,-2.147483648000000000e+09,-2.147483648000000000e+09,-2.147483648000000000e+09,-2.147483648000000000e+09,-2.147483648000000000e+09,-2.147483648000000000e+09,-2.147483648000000000e+09,-2.147483648000000000e+09,-2.147483648000000000e+09,-2.147483648000000000e+09,-2.147483648000000000e+09,-2.147483648000000000e+09,-2.147483648000000000e+09,-2.147483648000000000e+09,-2.147483648000000000e+09,-2.147483648000000000e+09,-2.147483648000000000e+09
-2.147483648000000000e+09,-2.147483648000000000e+09,-2.147483648000000000e+09,-2.147483648000000000e+09,1.187597100000000000e+07,1.187597200000000000e+07,1.187597300000000000e+07,1.187597400000000000e+07,1.187597500000000000e+07,1.187597600000000000e+07,1.187597700000000000e+07,1.187597800000000000e+07,1.187597900000000000e+07,1.187598000000000000e+07,1.187598100000000000e+07,1.187598200000000000e+07,1.187598300000000000e+07,1.187598400000000000e+07,1.187598500000000000e+07,1.187598600000000000e+07,1.187598700000000000e+07,1.187598800000000000e+07,1.187598900000000000e+07,1.187599000000000000e+07,1.187599100000000000e+07,1.187599200000000000e+07,1.187599300000000000e+07,1.187599400000000000e+07,1.187599500000000000e+07,1.187599600000000000e+07,1.187599700000000000e+07,1.187599800000000000e+07,1.187599900000000000e+07,1.187600000000000000e+07,1.187600100000000000e+07,1.187600200000000000e+07,1.187600300000000000e+07,1.187600400000000000e+07,1.187600500000000000e+07,1.187600600000000000e+07,1.187600700000000000e+07,1.187600800000000000e+07,1.187600900000000000e+07,1.187601000000000000e+07,1.187601100000000000e+07,1.187601200000000000e+07,-2.147483648000000000e+09,-2.147483648000000000e+09,-2.147483648000000000e+09,-2.147483648000000000e+09,-2.147483648000000000e+09,-2.147483648000000000e+09,-2.147483648000000000e+09,-2.147483648000000000e+09,-2.147483648000000000e+09,-2.147483648000000000e+09,-2.147483648000000000e+09,-2.147483648000000000e+09,-2.147483648000000000e+09,-2.147483648000000000e+09,-2.147483648000000000e+09,-2.147483648000000000e+09,-2.147483648000000000e+09,-2.147483648000000000e+09,-2.147483648000000000e+09,-2.147483648000000000e+09,-2.147483648000000000e+09,-2.147483648000000000e+09,-2.147483648000000000e+09,-2.147483648000000000e+09,-2.147483648000000000e+09,-2.147483648000000000e+09,-2.147483648000000000e+09,-2.147483648000000000e+09,-2.147483648000000000e+09,-2.147483648000000000e+09
-2.147483648000000000e+09,-2.147483648000000000e+09,-2.147483648000000000e+09,1.188317000000000000e+07,1.188317100000000000e+07,1.188317200000000000e+07,1.188317300000000000e+07,1.188317400000000000e+07,1.188317500000000000e+07,1.188317600000000000e+07,1.188317700000000000e+07,1.188317800000000000e+07,1.188317900000000000e+07,1.188318000000000000e+07,1.188318100000000000e+07,1.188318200000000000e+07,1.188318300000000000e+07,1.188318400000000000e+07,1.188318500000000000e+07,1.188318600000000000e+07,1.188318700000000000e+07,1.188318800000000000e+07,1.188318900000000000e+07,1.188319000000000000e+07,1.188319100000000000e+07,1.188319200000000000e+07,1.188319300000000000e+07,1.188319400000000000e+07,1.188319500000000000e+07,1.188319600000000000e+07,1.188319700000000000e+07,1.188319800000000000e+07,1.188319900000000000e+07,1.188320000000000000e+07,1.188320100000000000e+07,1.188320200000000000e+07,1.188320300000000000e+07,1.188320400000000000e+07,1.188320500000000000e+07,1.188320600000000000e+07,1.188320700000000000e+07,1.188320800000000000e+07,1.188320900000000000e+07,1.188321000000000000e+07,1.188321100000000000e+07,-2.147483648000000000e+09,-2.147483648000000000e+09,-2.147483648000000000e+09,-2.147483648000000000e+09,-2.147483648000000000e+09,-2.147483648000000000e+09,-2.147483648000000000e+09,-2.147483648000000000e+09,-2.147483648000000000e+09,-2.147483648000000000e+09,-2.147483648000000000e+09,-2.147483648000000000e+09,-2.147483648000000000e+09,-2.147483648000000000e+09,-2.147483648000000000e+09,-2.147483648000000000e+09,-2.147483648000000000e+09,-2.147483648000000000e+09,-2.147483648000000000e+09,-2.147483648000000000e+09,-2.147483648000000000e+09,-2.147483648000000000e+09,-2.147483648000000000e+09,-2.147483648000000000e+09,-2.147483648000000000e+09,-2.147483648000000000e+09,-2.147483648000000000e+09,-2.147483648000000000e+09,-2.147483648000000000e+09,-2.147483648000000000e+09,-2.147483648000000000e+09
-2.147483648000000000e+09,-2.147483648000000000e+09,1.189036900000000000e+07,1.189037000000000000e+07,1.189037100000000000e+07,1.189037200000000000e+07,1.189037300000000000e+07,1.189037400000000000e+07,1.189037500000000000e+07,1.189037600000000000e+07,1.189037700000000000e+07,1.189037800000000000e+07,1.189037900000000000e+07,1.189038000000000000e+07,1.189038100000000000e+07,1.189038200000000000e+07,1.189038300000000000e+07,1.189038400000000000e+07,1.189038500000000000e+07,1.189038600000000000e+07,1.189038700000000000e+07,1.189038800000000000e+07,1.189038900000000000e+07,1.189039000000000000e+07,1.189039100000000000e+07,1.189039200000000000e+07,1.189039300000000000e+07,1.189039400000000000e+07,1.189039500000000000e+07,1.189039600000000000e+07,1.189039700000000000e+07,1.189039800000000000e+07,1.189039900000000000e+07,1.189040000000000000e+07,1.189040100000000000e+07,1.189040200000000000e+07,1.189040300000000000e+07,1.189040400000000000e+07,1.189040500000000000e+07,1.189040600000000000e+07,1.189040700000000000e+07,1.189040800000000000e+07,1.189040900000000000e+07,1.189041000000000000e+07,-2.147483648000000000e+09,-2.147483648000000000e+09,-2.147483648000000000e+09,-2.147483648000000000e+09,-2.147483648000000000e+09,-2.147483648000000000e+09,-2.147483648000000000e+09,-2.147483648000000000e+09,-2.147483648000000000e+09,-2.147483648000000000e+09,-2.147483648000000000e+09,-2.147483648000000000e+09,-2.147483648000000000e+09,-2.147483648000000000e+09,-2.147483648000000000e+09,-2.147483648000000000e+09,-2.147483648000000000e+09,-2.147483648000000000e+09,-2.147483648000000000e+09,-2.147483648000000000e+09,-2.147483648000000000e+09,-2.147483648000000000e+09,-2.147483648000000000e+09,-2.147483648000000000e+09,-2.147483648000000000e+09,-2.147483648000000000e+09,-2.147483648000000000e+09,-2.147483648000000000e+09,-2.147483648000000000e+09,-2.147483648000000000e+09,-2.147483648000000000e+09,-2.147483648000000000e+09
-2.147483648000000000e+09,1.189756800000000000e+07,1.189756900000000000e+07,1.189757000000000000e+07,1.189757100000000000e+07,1.189757200000000000e+07,1.189757300000000000e+07,1.189757400000000000e+07,1.189757500000000000e+07,1.189757600000000000e+07,1.189757700000000000e+07,1.189757800000000000e+07,1.189757900000000000e+07,1.189758000000000000e+07,1.189758100000000000e+07,1.189758200000000000e+07,1.189758300000000000e+07,1.189758400000000000e+07,1.189758500000000000e+07,1.189758600000000000e+07,1.189758700000000000e+07,1.189758800000000000e+07,1.189758900000000000e+07,1.189759000000000000e+07,1.189759100000000000e+07,1.189759200000000000e+07,1.189759300000000000e+07,1.189759400000000000e+07,1.189759500000000000e+07,1.189759600000000000e+07,1.189759700000000000e+07,1.189759800000000000e+07,1.189759900000000000e+07,1.189760000000000000e+07,1.189760100000000000e+07,1.189760200000000000e+07,1.189760300000000000e+07,1.189760400000000000e+07,1.189760500000000000e+07,1.189760600000000000e+07,1.189760700000000000e+07,1.189760800000000000e+07,1.189760900000000000e+07,-2.147483648000000000e+09,-2.147483648000000000e+09,-2.147483648000000000e+09,-2.147483648000000000e+09,-2.147483648000000000e+09,-2.147483648000000000e+09,-2.147483648000000000e+09,-2.147483648000000000e+09,-2.147483648000000000e+09,-2.147483648000000000e+09,-2.147483648000000000e+09,-2.147483648000000000e+09,-2.147483648000000000e+09,-2.147483648000000000e+09,-2.147483648000000000e+09,-2.147483648000000000e+09,-2.147483648000000000e+09,-2.147483648000000000e+09,-2.147483648000000000e+09,-2.147483648000000000e+09,-2.147483648000000000e+09,-2.147483648000000000e+09,-2.147483648000000000e+09,-2.147483648000000000e+09,-2.147483648000000000e+09,-2.147483648000000000e+09,-2.147483648000000000e+09,-2.147483648000000000e+09,-2.147483648000000000e+09,-2.147483648000000000e+09,-2.147483648000000000e+09,-2.147483648000000000e+09,-2.147483648000000000e+09
-2.147483648000000000e+09,1.189756800000000000e+07,1.189756900000000000e+07,1.189757000000000000e+07,1.189757100000000000e+07,1.189757200000000000e+07,1.189757300000000000e+07,1.189757400000000000e+07,1.189757500000000000e+07,1.189757600000000000e+07,1.189757700000000000e+07,1.189757800000000000e+07,1.189757900000000000e+07,1.189758000000000000e+07,1.189758100000000000e+07,1.189758200000000000e+07,1.189758300000000000e+07,1.189758400000000000e+07,1.189758500000000000e+07,1.189758600000000000e+07,1.189758700000000000e+07,1.189758800000000000e+07,1.189758900000000000e+07,1.189759000000000000e+07,1.189759100000000000e+07,1.189759200000000000e+07,1.189759300000000000e+07,1.189759400000000000e+07,1.189759500000000000e+07,1.189759600000000000e+07,1.189759700000000000e+07,1.189759800000000000e+07,1.189759900000000000e+07,1.189760000000000000e+07,1.189760100000000000e+07,1.189760200000000000e+07,1.189760300000000000e+07,1.189760400000000000e+07,1.189760500000000000e+07,1.189760600000000000e+07,1.189760700000000000e+07,1.189760800000000000e+07,-2.147483648000000000e+09,-2.147483648000000000e+09,-2.147483648000000000e+09,-2.147483648000000000e+09,-2.147483648000000000e+09,-2.147483648000000000e+09,-2.147483648000000000e+09,-2.147483648000000000e+09,-2.147483648000000000e+09,-2.147483648000000000e+09,-2.147483648000000000e+09,-2.147483648000000000e+09,-2.147483648000000000e+09,-2.147483648000000000e+09,-2.147483648000000000e+09,-2.147483648000000000e+09,-2.147483648000000000e+09,-2.147483648000000000e+09,-2.147483648000000000e+09,-2.147483648000000000e+09,-2.147483648000000000e+09,-2.147483648000000000e+09,-2.147483648000000000e+09,-2.147483648000000000e+09,-2.147483648000000000e+09,-2.147483648000000000e+09,-2.147483648000000000e+09,-2.147483648000000000e+09,-2.147483648000000000e+09,-2.147483648000000000e+09,-2.147483648000000000e+09,-2.147483648000000000e+09,-2.147483648000000000e+09,-2.147483648000000000e+09
-2.147483648000000000e+09,-2.147483648000000000e+09,-2.147483648000000000e+09,-2.147483648000000000e+09,1.190477100000000000e+07,1.190477200000000000e+07,1.190477300000000000e+07,1.190477400000000000e+07,1.190477500000000000e+07,1.190477600000000000e+07,1.190477700000000000e+07,1.190477800000000000e+07,1.190477900000000000e+07,1.190478000000000000e+07,1.190478100000000000e+07,1.190478200000000000e+07,1.190478300000000000e+07,1.190478400000000000e+07,1.190478500000000000e+07,1.190478600000000000e+07,1.190478700000000000e+07,1.190478800000000000e+07,1.190478900000000000e+07,1.190479000000000000e+07,1.190479100000000000e+07,1.190479200000000000e+07,1.190479300000000000e+07,1.190479400000000000e+07,1.190479500000000000e+07,1.190479600000000000e+07,1.190479700000000000e+07,1.190479800000000000e+07,1.190479900000000000e+07,1.190480000000000000e+07,1.190480100000000000e+07,1.190480200000000000e+07,1.190480300000000000e+07,1.190480400000000000e+07,1.190480500000000000e+07,1.190480600000000000e+07,1.190480700000000000e+07,-2.147483648000000000e+09,-2.147483648000000000e+09,-2.147483648000000000e+09,-2.147483648000000000e+09,-2.147483648000000000e+09,-2.147483648000000000e+09,-2.147483648000000000e+09,-2.147483648000000000e+09,-2.147483648000000000e+09,-2.147483648000000000e+09,-2.147483648000000000e+09,-2.147483648000000000e+09,-2.147483648000000000e+09,-2.147483648000000000e+09,-2.147483648000000000e+09,-2.147483648000000000e+09,-2.147483648000000000e+09,-2.147483648000000000e+09,-2.147483648000000000e+09,-2.147483648000000000e+09,-2.147483648000000000e+09,-2.147483648000000000e+09,-2.147483648000000000e+09,-2.147483648000000000e+09,-2.147483648000000000e+09,-2.147483648000000000e+09,-2.147483648000000000e+09,-2.147483648000000000e+09,-2.147483648000000000e+09,-2.147483648000000000e+09,-2.147483648000000000e+09,-2.147483648000000000e+09,-2.147483648000000000e+09,-2.147483648000000000e+09,-2.147483648000000000e+09
-2.147483648000000000e+09,-2.147483648000000000e+09,-2.147483648000000000e+09,1.191197000000000000e+07,1.191197100000000000e+07,1.191197200000000000e+07,1.191197300000000000e+07,1.191197400000000000e+07,1.191197500000000000e+07,1.191197600000000000e+07,1.191197700000000000e+07,1.191197800000000000e+07,1.191197900000000000e+07,1.191198000000000000e+07,1.191198100000000000e+07,1.191198200000000000e+07,1.191198300000000000e+07,1.191198400000000000e+07,1.191198500000000000e+07,1.191198600000000000e+07,1.191198700000000000e+07,1.191198800000000000e+07,1.191198900000000000e+07,1.191199000000000000e+07,1.191199100000000000e+07,1.191199200000000000e+07,1.191199300000000000e+07,1.191199400000000000e+07,1.191199500000000000e+07,1.191199600000000000e+07,1.191199700000000000e+07,1.191199800000000000e+07,1.191199900000000000e+07,1.191200000000000000e+07,1.191200100000000000e+07,1.191200200000000000e+07,1.191200300000000000e+07,1.191200400000000000e+07,1.191200500000000000e+07,1.191200600000000000e+07,1.191200700000000000e+07,-2.147483648000000000e+09,-2.147483648000000000e+09,-2.147483648000000000e+09,-2.147483648000000000e+09,-2.147483648000000000e+09,-2.147483648000000000e+09,-2.147483648000000000e+09,-2.147483648000000000e+09,-2.147483648000000000e+09,-2.147483648000000000e+09,-2.147483648000000000e+09,-2.147483648000000000e+09,-2.147483648000000000e+09,-2.147483648000000000e+09,-2.147483648000000000e+09,-2.147483648000000000e+09,-2.147483648000000000e+09,-2.147483648000000000e+09,-2.147483648000000000e+09,-2.147483648000000000e+09,-2.147483648000000000e+09,-2.147483648000000000e+09,-2.147483648000000000e+09,-2.147483648000000000e+09,-2.147483648000000000e+09,-2.147483648000000000e+09,-2.147483648000000000e+09,-2.147483648000000000e+09,-2.147483648000000000e+09,-2.147483648000000000e+09,-2.147483648000000000e+09,-2.147483648000000000e+09,-2.147483648000000000e+09,-2.147483648000000000e+09,-2.147483648000000000e+09
-2.147483648000000000e+09,-2.147483648000000000e+09,-2.147483648000000000e+09,-2.147483648000000000e+09,-2.147483648000000000e+09,1.191917200000000000e+07,1.191917300000000000e+07,1.191917400000000000e+07,1.191917500000000000e+07,1.191917600000000000e+07,1.191917700000000000e+07,1.191917800000000000e+07,1.191917900000000000e+07,1.191918000000000000e+07,1.191918100000000000e+07,1.191918200000000000e+07,1.191918300000000000e+07,1.191918400000000000e+07,1.191918500000000000e+07,1.191918600000000000e+07,1.191918700000000000e+07,1.191918800000000000e+07,1.191918900000000000e+07,1.191919000000000000e+07,1.191919100000000000e+07,1.191919200000000000e+07,1.191919300000000000e+07,1.191919400000000000e+07,1.191919500000000000e+07,1.191919600000000000e+07,1.191919700000000000e+07,1.191919800000000000e+07,1.191919900000000000e+07,1.191920000000000000e+07,1.191920100000000000e+07,1.191920200000000000e+07,1.191920300000000000e+07,1.191920400000000000e+07,1.191920500000000000e+07,1.191920600000000000e+07,-2.147483648000000000e+09,-2.147483648000000000e+09,-2.147483648000000000e+09,-2.147483648000000000e+09,-2.147483648000000000e+09,-2.147483648000000000e+09,-2.147483648000000000e+09,-2.147483648000000000e+09,-2.147483648000000000e+09,-2.147483648000000000e+09,-2.147483648000000000e+09,-2.147483648000000000e+09,-2.147483648000000000e+09,-2.147483648000000000e+09,-2.147483648000000000e+09,-2.147483648000000000e+09,-2.147483648000000000e+09,-2.147483648000000000e+09,-2.147483648000000000e+09,-2.147483648000000000e+09,-2.147483648000000000e+09,-2.147483648000000000e+09,-2.147483648000000000e+09,-2.147483648000000000e+09,-2.147483648000000000e+09,-2.147483648000000000e+09,-2.147483648000000000e+09,-2.147483648000000000e+09,-2.147483648000000000e+09,-2.147483648000000000e+09,-2.147483648000000000e+09,-2.147483648000000000e+09,-2.147483648000000000e+09,-2.147483648000000000e+09,-2.147483648000000000e+09,-2.147483648000000000e+09
-2.147483648000000000e+09,-2.147483648000000000e+09,-2.147483648000000000e+09,-2.147483648000000000e+09,-2.147483648000000000e+09,1.192637200000000000e+07,1.192637300000000000e+07,1.192637400000000000e+07,1.192637500000000000e+07,1.192637600000000000e+07,1.192637700000000000e+07,1.192637800000000000e+07,1.192637900000000000e+07,1.192638000000000000e+07,1.192638100000000000e+07,1.192638200000000000e+07,1.192638300000000000e+07,1.192638400000000000e+07,1.192638500000000000e+07,1.192638600000000000e+07,1.192638700000000000e+07,1.192638800000000000e+07,1.192638900000000000e+07,1.192639000000000000e+07,1.192639100000000000e+07,1.192639200000000000e+07,1.192639300000000000e+07,1.192639400000000000e+07,1.192639500000000000e+07,1.192639600000000000e+07,1.192639700000000000e+07,1.192639800000000000e+07,1.192639900000000000e+07,1.192640000000000000e+07,1.192640100000000000e+07,1.192640200000000000e+07,1.192640300000000000e+07,1.192640400000000000e+07,1.192640500000000000e+07,-2.147483648000000000e+09,-2.147483648000000000e+09,-2.147483648000000000e+09,-2.147483648000000000e+09,-2.147483648000000000e+09,-2.147483648000000000e+09,-2.147483648000000000e+09,-2.147483648000000000e+09,-2.147483648000000000e+09,-2.147483648000000000e+09,-2.147483648000000000e+09,-2.147483648000000000e+09,-2.147483648000000000e+09,-2.147483648000000000e+09,-2.147483648000000000e+09,-2.147483648000000000e+09,-2.147483648000000000e+09,-2.147483648000000000e+09,-2.147483648000000000e+09,-2.147483648000000000e+09,-2.147483648000000000e+09,-2.147483648000000000e+09,-2.147483648000000000e+09,-2.147483648000000000e+09,-2.147483648000000000e+09,-2.147483648000000000e+09,-2.147483648000000000e+09,-2.147483648000000000e+09,-2.147483648000000000e+09,-2.147483648000000000e+09,-2.147483648000000000e+09,-2.147483648000000000e+09,-2.147483648000000000e+09,-2.147483648000000000e+09,-2.147483648000000000e+09,-2.147483648000000000e+09,-2.147483648000000000e+09
-2.147483648000000000e+09,-2.147483648000000000e+09,-2.147483648000000000e+09,-2.147483648000000000e+09,1.193357100000000000e+07,1.193357200000000000e+07,1.193357300000000000e+07,1.193357400000000000e+07,1.193357500000000000e+07,1.193357600000000000e+07,1.193357700000000000e+07,1.193357800000000000e+07,1.193357900000000000e+07,1.193358000000000000e+07,1.193358100000000000e+07,1.193358200000000000e+07,1.193358300000000000e+07,1.193358400000000000e+07,1.193358500000000000e+07,1.193358600000000000e+07,1.193358700000000000e+07,1.193358800000000000e+07,1.193358900000000000e+07,1.193359000000000000e+07,1.193359100000000000e+07,1.193359200000000000e+07,1.193359300000000000e+07,1.193359400000000000e+07,1.193359500000000000e+07,1.193359600000000000e+07,1.193359700000000000e+07,1.193359800000000000e+07,1.193359900000000000e+07,1.193360000000000000e+07,1.193360100000000000e+07,1.193360200000000000e+07,1.193360300000000000e+07,1.193360400000000000e+07,-2.147483648000000000e+09,-2.147483648000000000e+09,-2.147483648000000000e+09,-2.147483648000000000e+09,-2.147483648000000000e+09,-2.147483648000000000e+09,-2.147483648000000000e+09,-2.147483648000000000e+09,-2.147483648000000000e+09,-2.147483648000000000e+09,-2.147483648000000000e+09,-2.147483648000000000e+09,-2.147483648000000000e+09,-2.147483648000000000e+09,-2.147483648000000000e+09,-2.147483648000000000e+09,-2.147483648000000000e+09,-2.147483648000000000e+09,-2.147483648000000000e+09,-2.147483648000000000e+09,-2.147483648000000000e+09,-2.147483648000000000e+09,-2.147483648000000000e+09,-2.147483648000000000e+09,-2.147483648000000000e+09,-2.147483648000000000e+09,-2.147483648000000000e+09,-2.147483648000000000e+09,-2.147483648000000000e+09,-2.147483648000000000e+09,-2.147483648000000000e+09,-2.147483648000000000e+09,-2.147483648000000000e+09,-2.147483648000000000e+09,-2.147483648000000000e+09,-2.147483648000000000e+09,-2.147483648000000000e+09,-2.147483648000000000e+09
-2.147483648000000000e+09,-2.147483648000000000e+09,-2.147483648000000000e+09,-2.147483648000000000e+09,1.194077100000000000e+07,1.194077200000000000e+07,1.194077300000000000e+07,1.194077400000000000e+07,1.194077500000000000e+07,1.194077600000000000e+07,1.194077700000000000e+07,1.194077800000000000e+07,1.194077900000000000e+07,1.194078000000000000e+07,1.194078100000000000e+07,1.194078200000000000e+07,1.194078300000000000e+07,1.194078400000000000e+07,1.194078500000000000e+07,1.194078600000000000e+07,1.194078700000000000e+07,1.194078800000000000e+07,1.194078900000000000e+07,1.194079000000000000e+07,1.194079100000000000e+07,1.194079200000000000e+07,1.194079300000000000e+07,1.194079400000000000e+07,1.194079500000000000e+07,1.194079600000000000e+07,1.194079700000000000e+07,1.194079800000000000e+07,1.194079900000000000e+07,1.194080000000000000e+07,1.194080100000000000e+07,1.194080200000000000e+07,1.194080300000000000e+07,-2.147483648000000000e+09,-2.147483648000000000e+09,-2.147483648000000000e+09,-2.147483648000000000e+09,-2.147483648000000000e+09,-2.147483648000000000e+09,-2.147483648000000000e+09,-2.147483648000000000e+09,-2.147483648000000000e+09,-2.147483648000000000e+09,-2.147483648000000000e+09,-2.147483648000000000e+09,-2.147483648000000000e+09,-2.147483648000000000e+09,-2.147483648000000000e+09,-2.147483648000000000e+09,-2.147483648000000000e+09,-2.147483648000000000e+09,-2.147483648000000000e+09,-2.147483648000000000e+09,-2.147483648000000000e+09,-2.147483648000000000e+09,-2.147483648000000000e+09,-2.147483648000000000e+09,-2.147483648000000000e+09,-2.147483648000000000e+09,-2.147483648000000000e+09,-2.147483648000000000e+09,-2.147483648000000000e+09,-2.147483648000000000e+09,-2.147483648000000000e+09,-2.147483648000000000e+09,-2.147483648000000000e+09,-2.147483648000000000e+09,-2.147483648000000000e+09,-2.147483648000000000e+09,-2.147483648000000000e+09,-2.147483648000000000e+09,-2.147483648000000000e+09
-2.147483648000000000e+09,-2.147483648000000000e+09,-2.147483648000000000e+09,1.194797000000000000e+07,1.194797100000000000e+07,1.194797200000000000e+07,1.194797300000000000e+07,1.194797400000000000e+07,1.194797500000000000e+07,1.194797600000000000e+07,1.194797700000000000e+07,1.194797800000000000e+07,1.194797900000000000e+07,1.194798000000000000e+07,1.194798100000000000e+07,1.194798200000000000e+07,1.194798300000000000e+07,1.194798400000000000e+07,1.194798500000000000e+07,1.194798600000000000e+07,1.194798700000000000e+07,1.194798800000000000e+07,1.194798900000000000e+07,1.194799000000000000e+07,1.194799100000000000e+07,1.194799200000000000e+07,1.194799300000000000e+07,1.194799400000000000e+07,1.194799500000000000e+07,1.194799600000000000e+07,1.194799700000000000e+07,1.194799800000000000e+07,1.194799900000000000e+07,1.194800000000000000e+07,1.194800100000000000e+07,1.194800200000000000e+07,-2.147483648000000000e+09,-2.147483648000000000e+09,-2.147483648000000000e+09,-2.147483648000000000e+09,-2.147483648000000000e+09,-2.147483648000000000e+09,-2.147483648000000000e+09,-2.147483648000000000e+09,-2.147483648000000000e+09,-2.147483648000000000e+09,-2.147483648000000000e+09,-2.147483648000000000e+09,-2.147483648000000000e+09,-2.147483648000000000e+09,-2.147483648000000000e+09,-2.147483648000000000e+09,-2.147483648000000000e+09,-2.147483648000000000e+09,-2.147483648000000000e+09,-2.147483648000000000e+09,-2.147483648000000000e+09,-2.147483648000000000e+09,-2.147483648000000000e+09,-2.147483648000000000e+09,-2.147483648000000000e+09,-2.147483648000000000e+09,-2.147483648000000000e+09,-2.147483648000000000e+09,-2.147483648000000000e+09,-2.147483648000000000e+09,-2.147483648000000000e+09,-2.147483648000000000e+09,-2.147483648000000000e+09,-2.147483648000000000e+09,-2.147483648000000000e+09,-2.147483648000000000e+09,-2.147483648000000000e+09,-2.147483648000000000e+09,-2.147483648000000000e+09,-2.147483648000000000e+09
-2.147483648000000000e+09,-2.147483648000000000e+09,-2.147483648000000000e+09,-2.147483648000000000e+09,1.195517100000000000e+07,1.195517200000000000e+07,1.195517300000000000e+07,1.195517400000000000e+07,1.195517500000000000e+07,1.195517600000000000e+07,1.195517700000000000e+07,1.195517800000000000e+07,1.195517900000000000e+07,1.195518000000000000e+07,1.195518100000000000e+07,1.195518200000000000e+07,1.195518300000000000e+07,1.195518400000000000e+07,1.195518500000000000e+07,1.195518600000000000e+07,1.195518700000000000e+07,1.195518800000000000e+07,1.195518900000000000e+07,1.195519000000000000e+07,1.195519100000000000e+07,1.195519200000000000e+07,1.195519300000000000e+07,1.195519400000000000e+07,1.195519500000000000e+07,1.195519600000000000e+07,1.195519700000000000e+07,1.195519800000000000e+07,1.195519900000000000e+07,1.195520000000000000e+07,1.195520100000000000e+07,-2.147483648000000000e+09,-2.147483648000000000e+09,-2.147483648000000000e+09,-2.147483648000000000e+09,-2.147483648000000000e+09,-2.147483648000000000e+09,-2.147483648000000000e+09,-2.147483648000000000e+09,-2.147483648000000000e+09,-2.147483648000000000e+09,-2.147483648000000000e+09,-2.147483648000000000e+09,-2.147483648000000000e+09,-2.147483648000000000e+09,-2.147483648000000000e+09,-2.147483648000000000e+09,-2.147483648000000000e+09,-2.147483648000000000e+09,-2.147483648000000000e+09,-2.147483648000000000e+09,-2.147483648000000000e+09,-2.147483648000000000e+09,-2.147483648000000000e+09,-2.147483648000000000e+09,-2.147483648000000000e+09,-2.147483648000000000e+09,-2.147483648000000000e+09,-2.147483648000000000e+09,-2.147483648000000000e+09,-2.147483648000000000e+09,-2.147483648000000000e+09,-2.147483648000000000e+09,-2.147483648000000000e+09,-2.147483648000000000e+09,-2.147483648000000000e+09,-2.147483648000000000e+09,-2.147483648000000000e+09,-2.147483648000000000e+09,-2.147483648000000000e+09,-2.147483648000000000e+09,-2.147483648000000000e+09
-2.147483648000000000e+09,-2.147483648000000000e+09,-2.147483648000000000e+09,-2.147483648000000000e+09,-2.147483648000000000e+09,1.196237200000000000e+07,1.196237300000000000e+07,1.196237400000000000e+07,1.196237500000000000e+07,1.196237600000000000e+07,1.196237700000000000e+07,1.196237800000000000e+07,1.196237900000000000e+07,1.196238000000000000e+07,1.196238100000000000e+07,1.196238200000000000e+07,1.196238300000000000e+07,1.196238400000000000e+07,1.196238500000000000e+07,1.196238600000000000e+07,1.196238700000000000e+07,1.196238800000000000e+07,1.196238900000000000e+07,1.196239000000000000e+07,1.196239100000000000e+07,1.196239200000000000e+07,1.196239300000000000e+07,1.196239400000000000e+07,1.196239500000000000e+07,1.196239600000000000e+07,1.196239700000000000e+07,1.196239800000000000e+07,1.196239900000000000e+07,1.196240000000000000e+07,-2.147483648000000000e+09,-2.147483648000000000e+09,-2.147483648000000000e+09,-2.147483648000000000e+09,-2.147483648000000000e+09,-2.147483648000000000e+09,-2.147483648000000000e+09,-2.147483648000000000e+09,-2.147483648000000000e+09,-2.147483648000000000e+09,-2.147483648000000000e+09,-2.147483648000000000e+09,-2.147483648000000000e+09,-2.147483648000000000e+09,-2.147483648000000000e+09,-2.147483648000000000e+09,-2.147483648000000000e+09,-2.147483648000000000e+09,-2.147483648000000000e+09,-2.147483648000000000e+09,-2.147483648000000000e+09,-2.147483648000000000e+09,-2.147483648000000000e+09,-2.147483648000000000e+09,-2.147483648000000000e+09,-2.147483648000000000e+09,-2.147483648000000000e+09,-2.147483648000000000e+09,-2.147483648000000000e+09,-2.147483648000000000e+09,-2.147483648000000000e+09,-2.147483648000000000e+09,-2.147483648000000000e+09,-2.147483648000000000e+09,-2.147483648000000000e+09,-2.147483648000000000e+09,-2.147483648000000000e+09,-2.147483648000000000e+09,-2.147483648000000000e+09,-2.147483648000000000e+09,-2.147483648000000000e+09,-2.147483648000000000e+09
-2.147483648000000000e+09,-2.147483648000000000e+09,-2.147483648000000000e+09,-2.147483648000000000e+09,-2.147483648000000000e+09,-2.147483648000000000e+09,1.196957300000000000e+07,1.196957400000000000e+07,-2.147483648000000000e+09,-2.147483648000000000e+09,-2.147483648000000000e+09,-2.147483648000000000e+09,-2.147483648000000000e+09,-2.147483648000000000e+09,-2.147483648000000000e+09,-2.147483648000000000e+09,-2.147483648000000000e+09,-2.147483648000000000e+09,-2.147483648000000000e+09,-2.147483648000000000e+09,-2.147483648000000000e+09,-2.147483648000000000e+09,-2.147483648000000000e+09,-2.147483648000000000e+09,-2.147483648000000000e+09,-2.147483648000000000e+09,-2.147483648000000000e+09,-2.147483648000000000e+09,-2.147483648000000000e+09,-2.147483648000000000e+09,-2.147483648000000000e+09,-2.147483648000000000e+09,-2.147483648000000000e+09,-2.147483648000000000e+09,-2.147483648000000000e+09,-2.147483648000000000e+09,-2.147483648000000000e+09,-2.147483648000000000e+09,-2.147483648000000000e+09,-2.147483648000000000e+09,-2.147483648000000000e+09,-2.147483648000000000e+09,-2.147483648000000000e+09,-2.147483648000000000e+09,-2.147483648000000000e+09,-2.147483648000000000e+09,-2.147483648000000000e+09,-2.147483648000000000e+09,-2.147483648000000000e+09,-2.147483648000000000e+09,-2.147483648000000000e+09,-2.147483648000000000e+09,-2.147483648000000000e+09,-2.147483648000000000e+09,-2.147483648000000000e+09,-2.147483648000000000e+09,-2.147483648000000000e+09,-2.147483648000000000e+09,-2.147483648000000000e+09,-2.147483648000000000e+09,-2.147483648000000000e+09,-2.147483648000000000e+09,-2.147483648000000000e+09,-2.147483648000000000e+09,-2.147483648000000000e+09,-2.147483648000000000e+09,-2.147483648000000000e+09,-2.147483648000000000e+09,-2.147483648000000000e+09,-2.147483648000000000e+09,-2.147483648000000000e+09,-2.147483648000000000e+09,-2.147483648000000000e+09,-2.147483648000000000e+09,-2.147483648000000000e+09,-2.147483648000000000e+09
-2.147483648000000000e+09,-2.147483648000000000e+09,-2.147483648000000000e+09,-2.147483648000000000e+09,-2.147483648000000000e+09,1.197677200000000000e+07,1.197677300000000000e+07,-2.147483648000000000e+09,-2.147483648000000000e+09,-2.147483648000000000e+09,-2.147483648000000000e+09,-2.147483648000000000e+09,-2.147483648000000000e+09,-2.147483648000000000e+09,-2.147483648000000000e+09,-2.147483648000000000e+09,-2.147483648000000000e+09,-2.147483648000000000e+09,-2.147483648000000000e+09,-2.147483648000000000e+09,-2.147483648000000000e+09,-2.147483648000000000e+09,-2.147483648000000000e+09,-2.147483648000000000e+09,-2.147483648000000000e+09,-2.147483648000000000e+09,-2.147483648000000000e+09,-2.147483648000000000e+09,-2.147483648000000000e+09,-2.147483648000000000e+09,-2.147483648000000000e+09,-2.147483648000000000e+09,-2.147483648000000000e+09,-2.147483648000000000e+09,-2.147483648000000000e+09,-2.147483648000000000e+09,-2.147483648000000000e+09,-2.147483648000000000e+09,-2.147483648000000000e+09,-2.147483648000000000e+09,-2.147483648000000000e+09,-2.147483648000000000e+09,-2.147483648000000000e+09,-2.147483648000000000e+09,-2.147483648000000000e+09,-2.147483648000000000e+09,-2.147483648000000000e+09,-2.147483648000000000e+09,-2.147483648000000000e+09,-2.147483648000000000e+09,-2.147483648000000000e+09,-2.147483648000000000e+09,-2.147483648000000000e+09,-2.147483648000000000e+09,-2.147483648000000000e+09,-2.147483648000000000e+09,-2.147483648000000000e+09,-2.147483648000000000e+09,-2.147483648000000000e+09,-2.147483648000000000e+09,-2.147483648000000000e+09,-2.147483648000000000e+09,-2.147483648000000000e+09,-2.147483648000000000e+09,-2.147483648000000000e+09,-2.147483648000000000e+09,-2.147483648000000000e+09,-2.147483648000000000e+09,-2.147483648000000000e+09,-2.147483648000000000e+09,-2.147483648000000000e+09,-2.147483648000000000e+09,-2.147483648000000000e+09,-2.147483648000000000e+09,-2.147483648000000000e+09,-2.147483648000000000e+09
-2.147483648000000000e+09,-2.147483648000000000e+09,-2.147483648000000000e+09,-2.147483648000000000e+09,-2.147483648000000000e+09,1.198397200000000000e+07,-2.147483648000000000e+09,-2.147483648000000000e+09,-2.147483648000000000e+09,-2.147483648000000000e+09,-2.147483648000000000e+09,-2.147483648000000000e+09,-2.147483648000000000e+09,-2.147483648000000000e+09,-2.147483648000000000e+09,-2.147483648000000000e+09,-2.147483648000000000e+09,-2.147483648000000000e+09,-2.147483648000000000e+09,-2.147483648000000000e+09,-2.147483648000000000e+09,-2.147483648000000000e+09,-2.147483648000000000e+09,-2.147483648000000000e+09,-2.147483648000000000e+09,-2.147483648000000000e+09,-2.147483648000000000e+09,-2.147483648000000000e+09,-2.147483648000000000e+09,-2.147483648000000000e+09,-2.147483648000000000e+09,-2.147483648000000000e+09,-2.147483648000000000e+09,-2.147483648000000000e+09,-2.147483648000000000e+09,-2.147483648000000000e+09,-2.147483648000000000e+09,-2.147483648000000000e+09,-2.147483648000000000e+09,-2.147483648000000000e+09,-2.147483648000000000e+09,-2.147483648000000000e+09,-2.147483648000000000e+09,-2.147483648000000000e+09,-2.147483648000000000e+09,-2.147483648000000000e+09,-2.147483648000000000e+09,-2.147483648000000000e+09,-2.147483648000000000e+09,-2.147483648000000000e+09,-2.147483648000000000e+09,-2.147483648000000000e+09,-2.147483648000000000e+09,-2.147483648000000000e+09,-2.147483648000000000e+09,-2.147483648000000000e+09,-2.147483648000000000e+09,-2.147483648000000000e+09,-2.147483648000000000e+09,-2.147483648000000000e+09,-2.147483648000000000e+09,-2.147483648000000000e+09,-2.147483648000000000e+09,-2.147483648000000000e+09,-2.147483648000000000e+09,-2.147483648000000000e+09,-2.147483648000000000e+09,-2.147483648000000000e+09,-2.147483648000000000e+09,-2.147483648000000000e+09,-2.147483648000000000e+09,-2.147483648000000000e+09,-2.147483648000000000e+09,-2.147483648000000000e+09,-2.147483648000000000e+09,-2.147483648000000000e+09
-2.147483648000000000e+09,-2.147483648000000000e+09,-2.147483648000000000e+09,-2.147483648000000000e+09,1.199117100000000000e+07,-2.147483648000000000e+09,-2.147483648000000000e+09,-2.147483648000000000e+09,-2.147483648000000000e+09,-2.147483648000000000e+09,-2.147483648000000000e+09,-2.147483648000000000e+09,-2.147483648000000000e+09,-2.147483648000000000e+09,-2.147483648000000000e+09,-2.147483648000000000e+09,-2.147483648000000000e+09,-2.147483648000000000e+09,-2.147483648000000000e+09,-2.147483648000000000e+09,-2.147483648000000000e+09,-2.147483648000000000e+09,-2.147483648000000000e+09,-2.147483648000000000e+09,-2.147483648000000000e+09,-2.147483648000000000e+09,-2.147483648000000000e+09,-2.147483648000000000e+09,-2.147483648000000000e+09,-2.147483648000000000e+09,-2.147483648000000000e+09,-2.147483648000000000e+09,-2.147483648000000000e+09,-2.147483648000000000e+09,-2.147483648000000000e+09,-2.147483648000000000e+09,-2.147483648000000000e+09,-2.147483648000000000e+09,-2.147483648000000000e+09,-2.147483648000000000e+09,-2.147483648000000000e+09,-2.147483648000000000e+09,-2.147483648000000000e+09,-2.147483648000000000e+09,-2.147483648000000000e+09,-2.147483648000000000e+09,-2.147483648000000000e+09,-2.147483648000000000e+09,-2.147483648000000000e+09,-2.147483648000000000e+09,-2.147483648000000000e+09,-2.147483648000000000e+09,-2.147483648000000000e+09,-2.147483648000000000e+09,-2.147483648000000000e+09,-2.147483648000000000e+09,-2.147483648000000000e+09,-2.147483648000000000e+09,-2.147483648000000000e+09,-2.147483648000000000e+09,-2.147483648000000000e+09,-2.147483648000000000e+09,-2.147483648000000000e+09,-2.147483648000000000e+09,-2.147483648000000000e+09,-2.147483648000000000e+09,-2.147483648000000000e+09,-2.147483648000000000e+09,-2.147483648000000000e+09,-2.147483648000000000e+09,-2.147483648000000000e+09,-2.147483648000000000e+09,-2.147483648000000000e+09,-2.147483648000000000e+09,-2.147483648000000000e+09,-2.147483648000000000e+09
