-2.147483648000000000e+09,-2.147483648000000000e+09,-2.147483648000000000e+09,-2.147483648000000000e+09,-2.147483648000000000e+09,-2.147483648000000000e+09,-2.147483648000000000e+09,-2.147483648000000000e+09,-2.147483648000000000e+09,-2.147483648000000000e+09,-2.147483648000000000e+09,-2.147483648000000000e+09,-2.147483648000000000e+09,-2.147483648000000000e+09,-2.147483648000000000e+09,-2.147483648000000000e+09,-2.147483648000000000e+09,-2.147483648000000000e+09,-2.147483648000000000e+09,-2.147483648000000000e+09,-2.147483648000000000e+09,-2.147483648000000000e+09,-2.147483648000000000e+09,-2.147483648000000000e+09,-2.147483648000000000e+09,-2.147483648000000000e+09,-2.147483648000000000e+09,-2.147483648000000000e+09,-2.147483648000000000e+09,-2.147483648000000000e+09,-2.147483648000000000e+09,-2.147483648000000000e+09,-2.147483648000000000e+09,-2.147483648000000000e+09,-2.147483648000000000e+09,-2.147483648000000000e+09,-2.147483648000000000e+09,-2.147483648000000000e+09,8.824103000000000000e+06,8.824104000000000000e+06,8.824105000000000000e+06,8.824106000000000000e+06,8.824107000000000000e+06,8.824108000000000000e+06,8.824109000000000000e+06,8.824110000000000000e+06,8.824111000000000000e+06,8.824112000000000000e+06,8.824113000000000000e+06,8.824114000000000000e+06,8.824115000000000000e+06,8.824116000000000000e+06,8.824117000000000000e+06,8.824118000000000000e+06,8.824119000000000000e+06,8.824120000000000000e+06,8.824121000000000000e+06,8.824122000000000000e+06,8.824123000000000000e+06,8.824124000000000000e+06,8.824125000000000000e+06,8.824126000000000000e+06,8.824127000000000000e+06,8.824128000000000000e+06,8.824129000000000000e+06,8.824130000000000000e+06,8.824131000000000000e+06,8.824132000000000000e+06,8.824133000000000000e+06
-2.147483648000000000e+09,-2.147483648000000000e+09,-2.147483648000000000e+09,-2.147483648000000000e+09,-2.147483648000000000e+09,-2.147483648000000000e+09,-2.147483648000000000e+09,-2.147483648000000000e+09,-2.147483648000000000e+09,-2.147483648000000000e+09,-2.147483648000000000e+09,-2.147483648000000000e+09,-2.147483648000000000e+09,-2.147483648000000000e+09,-2.147483648000000000e+09,-2.147483648000000000e+09,-2.147483648000000000e+09,-2.147483648000000000e+09,-2.147483648000000000e+09,-2.147483648000000000e+09,-2.147483648000000000e+09,-2.147483648000000000e+09,-2.147483648000000000e+09,-2.147483648000000000e+09,-2.147483648000000000e+09,-2.147483648000000000e+09,-2.147483648000000000e+09,-2.147483648000000000e+09,-2.147483648000000000e+09,-2.147483648000000000e+09,-2.147483648000000000e+09,-2.147483648000000000e+09,-2.147483648000000000e+09,-2.147483648000000000e+09,-2.147483648000000000e+09,-2.147483648000000000e+09,-2.147483648000000000e+09,8.831303000000000000e+06,8.831303000000000000e+06,8.831304000000000000e+06,8.831305000000000000e+06,8.831306000000000000e+06,8.831307000000000000e+06,8.831308000000000000e+06,8.831309000000000000e+06,8.831310000000000000e+06,8.831311000000000000e+06,8.831312000000000000e+06,8.831313000000000000e+06,8.831314000000000000e+06,8.831315000000000000e+06,8.831316000000000000e+06,8.831317000000000000e+06,8.831318000000000000e+06,8.831319000000000000e+06,8.831320000000000000e+06,8.831321000000000000e+06,8.831322000000000000e+06,8.831323000000000000e+06,8.831324000000000000e+06,8.831325000000000000e+06,8.831326000000000000e+06,8.831327000000000000e+06,8.831328000000000000e+06,8.831329000000000000e+06,8.831330000000000000e+06,8.831331000000000000e+06,8.831332000000000000e+06,-2.147483648000000000e+09
-2.147483648000000000e+09,-2.147483648000000000e+09,-2.147483648000000000e+09,-2.147483648000000000e+09,-2.147483648000000000e+09,-2.147483648000000000e+09,-2.147483648000000000e+09,-2.147483648000000000e+09,-2.147483648000000000e+09,-2.147483648000000000e+09,-2.147483648000000000e+09,-2.147483648000000000e+09,-2.147483648000000000e+09,-2.147483648000000000e+09,-2.147483648000000000e+09,-2.147483648000000000e+09,-2.147483648000000000e+09,-2.147483648000000000e+09,-2.147483648000000000e+09,-2.147483648000000000e+09,-2.147483648000000000e+09,-2.147483648000000000e+09,-2.147483648000000000e+09,-2.147483648000000000e+09,-2.147483648000000000e+09,-2.147483648000000000e+09,-2.147483648000000000e+09,-2.147483648000000000e+09,-2.147483648000000000e+09,-2.147483648000000000e+09,-2.147483648000000000e+09,-2.147483648000000000e+09,-2.147483648000000000e+09,-2.147483648000000000e+09,-2.147483648000000000e+09,-2.147483648000000000e+09,8.838502000000000000e+06,8.838503000000000000e+06,8.838503000000000000e+06,8.838504000000000000e+06,8.838505000000000000e+06,8.838506000000000000e+06,8.838507000000000000e+06,8.838508000000000000e+06,8.838509000000000000e+06,8.838510000000000000e+06,8.838511000000000000e+06,8.838512000000000000e+06,8.838513000000000000e+06,8.838514000000000000e+06,8.838515000000000000e+06,8.838516000000000000e+06,8.838517000000000000e+06,8.838518000000000000e+06,8.838519000000000000e+06,8.838520000000000000e+06,8.838521000000000000e+06,8.838522000000000000e+06,8.838523000000000000e+06,8.838524000000000000e+06,8.838525000000000000e+06,8.838526000000000000e+06,8.838527000000000000e+06,8.838528000000000000e+06,8.838529000000000000e+06,8.838530000000000000e+06,8.838531000000000000e+06,-2.147483648000000000e+09,-2.147483648000000000e+09
-2.147483648000000000e+09,-2.147483648000000000e+09,-2.147483648000000000e+09,-2.147483648000000000e+09,-2.147483648000000000e+09,-2.147483648000000000e+09,-2.147483648000000000e+09,-2.147483648000000000e+09,-2.147483648000000000e+09,-2.147483648000000000e+09,-2.147483648000000000e+09,-2.147483648000000000e+09,-2.147483648000000000e+09,-2.147483648000000000e+09,-2.147483648000000000e+09,-2.147483648000000000e+09,-2.147483648000000000e+09,-2.147483648000000000e+09,-2.147483648000000000e+09,-2.147483648000000000e+09,-2.147483648000000000e+09,-2.147483648000000000e+09,-2.147483648000000000e+09,-2.147483648000000000e+09,-2.147483648000000000e+09,-2.147483648000000000e+09,-2.147483648000000000e+09,-2.147483648000000000e+09,-2.147483648000000000e+09,-2.147483648000000000e+09,-2.147483648000000000e+09,-2.147483648000000000e+09,-2.147483648000000000e+09,-2.147483648000000000e+09,-2.147483648000000000e+09,8.845701000000000000e+06,8.845702000000000000e+06,8.845703000000000000e+06,8.845703000000000000e+06,8.845704000000000000e+06,8.845705000000000000e+06,8.845706000000000000e+06,8.845707000000000000e+06,8.845708000000000000e+06,8.845709000000000000e+06,8.845710000000000000e+06,8.845711000000000000e+06,8.845712000000000000e+06,8.845713000000000000e+06,8.845714000000000000e+06,8.845715000000000000e+06,8.845716000000000000e+06,8.845717000000000000e+06,8.845718000000000000e+06,8.845719000000000000e+06,8.845720000000000000e+06,8.845721000000000000e+06,8.845722000000000000e+06,8.845723000000000000e+06,8.845724000000000000e+06,8.845725000000000000e+06,8.845726000000000000e+06,8.845727000000000000e+06,8.845728000000000000e+06,8.845729000000000000e+06,8.845730000000000000e+06,-2.147483648000000000e+09,-2.147483648000000000e+09,-2.147483648000000000e+09
-2.147483648000000000e+09,-2.147483648000000000e+09,-2.147483648000000000e+09,-2.147483648000000000e+09,-2.147483648000000000e+09,-2.147483648000000000e+09,-2.147483648000000000e+09,-2.147483648000000000e+09,-2.147483648000000000e+09,-2.147483648000000000e+09,-2.147483648000000000e+09,-2.147483648000000000e+09,-2.147483648000000000e+09,-2.147483648000000000e+09,-2.147483648000000000e+09,-2.147483648000000000e+09,-2.147483648000000000e+09,-2.147483648000000000e+09,-2.147483648000000000e+09,-2.147483648000000000e+09,-2.147483648000000000e+09,-2.147483648000000000e+09,-2.147483648000000000e+09,-2.147483648000000000e+09,-2.147483648000000000e+09,-2.147483648000000000e+09,-2.147483648000000000e+09,-2.147483648000000000e+09,-2.147483648000000000e+09,-2.147483648000000000e+09,-2.147483648000000000e+09,-2.147483648000000000e+09,-2.147483648000000000e+09,-2.147483648000000000e+09,8.852900000000000000e+06,8.852901000000000000e+06,8.852902000000000000e+06,8.852903000000000000e+06,8.852903000000000000e+06,8.852904000000000000e+06,8.852905000000000000e+06,8.852906000000000000e+06,8.852907000000000000e+06,8.852908000000000000e+06,8.852909000000000000e+06,8.852910000000000000e+06,8.852911000000000000e+06,8.852912000000000000e+06,8.852913000000000000e+06,8.852914000000000000e+06,8.852915000000000000e+06,8.852916000000000000e+06,8.852917000000000000e+06,8.852918000000000000e+06,8.852919000000000000e+06,8.852920000000000000e+06,8.852921000000000000e+06,8.852922000000000000e+06,8.852923000000000000e+06,8.852924000000000000e+06,8.852925000000000000e+06,8.852926000000000000e+06,8.852927000000000000e+06,8.852928000000000000e+06,8.852929000000000000e+06,-2.147483648000000000e+09,-2.147483648000000000e+09,-2.147483648000000000e+09,-2.147483648000000000e+09
-2.147483648000000000e+09,-2.147483648000000000e+09,-2.147483648000000000e+09,-2.147483648000000000e+09,-2.147483648000000000e+09,-2.147483648000000000e+09,-2.147483648000000000e+09,-2.147483648000000000e+09,-2.147483648000000000e+09,-2.147483648000000000e+09,-2.147483648000000000e+09,-2.147483648000000000e+09,-2.147483648000000000e+09,-2.147483648000000000e+09,-2.147483648000000000e+09,-2.147483648000000000e+09,-2.147483648000000000e+09,-2.147483648000000000e+09,-2.147483648000000000e+09,-2.147483648000000000e+09,-2.147483648000000000e+09,-2.147483648000000000e+09,-2.147483648000000000e+09,-2.147483648000000000e+09,-2.147483648000000000e+09,-2.147483648000000000e+09,-2.147483648000000000e+09,-2.147483648000000000e+09,-2.147483648000000000e+09,-2.147483648000000000e+09,-2.147483648000000000e+09,-2.147483648000000000e+09,-2.147483648000000000e+09,8.860099000000000000e+06,8.860100000000000000e+06,8.860101000000000000e+06,8.860102000000000000e+06,8.860103000000000000e+06,8.860103000000000000e+06,8.860104000000000000e+06,8.860105000000000000e+06,8.860106000000000000e+06,8.860107000000000000e+06,8.860108000000000000e+06,8.860109000000000000e+06,8.860110000000000000e+06,8.860111000000000000e+06,8.860112000000000000e+06,8.860113000000000000e+06,8.860114000000000000e+06,8.860115000000000000e+06,8.860116000000000000e+06,8.860117000000000000e+06,8.860118000000000000e+06,8.860119000000000000e+06,8.860120000000000000e+06,8.860121000000000000e+06,8.860122000000000000e+06,8.860123000000000000e+06,8.860124000000000000e+06,8.860125000000000000e+06,8.860126000000000000e+06,8.860127000000000000e+06,8.860128000000000000e+06,-2.147483648000000000e+09,-2.147483648000000000e+09,-2.147483648000000000e+09,-2.147483648000000000e+09,-2.147483648000000000e+09
-2.147483648000000000e+09,-2.147483648000000000e+09,-2.147483648000000000e+09,-2.147483648000000000e+09,-2.147483648000000000e+09,-2.147483648000000000e+09,-2.147483648000000000e+09,-2.147483648000000000e+09,-2.147483648000000000e+09,-2.147483648000000000e+09,-2.147483648000000000e+09,-2.147483648000000000e+09,-2.147483648000000000e+09,-2.147483648000000000e+09,-2.147483648000000000e+09,-2.147483648000000000e+09,-2.147483648000000000e+09,-2.147483648000000000e+09,-2.147483648000000000e+09,-2.147483648000000000e+09,-2.147483648000000000e+09,-2.147483648000000000e+09,-2.147483648000000000e+09,-2.147483648000000000e+09,-2.147483648000000000e+09,-2.147483648000000000e+09,-2.147483648000000000e+09,-2.147483648000000000e+09,-2.147483648000000000e+09,-2.147483648000000000e+09,-2.147483648000000000e+09,-2.147483648000000000e+09,8.867298000000000000e+06,8.867299000000000000e+06,8.867300000000000000e+06,8.867301000000000000e+06,8.867302000000000000e+06,8.867303000000000000e+06,8.867303000000000000e+06,8.867304000000000000e+06,8.867305000000000000e+06,8.867306000000000000e+06,8.867307000000000000e+06,8.867308000000000000e+06,8.867309000000000000e+06,8.867310000000000000e+06,8.867311000000000000e+06,8.867312000000000000e+06,8.867313000000000000e+06,8.867314000000000000e+06,8.867315000000000000e+06,8.867316000000000000e+06,8.867317000000000000e+06,8.867318000000000000e+06,8.867319000000000000e+06,8.867320000000000000e+06,8.867321000000000000e+06,8.867322000000000000e+06,8.867323000000000000e+06,8.867324000000000000e+06,8.867325000000000000e+06,8.867326000000000000e+06,8.867327000000000000e+06,-2.147483648000000000e+09,-2.147483648000000000e+09,-2.147483648000000000e+09,-2.147483648000000000e+09,-2.147483648000000000e+09,-2.147483648000000000e+09
-2.147483648000000000e+09,-2.147483648000000000e+09,-2.147483648000000000e+09,-2.147483648000000000e+09,-2.147483648000000000e+09,-2.147483648000000000e+09,-2.147483648000000000e+09,-2.147483648000000000e+09,-2.147483648000000000e+09,-2.147483648000000000e+09,-2.147483648000000000e+09,-2.147483648000000000e+09,-2.147483648000000000e+09,-2.147483648000000000e+09,-2.147483648000000000e+09,-2.147483648000000000e+09,-2.147483648000000000e+09,-2.147483648000000000e+09,-2.147483648000000000e+09,-2.147483648000000000e+09,-2.147483648000000000e+09,-2.147483648000000000e+09,-2.147483648000000000e+09,-2.147483648000000000e+09,-2.147483648000000000e+09,-2.147483648000000000e+09,-2.147483648000000000e+09,-2.147483648000000000e+09,-2.147483648000000000e+09,-2.147483648000000000e+09,-2.147483648000000000e+09,8.874497000000000000e+06,8.874498000000000000e+06,8.874499000000000000e+06,8.874500000000000000e+06,8.874501000000000000e+06,8.874502000000000000e+06,8.874503000000000000e+06,8.874503000000000000e+06,8.874504000000000000e+06,8.874505000000000000e+06,8.874506000000000000e+06,8.874507000000000000e+06,8.874508000000000000e+06,8.874509000000000000e+06,8.874510000000000000e+06,8.874511000000000000e+06,8.874512000000000000e+06,8.874513000000000000e+06,8.874514000000000000e+06,8.874515000000000000e+06,8.874516000000000000e+06,8.874517000000000000e+06,8.874518000000000000e+06,8.874519000000000000e+06,8.874520000000000000e+06,8.874521000000000000e+06,8.874522000000000000e+06,8.874523000000000000e+06,8.874524000000000000e+06,8.874525000000000000e+06,8.874526000000000000e+06,-2.147483648000000000e+09,-2.147483648000000000e+09,-2.147483648000000000e+09,-2.147483648000000000e+09,-2.147483648000000000e+09,-2.147483648000000000e+09,-2.147483648000000000e+09
-2.147483648000000000e+09,-2.147483648000000000e+09,-2.147483648000000000e+09,-2.147483648000000000e+09,-2.147483648000000000e+09,-2.147483648000000000e+09,-2.147483648000000000e+09,-2.147483648000000000e+09,-2.147483648000000000e+09,-2.147483648000000000e+09,-2.147483648000000000e+09,-2.147483648000000000e+09,-2.147483648000000000e+09,-2.147483648000000000e+09,-2.147483648000000000e+09,-2.147483648000000000e+09,-2.147483648000000000e+09,-2.147483648000000000e+09,-2.147483648000000000e+09,-2.147483648000000000e+09,-2.147483648000000000e+09,-2.147483648000000000e+09,-2.147483648000000000e+09,-2.147483648000000000e+09,-2.147483648000000000e+09,-2.147483648000000000e+09,-2.147483648000000000e+09,-2.147483648000000000e+09,-2.147483648000000000e+09,-2.147483648000000000e+09,8.881696000000000000e+06,8.881697000000000000e+06,8.881698000000000000e+06,8.881699000000000000e+06,8.881700000000000000e+06,8.881701000000000000e+06,8.881702000000000000e+06,8.881703000000000000e+06,8.881703000000000000e+06,8.881704000000000000e+06,8.881705000000000000e+06,8.881706000000000000e+06,8.881707000000000000e+06,8.881708000000000000e+06,8.881709000000000000e+06,8.881710000000000000e+06,8.881711000000000000e+06,8.881712000000000000e+06,8.881713000000000000e+06,8.881714000000000000e+06,8.881715000000000000e+06,8.881716000000000000e+06,8.881717000000000000e+06,8.881718000000000000e+06,8.881719000000000000e+06,8.881720000000000000e+06,8.881721000000000000e+06,8.881722000000000000e+06,8.881723000000000000e+06,8.881724000000000000e+06,8.881725000000000000e+06,-2.147483648000000000e+09,-2.147483648000000000e+09,-2.147483648000000000e+09,-2.147483648000000000e+09,-2.147483648000000000e+09,-2.147483648000000000e+09,-2.147483648000000000e+09,-2.147483648000000000e+09
-2.147483648000000000e+09,-2.147483648000000000e+09,-2.147483648000000000e+09,-2.147483648000000000e+09,-2.147483648000000000e+09,-2.147483648000000000e+09,-2.147483648000000000e+09,-2.147483648000000000e+09,-2.147483648000000000e+09,-2.147483648000000000e+09,-2.147483648000000000e+09,-2.147483648000000000e+09,-2.147483648000000000e+09,-2.147483648000000000e+09,-2.147483648000000000e+09,-2.147483648000000000e+09,-2.147483648000000000e+09,-2.147483648000000000e+09,-2.147483648000000000e+09,-2.147483648000000000e+09,-2.147483648000000000e+09,-2.147483648000000000e+09,-2.147483648000000000e+09,-2.147483648000000000e+09,-2.147483648000000000e+09,-2.147483648000000000e+09,-2.147483648000000000e+09,-2.147483648000000000e+09,-2.147483648000000000e+09,8.888895000000000000e+06,8.888896000000000000e+06,8.888897000000000000e+06,8.888898000000000000e+06,8.888899000000000000e+06,8.888900000000000000e+06,8.888901000000000000e+06,8.888902000000000000e+06,8.888903000000000000e+06,8.888903000000000000e+06,8.888904000000000000e+06,8.888905000000000000e+06,8.888906000000000000e+06,8.888907000000000000e+06,8.888908000000000000e+06,8.888909000000000000e+06,8.888910000000000000e+06,8.888911000000000000e+06,8.888912000000000000e+06,8.888913000000000000e+06,8.888914000000000000e+06,8.888915000000000000e+06,8.888916000000000000e+06,8.888917000000000000e+06,8.888918000000000000e+06,8.888919000000000000e+06,8.888920000000000000e+06,8.888921000000000000e+06,8.888922000000000000e+06,8.888923000000000000e+06,8.888924000000000000e+06,-2.147483648000000000e+09,-2.147483648000000000e+09,-2.147483648000000000e+09,-2.147483648000000000e+09,-2.147483648000000000e+09,-2.147483648000000000e+09,-2.147483648000000000e+09,-2.147483648000000000e+09,-2.147483648000000000e+09
-2.147483648000000000e+09,-2.147483648000000000e+09,-2.147483648000000000e+09,-2.147483648000000000e+09,-2.147483648000000000e+09,-2.147483648000000000e+09,-2.147483648000000000e+09,-2.147483648000000000e+09,-2.147483648000000000e+09,-2.147483648000000000e+09,-2.147483648000000000e+09,-2.147483648000000000e+09,-2.147483648000000000e+09,-2.147483648000000000e+09,-2.147483648000000000e+09,-2.147483648000000000e+09,-2.147483648000000000e+09,-2.147483648000000000e+09,-2.147483648000000000e+09,-2.147483648000000000e+09,-2.147483648000000000e+09,-2.147483648000000000e+09,-2.147483648000000000e+09,-2.147483648000000000e+09,-2.147483648000000000e+09,-2.147483648000000000e+09,-2.147483648000000000e+09,-2.147483648000000000e+09,8.896094000000000000e+06,8.896095000000000000e+06,8.896096000000000000e+06,8.896097000000000000e+06,8.896098000000000000e+06,8.896099000000000000e+06,8.896100000000000000e+06,8.896101000000000000e+06,8.896102000000000000e+06,8.896103000000000000e+06,8.896103000000000000e+06,8.896104000000000000e+06,8.896105000000000000e+06,8.896106000000000000e+06,8.896107000000000000e+06,8.896108000000000000e+06,8.896109000000000000e+06,8.896110000000000000e+06,8.896111000000000000e+06,8.896112000000000000e+06,8.896113000000000000e+06,8.896114000000000000e+06,8.896115000000000000e+06,8.896116000000000000e+06,8.896117000000000000e+06,8.896118000000000000e+06,8.896119000000000000e+06,8.896120000000000000e+06,8.896121000000000000e+06,8.896122000000000000e+06,8.896123000000000000e+06,-2.147483648000000000e+09,-2.147483648000000000e+09,-2.147483648000000000e+09,-2.147483648000000000e+09,-2.147483648000000000e+09,-2.147483648000000000e+09,-2.147483648000000000e+09,-2.147483648000000000e+09,-2.147483648000000000e+09,-2.147483648000000000e+09
-2.147483648000000000e+09,-2.147483648000000000e+09,-2.147483648000000000e+09,-2.147483648000000000e+09,-2.147483648000000000e+09,-2.147483648000000000e+09,-2.147483648000000000e+09,-2.147483648000000000e+09,-2.147483648000000000e+09,-2.147483648000000000e+09,-2.147483648000000000e+09,-2.147483648000000000e+09,-2.147483648000000000e+09,-2.147483648000000000e+09,-2.147483648000000000e+09,-2.147483648000000000e+09,-2.147483648000000000e+09,-2.147483648000000000e+09,-2.147483648000000000e+09,-2.147483648000000000e+09,-2.147483648000000000e+09,-2.147483648000000000e+09,-2.147483648000000000e+09,-2.147483648000000000e+09,-2.147483648000000000e+09,-2.147483648000000000e+09,-2.147483648000000000e+09,8.903293000000000000e+06,8.903294000000000000e+06,8.903295000000000000e+06,8.903296000000000000e+06,8.903297000000000000e+06,8.903298000000000000e+06,8.903299000000000000e+06,8.903300000000000000e+06,8.903301000000000000e+06,8.903302000000000000e+06,8.903303000000000000e+06,8.903303000000000000e+06,8.903304000000000000e+06,8.903305000000000000e+06,8.903306000000000000e+06,8.903307000000000000e+06,8.903308000000000000e+06,8.903309000000000000e+06,8.903310000000000000e+06,8.903311000000000000e+06,8.903312000000000000e+06,8.903313000000000000e+06,8.903314000000000000e+06,8.903315000000000000e+06,8.903316000000000000e+06,8.903317000000000000e+06,8.903318000000000000e+06,8.903319000000000000e+06,8.903320000000000000e+06,8.903321000000000000e+06,8.903322000000000000e+06,-2.147483648000000000e+09,-2.147483648000000000e+09,-2.147483648000000000e+09,-2.147483648000000000e+09,-2.147483648000000000e+09,-2.147483648000000000e+09,-2.147483648000000000e+09,-2.147483648000000000e+09,-2.147483648000000000e+09,-2.147483648000000000e+09,-2.147483648000000000e+09
-2.147483648000000000e+09,-2.147483648000000000e+09,-2.147483648000000000e+09,-2.147483648000000000e+09,-2.147483648000000000e+09,-2.147483648000000000e+09,-2.147483648000000000e+09,-2.147483648000000000e+09,-2.147483648000000000e+09,-2.147483648000000000e+09,-2.147483648000000000e+09,-2.147483648000000000e+09,-2.147483648000000000e+09,-2.147483648000000000e+09,-2.147483648000000000e+09,-2.147483648000000000e+09,-2.147483648000000000e+09,-2.147483648000000000e+09,-2.147483648000000000e+09,-2.147483648000000000e+09,-2.147483648000000000e+09,-2.147483648000000000e+09,-2.147483648000000000e+09,-2.147483648000000000e+09,-2.147483648000000000e+09,-2.147483648000000000e+09,8.910492000000000000e+06,8.910493000000000000e+06,8.910494000000000000e+06,8.910495000000000000e+06,8.910496000000000000e+06,8.910497000000000000e+06,8.910498000000000000e+06,8.910499000000000000e+06,8.910500000000000000e+06,8.910501000000000000e+06,8.910502000000000000e+06,8.910503000000000000e+06,8.910503000000000000e+06,8.910504000000000000e+06,8.910505000000000000e+06,8.910506000000000000e+06,8.910507000000000000e+06,8.910508000000000000e+06,8.910509000000000000e+06,8.910510000000000000e+06,8.910511000000000000e+06,8.910512000000000000e+06,8.910513000000000000e+06,8.910514000000000000e+06,8.910515000000000000e+06,8.910516000000000000e+06,8.910517000000000000e+06,8.910518000000000000e+06,8.910519000000000000e+06,8.910520000000000000e+06,8.910521000000000000e+06,-2.147483648000000000e+09,-2.147483648000000000e+09,-2.147483648000000000e+09,-2.147483648000000000e+09,-2.147483648000000000e+09,-2.147483648000000000e+09,-2.147483648000000000e+09,-2.147483648000000000e+09,-2.147483648000000000e+09,-2.147483648000000000e+09,-2.147483648000000000e+09,-2.147483648000000000e+09
-2.147483648000000000e+09,-2.147483648000000000e+09,-2.147483648000000000e+09,-2.147483648000000000e+09,-2.147483648000000000e+09,-2.147483648000000000e+09,-2.147483648000000000e+09,-2.147483648000000000e+09,-2.147483648000000000e+09,-2.147483648000000000e+09,-2.147483648000000000e+09,-2.147483648000000000e+09,-2.147483648000000000e+09,-2.147483648000000000e+09,-2.147483648000000000e+09,-2.147483648000000000e+09,-2.147483648000000000e+09,-2.147483648000000000e+09,-2.147483648000000000e+09,-2.147483648000000000e+09,-2.147483648000000000e+09,-2.147483648000000000e+09,-2.147483648000000000e+09,-2.147483648000000000e+09,-2.147483648000000000e+09,-2.147483648000000000e+09,8.917692000000000000e+06,8.917693000000000000e+06,8.917694000000000000e+06,8.917695000000000000e+06,8.917696000000000000e+06,8.917697000000000000e+06,8.917698000000000000e+06,8.917699000000000000e+06,8.917700000000000000e+06,8.917701000000000000e+06,8.917702000000000000e+06,8.917703000000000000e+06,8.917703000000000000e+06,8.917704000000000000e+06,8.917705000000000000e+06,8.917706000000000000e+06,8.917707000000000000e+06,8.917708000000000000e+06,8.917709000000000000e+06,8.917710000000000000e+06,8.917711000000000000e+06,8.917712000000000000e+06,8.917713000000000000e+06,8.917714000000000000e+06,8.917715000000000000e+06,8.917716000000000000e+06,8.917717000000000000e+06,8.917718000000000000e+06,8.917719000000000000e+06,8.917720000000000000e+06,-2.147483648000000000e+09,-2.147483648000000000e+09,-2.147483648000000000e+09,-2.147483648000000000e+09,-2.147483648000000000e+09,-2.147483648000000000e+09,-2.147483648000000000e+09,-2.147483648000000000e+09,-2.147483648000000000e+09,-2.147483648000000000e+09,-2.147483648000000000e+09,-2.147483648000000000e+09,-2.147483648000000000e+09
-2.147483648000000000e+09,-2.147483648000000000e+09,-2.147483648000000000e+09,-2.147483648000000000e+09,-2.147483648000000000e+09,-2.147483648000000000e+09,-2.147483648000000000e+09,-2.147483648000000000e+09,-2.147483648000000000e+09,-2.147483648000000000e+09,-2.147483648000000000e+09,-2.147483648000000000e+09,-2.147483648000000000e+09,-2.147483648000000000e+09,-2.147483648000000000e+09,-2.147483648000000000e+09,-2.147483648000000000e+09,-2.147483648000000000e+09,-2.147483648000000000e+09,-2.147483648000000000e+09,-2.147483648000000000e+09,-2.147483648000000000e+09,-2.147483648000000000e+09,-2.147483648000000000e+09,-2.147483648000000000e+09,8.924891000000000000e+06,8.924892000000000000e+06,8.924893000000000000e+06,8.924894000000000000e+06,8.924895000000000000e+06,8.924896000000000000e+06,8.924897000000000000e+06,8.924898000000000000e+06,8.924899000000000000e+06,8.924900000000000000e+06,8.924901000000000000e+06,8.924902000000000000e+06,8.924903000000000000e+06,8.924903000000000000e+06,8.924904000000000000e+06,8.924905000000000000e+06,8.924906000000000000e+06,8.924907000000000000e+06,8.924908000000000000e+06,8.924909000000000000e+06,8.924910000000000000e+06,8.924911000000000000e+06,8.924912000000000000e+06,8.924913000000000000e+06,8.924914000000000000e+06,8.924915000000000000e+06,8.924916000000000000e+06,8.924917000000000000e+06,8.924918000000000000e+06,8.924919000000000000e+06,-2.147483648000000000e+09,-2.147483648000000000e+09,-2.147483648000000000e+09,-2.147483648000000000e+09,-2.147483648000000000e+09,-2.147483648000000000e+09,-2.147483648000000000e+09,-2.147483648000000000e+09,-2.147483648000000000e+09,-2.147483648000000000e+09,-2.147483648000000000e+09,-2.147483648000000000e+09,-2.147483648000000000e+09,-2.147483648000000000e+09
-2.147483648000000000e+09,-2.147483648000000000e+09,-2.147483648000000000e+09,-2.147483648000000000e+09,-2.147483648000000000e+09,-2.147483648000000000e+09,-2.147483648000000000e+09,-2.147483648000000000e+09,-2.147483648000000000e+09,-2.147483648000000000e+09,-2.147483648000000000e+09,-2.147483648000000000e+09,-2.147483648000000000e+09,-2.147483648000000000e+09,-2.147483648000000000e+09,-2.147483648000000000e+09,-2.147483648000000000e+09,-2.147483648000000000e+09,-2.147483648000000000e+09,-2.147483648000000000e+09,-2.147483648000000000e+09,-2.147483648000000000e+09,-2.147483648000000000e+09,-2.147483648000000000e+09,8.932090000000000000e+06,8.932091000000000000e+06,8.932092000000000000e+06,8.932093000000000000e+06,8.932094000000000000e+06,8.932095000000000000e+06,8.932096000000000000e+06,8.932097000000000000e+06,8.932098000000000000e+06,8.932099000000000000e+06,8.932100000000000000e+06,8.932101000000000000e+06,8.932102000000000000e+06,8.932103000000000000e+06,8.932103000000000000e+06,8.932104000000000000e+06,8.932105000000000000e+06,8.932106000000000000e+06,8.932107000000000000e+06,8.932108000000000000e+06,8.932109000000000000e+06,8.932110000000000000e+06,8.932111000000000000e+06,8.932112000000000000e+06,8.932113000000000000e+06,8.932114000000000000e+06,8.932115000000000000e+06,8.932116000000000000e+06,8.932117000000000000e+06,8.932118000000000000e+06,8.932119000000000000e+06,-2.147483648000000000e+09,-2.147483648000000000e+09,-2.147483648000000000e+09,-2.147483648000000000e+09,-2.147483648000000000e+09,-2.147483648000000000e+09,-2.147483648000000000e+09,-2.147483648000000000e+09,-2.147483648000000000e+09,-2.147483648000000000e+09,-2.147483648000000000e+09,-2.147483648000000000e+09,-2.147483648000000000e+09,-2.147483648000000000e+09
-2.147483648000000000e+09,-2.147483648000000000e+09,-2.147483648000000000e+09,-2.147483648000000000e+09,-2.147483648000000000e+09,-2.147483648000000000e+09,-2.147483648000000000e+09,-2.147483648000000000e+09,-2.147483648000000000e+09,-2.147483648000000000e+09,-2.147483648000000000e+09,-2.147483648000000000e+09,-2.147483648000000000e+09,-2.147483648000000000e+09,-2.147483648000000000e+09,-2.147483648000000000e+09,-2.147483648000000000e+09,-2.147483648000000000e+09,-2.147483648000000000e+09,-2.147483648000000000e+09,-2.147483648000000000e+09,-2.147483648000000000e+09,-2.147483648000000000e+09,8.939289000000000000e+06,8.939290000000000000e+06,8.939291000000000000e+06,8.939292000000000000e+06,8.939293000000000000e+06,8.939294000000000000e+06,8.939295000000000000e+06,8.939296000000000000e+06,8.939297000000000000e+06,8.939298000000000000e+06,8.939299000000000000e+06,8.939300000000000000e+06,8.939301000000000000e+06,8.939302000000000000e+06,8.939303000000000000e+06,8.939303000000000000e+06,8.939304000000000000e+06,8.939305000000000000e+06,8.939306000000000000e+06,8.939307000000000000e+06,8.939308000000000000e+06,8.939309000000000000e+06,8.939310000000000000e+06,8.939311000000000000e+06,8.939312000000000000e+06,8.939313000000000000e+06,8.939314000000000000e+06,8.939315000000000000e+06,8.939316000000000000e+06,8.939317000000000000e+06,8.939318000000000000e+06,-2.147483648000000000e+09,-2.147483648000000000e+09,-2.147483648000000000e+09,-2.147483648000000000e+09,-2.147483648000000000e+09,-2.147483648000000000e+09,-2.147483648000000000e+09,-2.147483648000000000e+09,-2.147483648000000000e+09,-2.147483648000000000e+09,-2.147483648000000000e+09,-2.147483648000000000e+09,-2.147483648000000000e+09,-2.147483648000000000e+09,-2.147483648000000000e+09
-2.147483648000000000e+09,-2.147483648000000000e+09,-2.147483648000000000e+09,-2.147483648000000000e+09,-2.147483648000000000e+09,-2.147483648000000000e+09,-2.147483648000000000e+09,-2.147483648000000000e+09,-2.147483648000000000e+09,-2.147483648000000000e+09,-2.147483648000000000e+09,-2.147483648000000000e+09,-2.147483648000000000e+09,-2.147483648000000000e+09,-2.147483648000000000e+09,-2.147483648000000000e+09,-2.147483648000000000e+09,-2.147483648000000000e+09,-2.147483648000000000e+09,-2.147483648000000000e+09,-2.147483648000000000e+09,-2.147483648000000000e+09,8.946488000000000000e+06,8.946489000000000000e+06,8.946490000000000000e+06,8.946491000000000000e+06,8.946492000000000000e+06,8.946493000000000000e+06,8.946494000000000000e+06,8.946495000000000000e+06,8.946496000000000000e+06,8.946497000000000000e+06,8.946498000000000000e+06,8.946499000000000000e+06,8.946500000000000000e+06,8.946501000000000000e+06,8.946502000000000000e+06,8.946503000000000000e+06,8.946503000000000000e+06,8.946504000000000000e+06,8.946505000000000000e+06,8.946506000000000000e+06,8.946507000000000000e+06,8.946508000000000000e+06,8.946509000000000000e+06,8.946510000000000000e+06,8.946511000000000000e+06,8.946512000000000000e+06,8.946513000000000000e+06,8.946514000000000000e+06,8.946515000000000000e+06,8.946516000000000000e+06,8.946517000000000000e+06,-2.147483648000000000e+09,-2.147483648000000000e+09,-2.147483648000000000e+09,-2.147483648000000000e+09,-2.147483648000000000e+09,-2.147483648000000000e+09,-2.147483648000000000e+09,-2.147483648000000000e+09,-2.147483648000000000e+09,-2.147483648000000000e+09,-2.147483648000000000e+09,-2.147483648000000000e+09,-2.147483648000000000e+09,-2.147483648000000000e+09,-2.147483648000000000e+09,-2.147483648000000000e+09
-2.147483648000000000e+09,-2.147483648000000000e+09,-2.147483648000000000e+09,-2.147483648000000000e+09,-2.147483648000000000e+09,-2.147483648000000000e+09,-2.147483648000000000e+09,-2.147483648000000000e+09,-2.147483648000000000e+09,-2.147483648000000000e+09,-2.147483648000000000e+09,-2.147483648000000000e+09,-2.147483648000000000e+09,-2.147483648000000000e+09,-2.147483648000000000e+09,-2.147483648000000000e+09,-2.147483648000000000e+09,-2.147483648000000000e+09,-2.147483648000000000e+09,-2.147483648000000000e+09,-2.147483648000000000e+09,8.953687000000000000e+06,8.953688000000000000e+06,8.953689000000000000e+06,8.953690000000000000e+06,8.953691000000000000e+06,8.953692000000000000e+06,8.953693000000000000e+06,8.953694000000000000e+06,8.953695000000000000e+06,8.953696000000000000e+06,8.953697000000000000e+06,8.953698000000000000e+06,8.953699000000000000e+06,8.953700000000000000e+06,8.953701000000000000e+06,8.953702000000000000e+06,8.953703000000000000e+06,8.953703000000000000e+06,8.953704000000000000e+06,8.953705000000000000e+06,8.953706000000000000e+06,8.953707000000000000e+06,8.953708000000000000e+06,8.953709000000000000e+06,8.953710000000000000e+06,8.953711000000000000e+06,8.953712000000000000e+06,8.953713000000000000e+06,8.953714000000000000e+06,8.953715000000000000e+06,8.953716000000000000e+06,-2.147483648000000000e+09,-2.147483648000000000e+09,-2.147483648000000000e+09,-2.147483648000000000e+09,-2.147483648000000000e+09,-2.147483648000000000e+09,-2.147483648000000000e+09,-2.147483648000000000e+09,-2.147483648000000000e+09,-2.147483648000000000e+09,-2.147483648000000000e+09,-2.147483648000000000e+09,-2.147483648000000000e+09,-2.147483648000000000e+09,-2.147483648000000000e+09,-2.147483648000000000e+09,-2.147483648000000000e+09
-2.147483648000000000e+09,-2.147483648000000000e+09,-2.147483648000000000e+09,-2.147483648000000000e+09,-2.147483648000000000e+09,-2.147483648000000000e+09,-2.147483648000000000e+09,-2.147483648000000000e+09,-2.147483648000000000e+09,-2.147483648000000000e+09,-2.147483648000000000e+09,-2.147483648000000000e+09,-2.147483648000000000e+09,-2.147483648000000000e+09,-2.147483648000000000e+09,-2.147483648000000000e+09,-2.147483648000000000e+09,-2.147483648000000000e+09,-2.147483648000000000e+09,-2.147483648000000000e+09,8.960886000000000000e+06,8.960887000000000000e+06,8.960888000000000000e+06,8.960889000000000000e+06,8.960890000000000000e+06,8.960891000000000000e+06,8.960892000000000000e+06,8.960893000000000000e+06,8.960894000000000000e+06,8.960895000000000000e+06,8.960896000000000000e+06,8.960897000000000000e+06,8.960898000000000000e+06,8.960899000000000000e+06,8.960900000000000000e+06,8.960901000000000000e+06,8.960902000000000000e+06,8.960903000000000000e+06,8.960903000000000000e+06,8.960904000000000000e+06,8.960905000000000000e+06,8.960906000000000000e+06,8.960907000000000000e+06,8.960908000000000000e+06,8.960909000000000000e+06,8.960910000000000000e+06,8.960911000000000000e+06,8.960912000000000000e+06,8.960913000000000000e+06,8.960914000000000000e+06,8.960915000000000000e+06,-2.147483648000000000e+09,-2.147483648000000000e+09,-2.147483648000000000e+09,-2.147483648000000000e+09,-2.147483648000000000e+09,-2.147483648000000000e+09,-2.147483648000000000e+09,-2.147483648000000000e+09,-2.147483648000000000e+09,-2.147483648000000000e+09,-2.147483648000000000e+09,-2.147483648000000000e+09,-2.147483648000000000e+09,-2.147483648000000000e+09,-2.147483648000000000e+09,-2.147483648000000000e+09,-2.147483648000000000e+09,-2.147483648000000000e+09
-2.147483648000000000e+09,-2.147483648000000000e+09,-2.147483648000000000e+09,-2.147483648000000000e+09,-2.147483648000000000e+09,-2.147483648000000000e+09,-2.147483648000000000e+09,-2.147483648000000000e+09,-2.147483648000000000e+09,-2.147483648000000000e+09,-2.147483648000000000e+09,-2.147483648000000000e+09,-2.147483648000000000e+09,-2.147483648000000000e+09,-2.147483648000000000e+09,-2.147483648000000000e+09,-2.147483648000000000e+09,-2.147483648000000000e+09,-2.147483648000000000e+09,8.968085000000000000e+06,8.968086000000000000e+06,8.968087000000000000e+06,8.968088000000000000e+06,8.968089000000000000e+06,8.968090000000000000e+06,8.968091000000000000e+06,8.968092000000000000e+06,8.968093000000000000e+06,8.968094000000000000e+06,8.968095000000000000e+06,8.968096000000000000e+06,8.968097000000000000e+06,8.968098000000000000e+06,8.968099000000000000e+06,8.968100000000000000e+06,8.968101000000000000e+06,8.968102000000000000e+06,8.968103000000000000e+06,8.968103000000000000e+06,8.968104000000000000e+06,8.968105000000000000e+06,8.968106000000000000e+06,8.968107000000000000e+06,8.968108000000000000e+06,8.968109000000000000e+06,8.968110000000000000e+06,8.968111000000000000e+06,8.968112000000000000e+06,8.968113000000000000e+06,8.968114000000000000e+06,-2.147483648000000000e+09,-2.147483648000000000e+09,-2.147483648000000000e+09,-2.147483648000000000e+09,-2.147483648000000000e+09,-2.147483648000000000e+09,-2.147483648000000000e+09,-2.147483648000000000e+09,-2.147483648000000000e+09,-2.147483648000000000e+09,-2.147483648000000000e+09,-2.147483648000000000e+09,-2.147483648000000000e+09,-2.147483648000000000e+09,-2.147483648000000000e+09,-2.147483648000000000e+09,-2.147483648000000000e+09,-2.147483648000000000e+09,-2.147483648000000000e+09
-2.147483648000000000e+09,-2.147483648000000000e+09,-2.147483648000000000e+09,-2.147483648000000000e+09,-2.147483648000000000e+09,-2.147483648000000000e+09,-2.147483648000000000e+09,-2.147483648000000000e+09,-2.147483648000000000e+09,-2.147483648000000000e+09,-2.147483648000000000e+09,-2.147483648000000000e+09,-2.147483648000000000e+09,-2.147483648000000000e+09,-2.147483648000000000e+09,-2.147483648000000000e+09,-2.147483648000000000e+09,-2.147483648000000000e+09,8.975284000000000000e+06,8.975285000000000000e+06,8.975286000000000000e+06,8.975287000000000000e+06,8.975288000000000000e+06,8.975289000000000000e+06,8.975290000000000000e+06,8.975291000000000000e+06,8.975292000000000000e+06,8.975293000000000000e+06,8.975294000000000000e+06,8.975295000000000000e+06,8.975296000000000000e+06,8.975297000000000000e+06,8.975298000000000000e+06,8.975299000000000000e+06,8.975300000000000000e+06,8.975301000000000000e+06,8.975302000000000000e+06,8.975303000000000000e+06,8.975303000000000000e+06,8.975304000000000000e+06,8.975305000000000000e+06,8.975306000000000000e+06,8.975307000000000000e+06,8.975308000000000000e+06,8.975309000000000000e+06,8.975310000000000000e+06,8.975311000000000000e+06,8.975312000000000000e+06,8.975313000000000000e+06,-2.147483648000000000e+09,-2.147483648000000000e+09,-2.147483648000000000e+09,-2.147483648000000000e+09,-2.147483648000000000e+09,-2.147483648000000000e+09,-2.147483648000000000e+09,-2.147483648000000000e+09,-2.147483648000000000e+09,-2.147483648000000000e+09,-2.147483648000000000e+09,-2.147483648000000000e+09,-2.147483648000000000e+09,-2.147483648000000000e+09,-2.147483648000000000e+09,-2.147483648000000000e+09,-2.147483648000000000e+09,-2.147483648000000000e+09,-2.147483648000000000e+09,-2.147483648000000000e+09
-2.147483648000000000e+09,-2.147483648000000000e+09,-2.147483648000000000e+09,-2.147483648000000000e+09,-2.147483648000000000e+09,-2.147483648000000000e+09,-2.147483648000000000e+09,-2.147483648000000000e+09,-2.147483648000000000e+09,-2.147483648000000000e+09,-2.147483648000000000e+09,-2.147483648000000000e+09,-2.147483648000000000e+09,-2.147483648000000000e+09,-2.147483648000000000e+09,-2.147483648000000000e+09,-2.147483648000000000e+09,8.982483000000000000e+06,8.982484000000000000e+06,8.982485000000000000e+06,8.982486000000000000e+06,8.982487000000000000e+06,8.982488000000000000e+06,8.982489000000000000e+06,8.982490000000000000e+06,8.982491000000000000e+06,8.982492000000000000e+06,8.982493000000000000e+06,8.982494000000000000e+06,8.982495000000000000e+06,8.982496000000000000e+06,8.982497000000000000e+06,8.982498000000000000e+06,8.982499000000000000e+06,8.982500000000000000e+06,8.982501000000000000e+06,8.982502000000000000e+06,8.982503000000000000e+06,8.982503000000000000e+06,8.982504000000000000e+06,8.982505000000000000e+06,8.982506000000000000e+06,8.982507000000000000e+06,8.982508000000000000e+06,8.982509000000000000e+06,8.982510000000000000e+06,8.982511000000000000e+06,8.982512000000000000e+06,-2.147483648000000000e+09,-2.147483648000000000e+09,-2.147483648000000000e+09,-2.147483648000000000e+09,-2.147483648000000000e+09,-2.147483648000000000e+09,-2.147483648000000000e+09,-2.147483648000000000e+09,-2.147483648000000000e+09,-2.147483648000000000e+09,-2.147483648000000000e+09,-2.147483648000000000e+09,-2.147483648000000000e+09,-2.147483648000000000e+09,-2.147483648000000000e+09,-2.147483648000000000e+09,-2.147483648000000000e+09,-2.147483648000000000e+09,-2.147483648000000000e+09,-2.147483648000000000e+09,-2.147483648000000000e+09
-2.147483648000000000e+09,-2.147483648000000000e+09,-2.147483648000000000e+09,-2.147483648000000000e+09,-2.147483648000000000e+09,-2.147483648000000000e+09,-2.147483648000000000e+09,-2.147483648000000000e+09,-2.147483648000000000e+09,-2.147483648000000000e+09,-2.147483648000000000e+09,-2.147483648000000000e+09,-2.147483648000000000e+09,-2.147483648000000000e+09,-2.147483648000000000e+09,-2.147483648000000000e+09,8.989682000000000000e+06,8.989683000000000000e+06,8.989684000000000000e+06,8.989685000000000000e+06,8.989686000000000000e+06,8.989687000000000000e+06,8.989688000000000000e+06,8.989689000000000000e+06,8.989690000000000000e+06,8.989691000000000000e+06,8.989692000000000000e+06,8.989693000000000000e+06,8.989694000000000000e+06,8.989695000000000000e+06,8.989696000000000000e+06,8.989697000000000000e+06,8.989698000000000000e+06,8.989699000000000000e+06,8.989700000000000000e+06,8.989701000000000000e+06,8.989702000000000000e+06,8.989703000000000000e+06,8.989703000000000000e+06,8.989704000000000000e+06,8.989705000000000000e+06,8.989706000000000000e+06,8.989707000000000000e+06,8.989708000000000000e+06,8.989709000000000000e+06,8.989710000000000000e+06,8.989711000000000000e+06,-2.147483648000000000e+09,-2.147483648000000000e+09,-2.147483648000000000e+09,-2.147483648000000000e+09,-2.147483648000000000e+09,-2.147483648000000000e+09,-2.147483648000000000e+09,-2.147483648000000000e+09,-2.147483648000000000e+09,-2.147483648000000000e+09,-2.147483648000000000e+09,-2.147483648000000000e+09,-2.147483648000000000e+09,-2.147483648000000000e+09,-2.147483648000000000e+09,-2.147483648000000000e+09,-2.147483648000000000e+09,-2.147483648000000000e+09,-2.147483648000000000e+09,-2.147483648000000000e+09,-2.147483648000000000e+09,-2.147483648000000000e+09
-2.147483648000000000e+09,-2.147483648000000000e+09,-2.147483648000000000e+09,-2.147483648000000000e+09,-2.147483648000000000e+09,-2.147483648000000000e+09,-2.147483648000000000e+09,-2.147483648000000000e+09,-2.147483648000000000e+09,-2.147483648000000000e+09,-2.147483648000000000e+09,-2.147483648000000000e+09,-2.147483648000000000e+09,-2.147483648000000000e+09,-2.147483648000000000e+09,8.996881000000000000e+06,8.996882000000000000e+06,8.996883000000000000e+06,8.996884000000000000e+06,8.996885000000000000e+06,8.996886000000000000e+06,8.996887000000000000e+06,8.996888000000000000e+06,8.996889000000000000e+06,8.996890000000000000e+06,8.996891000000000000e+06,8.996892000000000000e+06,8.996893000000000000e+06,8.996894000000000000e+06,8.996895000000000000e+06,8.996896000000000000e+06,8.996897000000000000e+06,8.996898000000000000e+06,8.996899000000000000e+06,8.996900000000000000e+06,8.996901000000000000e+06,8.996902000000000000e+06,8.996903000000000000e+06,8.996903000000000000e+06,8.996904000000000000e+06,8.996905000000000000e+06,8.996906000000000000e+06,8.996907000000000000e+06,8.996908000000000000e+06,8.996909000000000000e+06,8.996910000000000000e+06,-2.147483648000000000e+09,-2.147483648000000000e+09,-2.147483648000000000e+09,-2.147483648000000000e+09,-2.147483648000000000e+09,-2.147483648000000000e+09,-2.147483648000000000e+09,-2.147483648000000000e+09,-2.147483648000000000e+09,-2.147483648000000000e+09,-2.147483648000000000e+09,-2.147483648000000000e+09,-2.147483648000000000e+09,-2.147483648000000000e+09,-2.147483648000000000e+09,-2.147483648000000000e+09,-2.147483648000000000e+09,-2.147483648000000000e+09,-2.147483648000000000e+09,-2.147483648000000000e+09,-2.147483648000000000e+09,-2.147483648000000000e+09,-2.147483648000000000e+09
-2.147483648000000000e+09,-2.147483648000000000e+09,-2.147483648000000000e+09,-2.147483648000000000e+09,-2.147483648000000000e+09,-2.147483648000000000e+09,-2.147483648000000000e+09,-2.147483648000000000e+09,-2.147483648000000000e+09,-2.147483648000000000e+09,-2.147483648000000000e+09,-2.147483648000000000e+09,-2.147483648000000000e+09,-2.147483648000000000e+09,9.004080000000000000e+06,9.004081000000000000e+06,9.004082000000000000e+06,9.004083000000000000e+06,9.004084000000000000e+06,9.004085000000000000e+06,9.004086000000000000e+06,9.004087000000000000e+06,9.004088000000000000e+06,9.004089000000000000e+06,9.004090000000000000e+06,9.004091000000000000e+06,9.004092000000000000e+06,9.004093000000000000e+06,9.004094000000000000e+06,9.004095000000000000e+06,9.004096000000000000e+06,9.004097000000000000e+06,9.004098000000000000e+06,9.004099000000000000e+06,9.004100000000000000e+06,9.004101000000000000e+06,9.004102000000000000e+06,9.004103000000000000e+06,9.004103000000000000e+06,9.004104000000000000e+06,9.004105000000000000e+06,9.004106000000000000e+06,9.004107000000000000e+06,9.004108000000000000e+06,9.004109000000000000e+06,-2.147483648000000000e+09,-2.147483648000000000e+09,-2.147483648000000000e+09,-2.147483648000000000e+09,-2.147483648000000000e+09,-2.147483648000000000e+09,-2.147483648000000000e+09,-2.147483648000000000e+09,-2.147483648000000000e+09,-2.147483648000000000e+09,-2.147483648000000000e+09,-2.147483648000000000e+09,-2.147483648000000000e+09,-2.147483648000000000e+09,-2.147483648000000000e+09,-2.147483648000000000e+09,-2.147483648000000000e+09,-2.147483648000000000e+09,-2.147483648000000000e+09,-2.147483648000000000e+09,-2.147483648000000000e+09,-2.147483648000000000e+09,-2.147483648000000000e+09,-2.147483648000000000e+09
-2.147483648000000000e+09,-2.147483648000000000e+09,-2.147483648000000000e+09,-2.147483648000000000e+09,-2.147483648000000000e+09,-2.147483648000000000e+09,-2.147483648000000000e+09,-2.147483648000000000e+09,-2.147483648000000000e+09,-2.147483648000000000e+09,-2.147483648000000000e+09,-2.147483648000000000e+09,-2.147483648000000000e+09,9.011279000000000000e+06,9.011280000000000000e+06,9.011281000000000000e+06,9.011282000000000000e+06,9.011283000000000000e+06,9.011284000000000000e+06,9.011285000000000000e+06,9.011286000000000000e+06,9.011287000000000000e+06,9.011288000000000000e+06,9.011289000000000000e+06,9.011290000000000000e+06,9.011291000000000000e+06,9.011292000000000000e+06,9.011293000000000000e+06,9.011294000000000000e+06,9.011295000000000000e+06,9.011296000000000000e+06,9.011297000000000000e+06,9.011298000000000000e+06,9.011299000000000000e+06,9.011300000000000000e+06,9.011301000000000000e+06,9.011302000000000000e+06,9.011303000000000000e+06,9.011303000000000000e+06,9.011304000000000000e+06,9.011305000000000000e+06,9.011306000000000000e+06,9.011307000000000000e+06,9.011308000000000000e+06,-2.147483648000000000e+09,-2.147483648000000000e+09,-2.147483648000000000e+09,-2.147483648000000000e+09,-2.147483648000000000e+09,-2.147483648000000000e+09,-2.147483648000000000e+09,-2.147483648000000000e+09,-2.147483648000000000e+09,-2.147483648000000000e+09,-2.147483648000000000e+09,-2.147483648000000000e+09,-2.147483648000000000e+09,-2.147483648000000000e+09,-2.147483648000000000e+09,-2.147483648000000000e+09,-2.147483648000000000e+09,-2.147483648000000000e+09,-2.147483648000000000e+09,-2.147483648000000000e+09,-2.147483648000000000e+09,-2.147483648000000000e+09,-2.147483648000000000e+09,-2.147483648000000000e+09,-2.147483648000000000e+09
-2.147483648000000000e+09,-2.147483648000000000e+09,-2.147483648000000000e+09,-2.147483648000000000e+09,-2.147483648000000000e+09,-2.147483648000000000e+09,-2.147483648000000000e+09,-2.147483648000000000e+09,-2.147483648000000000e+09,-2.147483648000000000e+09,-2.147483648000000000e+09,-2.147483648000000000e+09,9.018478000000000000e+06,9.018479000000000000e+06,9.018480000000000000e+06,9.018481000000000000e+06,9.018482000000000000e+06,9.018483000000000000e+06,9.018484000000000000e+06,9.018485000000000000e+06,9.018486000000000000e+06,9.018487000000000000e+06,9.018488000000000000e+06,9.018489000000000000e+06,9.018490000000000000e+06,9.018491000000000000e+06,9.018492000000000000e+06,9.018493000000000000e+06,9.018494000000000000e+06,9.018495000000000000e+06,9.018496000000000000e+06,9.018497000000000000e+06,9.018498000000000000e+06,9.018499000000000000e+06,9.018500000000000000e+06,9.018501000000000000e+06,9.018502000000000000e+06,9.018503000000000000e+06,9.018503000000000000e+06,9.018504000000000000e+06,9.018505000000000000e+06,9.018506000000000000e+06,9.018507000000000000e+06,-2.147483648000000000e+09,-2.147483648000000000e+09,-2.147483648000000000e+09,-2.147483648000000000e+09,-2.147483648000000000e+09,-2.147483648000000000e+09,-2.147483648000000000e+09,-2.147483648000000000e+09,-2.147483648000000000e+09,-2.147483648000000000e+09,-2.147483648000000000e+09,-2.147483648000000000e+09,-2.147483648000000000e+09,-2.147483648000000000e+09,-2.147483648000000000e+09,-2.147483648000000000e+09,-2.147483648000000000e+09,-2.147483648000000000e+09,-2.147483648000000000e+09,-2.147483648000000000e+09,-2.147483648000000000e+09,-2.147483648000000000e+09,-2.147483648000000000e+09,-2.147483648000000000e+09,-2.147483648000000000e+09,-2.147483648000000000e+09
-2.147483648000000000e+09,-2.147483648000000000e+09,-2.147483648000000000e+09,-2.147483648000000000e+09,-2.147483648000000000e+09,-2.147483648000000000e+09,-2.147483648000000000e+09,-2.147483648000000000e+09,-2.147483648000000000e+09,-2.147483648000000000e+09,-2.147483648000000000e+09,-2.147483648000000000e+09,9.025678000000000000e+06,9.025679000000000000e+06,9.025680000000000000e+06,9.025681000000000000e+06,9.025682000000000000e+06,9.025683000000000000e+06,9.025684000000000000e+06,9.025685000000000000e+06,9.025686000000000000e+06,9.025687000000000000e+06,9.025688000000000000e+06,9.025689000000000000e+06,9.025690000000000000e+06,9.025691000000000000e+06,9.025692000000000000e+06,9.025693000000000000e+06,9.025694000000000000e+06,9.025695000000000000e+06,9.025696000000000000e+06,9.025697000000000000e+06,9.025698000000000000e+06,9.025699000000000000e+06,9.025700000000000000e+06,9.025701000000000000e+06,9.025702000000000000e+06,9.025703000000000000e+06,9.025703000000000000e+06,9.025704000000000000e+06,9.025705000000000000e+06,9.025706000000000000e+06,9.025707000000000000e+06,-2.147483648000000000e+09,-2.147483648000000000e+09,-2.147483648000000000e+09,-2.147483648000000000e+09,-2.147483648000000000e+09,-2.147483648000000000e+09,-2.147483648000000000e+09,-2.147483648000000000e+09,-2.147483648000000000e+09,-2.147483648000000000e+09,-2.147483648000000000e+09,-2.147483648000000000e+09,-2.147483648000000000e+09,-2.147483648000000000e+09,-2.147483648000000000e+09,-2.147483648000000000e+09,-2.147483648000000000e+09,-2.147483648000000000e+09,-2.147483648000000000e+09,-2.147483648000000000e+09,-2.147483648000000000e+09,-2.147483648000000000e+09,-2.147483648000000000e+09,-2.147483648000000000e+09,-2.147483648000000000e+09,-2.147483648000000000e+09
-2.147483648000000000e+09,-2.147483648000000000e+09,-2.147483648000000000e+09,-2.147483648000000000e+09,-2.147483648000000000e+09,-2.147483648000000000e+09,-2.147483648000000000e+09,-2.147483648000000000e+09,-2.147483648000000000e+09,-2.147483648000000000e+09,-2.147483648000000000e+09,9.032877000000000000e+06,9.032878000000000000e+06,9.032879000000000000e+06,9.032880000000000000e+06,9.032881000000000000e+06,9.032882000000000000e+06,9.032883000000000000e+06,9.032884000000000000e+06,9.032885000000000000e+06,9.032886000000000000e+06,9.032887000000000000e+06,9.032888000000000000e+06,9.032889000000000000e+06,9.032890000000000000e+06,9.032891000000000000e+06,9.032892000000000000e+06,9.032893000000000000e+06,9.032894000000000000e+06,9.032895000000000000e+06,9.032896000000000000e+06,9.032897000000000000e+06,9.032898000000000000e+06,9.032899000000000000e+06,9.032900000000000000e+06,9.032901000000000000e+06,9.032902000000000000e+06,9.032903000000000000e+06,9.032903000000000000e+06,9.032904000000000000e+06,9.032905000000000000e+06,9.032906000000000000e+06,-2.147483648000000000e+09,-2.147483648000000000e+09,-2.147483648000000000e+09,-2.147483648000000000e+09,-2.147483648000000000e+09,-2.147483648000000000e+09,-2.147483648000000000e+09,-2.147483648000000000e+09,-2.147483648000000000e+09,-2.147483648000000000e+09,-2.147483648000000000e+09,-2.147483648000000000e+09,-2.147483648000000000e+09,-2.147483648000000000e+09,-2.147483648000000000e+09,-2.147483648000000000e+09,-2.147483648000000000e+09,-2.147483648000000000e+09,-2.147483648000000000e+09,-2.147483648000000000e+09,-2.147483648000000000e+09,-2.147483648000000000e+09,-2.147483648000000000e+09,-2.147483648000000000e+09,-2.147483648000000000e+09,-2.147483648000000000e+09,-2.147483648000000000e+09
-2.147483648000000000e+09,-2.147483648000000000e+09,-2.147483648000000000e+09,-2.147483648000000000e+09,-2.147483648000000000e+09,-2.147483648000000000e+09,-2.147483648000000000e+09,-2.147483648000000000e+09,-2.147483648000000000e+09,-2.147483648000000000e+09,9.040076000000000000e+06,9.040077000000000000e+06,9.040078000000000000e+06,9.040079000000000000e+06,9.040080000000000000e+06,9.040081000000000000e+06,9.040082000000000000e+06,9.040083000000000000e+06,9.040084000000000000e+06,9.040085000000000000e+06,9.040086000000000000e+06,9.040087000000000000e+06,9.040088000000000000e+06,9.040089000000000000e+06,9.040090000000000000e+06,9.040091000000000000e+06,9.040092000000000000e+06,9.040093000000000000e+06,9.040094000000000000e+06,9.040095000000000000e+06,9.040096000000000000e+06,9.040097000000000000e+06,9.040098000000000000e+06,9.040099000000000000e+06,9.040100000000000000e+06,9.040101000000000000e+06,9.040102000000000000e+06,9.040103000000000000e+06,9.040103000000000000e+06,9.040104000000000000e+06,9.040105000000000000e+06,-2.147483648000000000e+09,-2.147483648000000000e+09,-2.147483648000000000e+09,-2.147483648000000000e+09,-2.147483648000000000e+09,-2.147483648000000000e+09,-2.147483648000000000e+09,-2.147483648000000000e+09,-2.147483648000000000e+09,-2.147483648000000000e+09,-2.147483648000000000e+09,-2.147483648000000000e+09,-2.147483648000000000e+09,-2.147483648000000000e+09,-2.147483648000000000e+09,-2.147483648000000000e+09,-2.147483648000000000e+09,-2.147483648000000000e+09,-2.147483648000000000e+09,-2.147483648000000000e+09,-2.147483648000000000e+09,-2.147483648000000000e+09,-2.147483648000000000e+09,-2.147483648000000000e+09,-2.147483648000000000e+09,-2.147483648000000000e+09,-2.147483648000000000e+09,-2.147483648000000000e+09
-2.147483648000000000e+09,-2.147483648000000000e+09,-2.147483648000000000e+09,-2.147483648000000000e+09,-2.147483648000000000e+09,-2.147483648000000000e+09,-2.147483648000000000e+09,-2.147483648000000000e+09,-2.147483648000000000e+09,9.047275000000000000e+06,9.047276000000000000e+06,9.047277000000000000e+06,9.047278000000000000e+06,9.047279000000000000e+06,9.047280000000000000e+06,9.047281000000000000e+06,9.047282000000000000e+06,9.047283000000000000e+06,9.047284000000000000e+06,9.047285000000000000e+06,9.047286000000000000e+06,9.047287000000000000e+06,9.047288000000000000e+06,9.047289000000000000e+06,9.047290000000000000e+06,9.047291000000000000e+06,9.047292000000000000e+06,9.047293000000000000e+06,9.047294000000000000e+06,9.047295000000000000e+06,9.047296000000000000e+06,9.047297000000000000e+06,9.047298000000000000e+06,9.047299000000000000e+06,9.047300000000000000e+06,9.047301000000000000e+06,9.047302000000000000e+06,9.047303000000000000e+06,9.047303000000000000e+06,9.047304000000000000e+06,-2.147483648000000000e+09,-2.147483648000000000e+09,-2.147483648000000000e+09,-2.147483648000000000e+09,-2.147483648000000000e+09,-2.147483648000000000e+09,-2.147483648000000000e+09,-2.147483648000000000e+09,-2.147483648000000000e+09,-2.147483648000000000e+09,-2.147483648000000000e+09,-2.147483648000000000e+09,-2.147483648000000000e+09,-2.147483648000000000e+09,-2.147483648000000000e+09,-2.147483648000000000e+09,-2.147483648000000000e+09,-2.147483648000000000e+09,-2.147483648000000000e+09,-2.147483648000000000e+09,-2.147483648000000000e+09,-2.147483648000000000e+09,-2.147483648000000000e+09,-2.147483648000000000e+09,-2.147483648000000000e+09,-2.147483648000000000e+09,-2.147483648000000000e+09,-2.147483648000000000e+09,-2.147483648000000000e+09
-2.147483648000000000e+09,-2.147483648000000000e+09,-2.147483648000000000e+09,-2.147483648000000000e+09,-2.147483648000000000e+09,-2.147483648000000000e+09,-2.147483648000000000e+09,-2.147483648000000000e+09,9.054474000000000000e+06,9.054475000000000000e+06,9.054476000000000000e+06,9.054477000000000000e+06,9.054478000000000000e+06,9.054479000000000000e+06,9.054480000000000000e+06,9.054481000000000000e+06,9.054482000000000000e+06,9.054483000000000000e+06,9.054484000000000000e+06,9.054485000000000000e+06,9.054486000000000000e+06,9.054487000000000000e+06,9.054488000000000000e+06,9.054489000000000000e+06,9.054490000000000000e+06,9.054491000000000000e+06,9.054492000000000000e+06,9.054493000000000000e+06,9.054494000000000000e+06,9.054495000000000000e+06,9.054496000000000000e+06,9.054497000000000000e+06,9.054498000000000000e+06,9.054499000000000000e+06,9.054500000000000000e+06,9.054501000000000000e+06,9.054502000000000000e+06,9.054503000000000000e+06,9.054503000000000000e+06,-2.147483648000000000e+09,-2.147483648000000000e+09,-2.147483648000000000e+09,-2.147483648000000000e+09,-2.147483648000000000e+09,-2.147483648000000000e+09,-2.147483648000000000e+09,-2.147483648000000000e+09,-2.147483648000000000e+09,-2.147483648000000000e+09,-2.147483648000000000e+09,-2.147483648000000000e+09,-2.147483648000000000e+09,-2.147483648000000000e+09,-2.147483648000000000e+09,-2.147483648000000000e+09,-2.147483648000000000e+09,-2.147483648000000000e+09,-2.147483648000000000e+09,-2.147483648000000000e+09,-2.147483648000000000e+09,-2.147483648000000000e+09,-2.147483648000000000e+09,-2.147483648000000000e+09,-2.147483648000000000e+09,-2.147483648000000000e+09,-2.147483648000000000e+09,-2.147483648000000000e+09,-2.147483648000000000e+09,-2.147483648000000000e+09
-2.147483648000000000e+09,-2.147483648000000000e+09,-2.147483648000000000e+09,-2.147483648000000000e+09,-2.147483648000000000e+09,-2.147483648000000000e+09,-2.147483648000000000e+09,9.061673000000000000e+06,9.061674000000000000e+06,9.061675000000000000e+06,9.061676000000000000e+06,9.061677000000000000e+06,9.061678000000000000e+06,9.061679000000000000e+06,9.061680000000000000e+06,9.061681000000000000e+06,9.061682000000000000e+06,9.061683000000000000e+06,9.061684000000000000e+06,9.061685000000000000e+06,9.061686000000000000e+06,9.061687000000000000e+06,9.061688000000000000e+06,9.061689000000000000e+06,9.061690000000000000e+06,9.061691000000000000e+06,9.061692000000000000e+06,9.061693000000000000e+06,9.061694000000000000e+06,9.061695000000000000e+06,9.061696000000000000e+06,9.061697000000000000e+06,9.061698000000000000e+06,9.061699000000000000e+06,9.061700000000000000e+06,9.061701000000000000e+06,9.061702000000000000e+06,9.061703000000000000e+06,-2.147483648000000000e+09,-2.147483648000000000e+09,-2.147483648000000000e+09,-2.147483648000000000e+09,-2.147483648000000000e+09,-2.147483648000000000e+09,-2.147483648000000000e+09,-2.147483648000000000e+09,-2.147483648000000000e+09,-2.147483648000000000e+09,-2.147483648000000000e+09,-2.147483648000000000e+09,-2.147483648000000000e+09,-2.147483648000000000e+09,-2.147483648000000000e+09,-2.147483648000000000e+09,-2.147483648000000000e+09,-2.147483648000000000e+09,-2.147483648000000000e+09,-2.147483648000000000e+09,-2.147483648000000000e+09,-2.147483648000000000e+09,-2.147483648000000000e+09,-2.147483648000000000e+09,-2.147483648000000000e+09,-2.147483648000000000e+09,-2.147483648000000000e+09,-2.147483648000000000e+09,-2.147483648000000000e+09,-2.147483648000000000e+09,-2.147483648000000000e+09
-2.147483648000000000e+09,-2.147483648000000000e+09,-2.147483648000000000e+09,-2.147483648000000000e+09,-2.147483648000000000e+09,-2.147483648000000000e+09,9.068872000000000000e+06,9.068873000000000000e+06,9.068874000000000000e+06,9.068875000000000000e+06,9.068876000000000000e+06,9.068877000000000000e+06,9.068878000000000000e+06,9.068879000000000000e+06,9.068880000000000000e+06,9.068881000000000000e+06,9.068882000000000000e+06,9.068883000000000000e+06,9.068884000000000000e+06,9.068885000000000000e+06,9.068886000000000000e+06,9.068887000000000000e+06,9.068888000000000000e+06,9.068889000000000000e+06,9.068890000000000000e+06,9.068891000000000000e+06,9.068892000000000000e+06,9.068893000000000000e+06,9.068894000000000000e+06,9.068895000000000000e+06,9.068896000000000000e+06,9.068897000000000000e+06,9.068898000000000000e+06,9.068899000000000000e+06,9.068900000000000000e+06,9.068901000000000000e+06,9.068902000000000000e+06,-2.147483648000000000e+09,-2.147483648000000000e+09,-2.147483648000000000e+09,-2.147483648000000000e+09,-2.147483648000000000e+09,-2.147483648000000000e+09,-2.147483648000000000e+09,-2.147483648000000000e+09,-2.147483648000000000e+09,-2.147483648000000000e+09,-2.147483648000000000e+09,-2.147483648000000000e+09,-2.147483648000000000e+09,-2.147483648000000000e+09,-2.147483648000000000e+09,-2.147483648000000000e+09,-2.147483648000000000e+09,-2.147483648000000000e+09,-2.147483648000000000e+09,-2.147483648000000000e+09,-2.147483648000000000e+09,-2.147483648000000000e+09,-2.147483648000000000e+09,-2.147483648000000000e+09,-2.147483648000000000e+09,-2.147483648000000000e+09,-2.147483648000000000e+09,-2.147483648000000000e+09,-2.147483648000000000e+09,-2.147483648000000000e+09,-2.147483648000000000e+09,-2.147483648000000000e+09
-2.147483648000000000e+09,-2.147483648000000000e+09,-2.147483648000000000e+09,-2.147483648000000000e+09,-2.147483648000000000e+09,9.076071000000000000e+06,9.076072000000000000e+06,9.076073000000000000e+06,9.076074000000000000e+06,9.076075000000000000e+06,9.076076000000000000e+06,9.076077000000000000e+06,9.076078000000000000e+06,9.076079000000000000e+06,9.076080000000000000e+06,9.076081000000000000e+06,9.076082000000000000e+06,9.076083000000000000e+06,9.076084000000000000e+06,9.076085000000000000e+06,9.076086000000000000e+06,9.076087000000000000e+06,9.076088000000000000e+06,9.076089000000000000e+06,9.076090000000000000e+06,9.076091000000000000e+06,9.076092000000000000e+06,9.076093000000000000e+06,9.076094000000000000e+06,9.076095000000000000e+06,9.076096000000000000e+06,9.076097000000000000e+06,9.076098000000000000e+06,9.076099000000000000e+06,9.076100000000000000e+06,9.076101000000000000e+06,-2.147483648000000000e+09,-2.147483648000000000e+09,-2.147483648000000000e+09,-2.147483648000000000e+09,-2.147483648000000000e+09,-2.147483648000000000e+09,-2.147483648000000000e+09,-2.147483648000000000e+09,-2.147483648000000000e+09,-2.147483648000000000e+09,-2.147483648000000000e+09,-2.147483648000000000e+09,-2.147483648000000000e+09,-2.147483648000000000e+09,-2.147483648000000000e+09,-2.147483648000000000e+09,-2.147483648000000000e+09,-2.147483648000000000e+09,-2.147483648000000000e+09,-2.147483648000000000e+09,-2.147483648000000000e+09,-2.147483648000000000e+09,-2.147483648000000000e+09,-2.147483648000000000e+09,-2.147483648000000000e+09,-2.147483648000000000e+09,-2.147483648000000000e+09,-2.147483648000000000e+09,-2.147483648000000000e+09,-2.147483648000000000e+09,-2.147483648000000000e+09,-2.147483648000000000e+09,-2.147483648000000000e+09
-2.147483648000000000e+09,-2.147483648000000000e+09,-2.147483648000000000e+09,-2.147483648000000000e+09,9.083270000000000000e+06,9.083271000000000000e+06,9.083272000000000000e+06,9.083273000000000000e+06,9.083274000000000000e+06,9.083275000000000000e+06,9.083276000000000000e+06,9.083277000000000000e+06,9.083278000000000000e+06,9.083279000000000000e+06,9.083280000000000000e+06,9.083281000000000000e+06,9.083282000000000000e+06,9.083283000000000000e+06,9.083284000000000000e+06,9.083285000000000000e+06,9.083286000000000000e+06,9.083287000000000000e+06,9.083288000000000000e+06,9.083289000000000000e+06,9.083290000000000000e+06,9.083291000000000000e+06,9.083292000000000000e+06,9.083293000000000000e+06,9.083294000000000000e+06,9.083295000000000000e+06,9.083296000000000000e+06,9.083297000000000000e+06,9.083298000000000000e+06,9.083299000000000000e+06,9.083300000000000000e+06,-2.147483648000000000e+09,-2.147483648000000000e+09,-2.147483648000000000e+09,-2.147483648000000000e+09,-2.147483648000000000e+09,-2.147483648000000000e+09,-2.147483648000000000e+09,-2.147483648000000000e+09,-2.147483648000000000e+09,-2.147483648000000000e+09,-2.147483648000000000e+09,-2.147483648000000000e+09,-2.147483648000000000e+09,-2.147483648000000000e+09,-2.147483648000000000e+09,-2.147483648000000000e+09,-2.147483648000000000e+09,-2.147483648000000000e+09,-2.147483648000000000e+09,-2.147483648000000000e+09,-2.147483648000000000e+09,-2.147483648000000000e+09,-2.147483648000000000e+09,-2.147483648000000000e+09,-2.147483648000000000e+09,-2.147483648000000000e+09,-2.147483648000000000e+09,-2.147483648000000000e+09,-2.147483648000000000e+09,-2.147483648000000000e+09,-2.147483648000000000e+09,-2.147483648000000000e+09,-2.147483648000000000e+09,-2.147483648000000000e+09
-2.147483648000000000e+09,-2.147483648000000000e+09,-2.147483648000000000e+09,9.090469000000000000e+06,9.090470000000000000e+06,9.090471000000000000e+06,9.090472000000000000e+06,9.090473000000000000e+06,9.090474000000000000e+06,9.090475000000000000e+06,9.090476000000000000e+06,9.090477000000000000e+06,9.090478000000000000e+06,9.090479000000000000e+06,9.090480000000000000e+06,9.090481000000000000e+06,9.090482000000000000e+06,9.090483000000000000e+06,9.090484000000000000e+06,9.090485000000000000e+06,9.090486000000000000e+06,9.090487000000000000e+06,9.090488000000000000e+06,9.090489000000000000e+06,9.090490000000000000e+06,9.090491000000000000e+06,9.090492000000000000e+06,9.090493000000000000e+06,9.090494000000000000e+06,9.090495000000000000e+06,9.090496000000000000e+06,9.090497000000000000e+06,9.090498000000000000e+06,9.090499000000000000e+06,-2.147483648000000000e+09,-2.147483648000000000e+09,-2.147483648000000000e+09,-2.147483648000000000e+09,-2.147483648000000000e+09,-2.147483648000000000e+09,-2.147483648000000000e+09,-2.147483648000000000e+09,-2.147483648000000000e+09,-2.147483648000000000e+09,-2.147483648000000000e+09,-2.147483648000000000e+09,-2.147483648000000000e+09,-2.147483648000000000e+09,-2.147483648000000000e+09,-2.147483648000000000e+09,-2.147483648000000000e+09,-2.147483648000000000e+09,-2.147483648000000000e+09,-2.147483648000000000e+09,-2.147483648000000000e+09,-2.147483648000000000e+09,-2.147483648000000000e+09,-2.147483648000000000e+09,-2.147483648000000000e+09,-2.147483648000000000e+09,-2.147483648000000000e+09,-2.147483648000000000e+09,-2.147483648000000000e+09,-2.147483648000000000e+09,-2.147483648000000000e+09,-2.147483648000000000e+09,-2.147483648000000000e+09,-2.147483648000000000e+09,-2.147483648000000000e+09
-2.147483648000000000e+09,-2.147483648000000000e+09,9.097668000000000000e+06,9.097669000000000000e+06,9.097670000000000000e+06,9.097671000000000000e+06,9.097672000000000000e+06,9.097673000000000000e+06,9.097674000000000000e+06,9.097675000000000000e+06,9.097676000000000000e+06,9.097677000000000000e+06,9.097678000000000000e+06,9.097679000000000000e+06,9.097680000000000000e+06,9.097681000000000000e+06,9.097682000000000000e+06,9.097683000000000000e+06,9.097684000000000000e+06,9.097685000000000000e+06,9.097686000000000000e+06,9.097687000000000000e+06,9.097688000000000000e+06,9.097689000000000000e+06,9.097690000000000000e+06,9.097691000000000000e+06,9.097692000000000000e+06,9.097693000000000000e+06,9.097694000000000000e+06,9.097695000000000000e+06,9.097696000000000000e+06,9.097697000000000000e+06,9.097698000000000000e+06,-2.147483648000000000e+09,-2.147483648000000000e+09,-2.147483648000000000e+09,-2.147483648000000000e+09,-2.147483648000000000e+09,-2.147483648000000000e+09,-2.147483648000000000e+09,-2.147483648000000000e+09,-2.147483648000000000e+09,-2.147483648000000000e+09,-2.147483648000000000e+09,-2.147483648000000000e+09,-2.147483648000000000e+09,-2.147483648000000000e+09,-2.147483648000000000e+09,-2.147483648000000000e+09,-2.147483648000000000e+09,-2.147483648000000000e+09,-2.147483648000000000e+09,-2.147483648000000000e+09,-2.147483648000000000e+09,-2.147483648000000000e+09,-2.147483648000000000e+09,-2.147483648000000000e+09,-2.147483648000000000e+09,-2.147483648000000000e+09,-2.147483648000000000e+09,-2.147483648000000000e+09,-2.147483648000000000e+09,-2.147483648000000000e+09,-2.147483648000000000e+09,-2.147483648000000000e+09,-2.147483648000000000e+09,-2.147483648000000000e+09,-2.147483648000000000e+09,-2.147483648000000000e+09
-2.147483648000000000e+09,9.104867000000000000e+06,9.104868000000000000e+06,9.104869000000000000e+06,9.104870000000000000e+06,9.104871000000000000e+06,9.104872000000000000e+06,9.104873000000000000e+06,9.104874000000000000e+06,9.104875000000000000e+06,9.104876000000000000e+06,9.104877000000000000e+06,9.104878000000000000e+06,9.104879000000000000e+06,9.104880000000000000e+06,9.104881000000000000e+06,9.104882000000000000e+06,9.104883000000000000e+06,9.104884000000000000e+06,9.104885000000000000e+06,9.104886000000000000e+06,9.104887000000000000e+06,9.104888000000000000e+06,9.104889000000000000e+06,9.104890000000000000e+06,9.104891000000000000e+06,9.104892000000000000e+06,9.104893000000000000e+06,9.104894000000000000e+06,9.104895000000000000e+06,9.104896000000000000e+06,9.104897000000000000e+06,-2.147483648000000000e+09,-2.147483648000000000e+09,-2.147483648000000000e+09,-2.147483648000000000e+09,-2.147483648000000000e+09,-2.147483648000000000e+09,-2.147483648000000000e+09,-2.147483648000000000e+09,-2.147483648000000000e+09,-2.147483648000000000e+09,-2.147483648000000000e+09,-2.147483648000000000e+09,-2.147483648000000000e+09,-2.147483648000000000e+09,-2.147483648000000000e+09,-2.147483648000000000e+09,-2.147483648000000000e+09,-2.147483648000000000e+09,-2.147483648000000000e+09,-2.147483648000000000e+09,-2.147483648000000000e+09,-2.147483648000000000e+09,-2.147483648000000000e+09,-2.147483648000000000e+09,-2.147483648000000000e+09,-2.147483648000000000e+09,-2.147483648000000000e+09,-2.147483648000000000e+09,-2.147483648000000000e+09,-2.147483648000000000e+09,-2.147483648000000000e+09,-2.147483648000000000e+09,-2.147483648000000000e+09,-2.147483648000000000e+09,-2.147483648000000000e+09,-2.147483648000000000e+09,-2.147483648000000000e+09
9.112066000000000000e+06,9.112067000000000000e+06,9.112068000000000000e+06,9.112069000000000000e+06,9.112070000000000000e+06,9.112071000000000000e+06,9.112072000000000000e+06,9.112073000000000000e+06,9.112074000000000000e+06,9.112075000000000000e+06,9.112076000000000000e+06,9.112077000000000000e+06,9.112078000000000000e+06,9.112079000000000000e+06,9.112080000000000000e+06,9.112081000000000000e+06,9.112082000000000000e+06,9.112083000000000000e+06,9.112084000000000000e+06,9.112085000000000000e+06,9.112086000000000000e+06,9.112087000000000000e+06,9.112088000000000000e+06,9.112089000000000000e+06,9.112090000000000000e+06,9.112091000000000000e+06,9.112092000000000000e+06,9.112093000000000000e+06,9.112094000000000000e+06,9.112095000000000000e+06,9.112096000000000000e+06,-2.147483648000000000e+09,-2.147483648000000000e+09,-2.147483648000000000e+09,-2.147483648000000000e+09,-2.147483648000000000e+09,-2.147483648000000000e+09,-2.147483648000000000e+09,-2.147483648000000000e+09,-2.147483648000000000e+09,-2.147483648000000000e+09,-2.147483648000000000e+09,-2.147483648000000000e+09,-2.147483648000000000e+09,-2.147483648000000000e+09,-2.147483648000000000e+09,-2.147483648000000000e+09,-2.147483648000000000e+09,-2.147483648000000000e+09,-2.147483648000000000e+09,-2.147483648000000000e+09,-2.147483648000000000e+09,-2.147483648000000000e+09,-2.147483648000000000e+09,-2.147483648000000000e+09,-2.147483648000000000e+09,-2.147483648000000000e+09,-2.147483648000000000e+09,-2.147483648000000000e+09,-2.147483648000000000e+09,-2.147483648000000000e+09,-2.147483648000000000e+09,-2.147483648000000000e+09,-2.147483648000000000e+09,-2.147483648000000000e+09,-2.147483648000000000e+09,-2.147483648000000000e+09,-2.147483648000000000e+09,-2.147483648000000000e+09
