-2.147483648000000000e+09,-2.147483648000000000e+09,-2.147483648000000000e+09,-2.147483648000000000e+09,-2.147483648000000000e+09,-2.147483648000000000e+09,-2.147483648000000000e+09,-2.147483648000000000e+09,-2.147483648000000000e+09,-2.147483648000000000e+09,-2.147483648000000000e+09,-2.147483648000000000e+09,-2.147483648000000000e+09,-2.147483648000000000e+09,-2.147483648000000000e+09,-2.147483648000000000e+09,-2.147483648000000000e+09,-2.147483648000000000e+09,-2.147483648000000000e+09,-2.147483648000000000e+09,-2.147483648000000000e+09,-2.147483648000000000e+09,-2.147483648000000000e+09,-2.147483648000000000e+09,-2.147483648000000000e+09,-2.147483648000000000e+09,-2.147483648000000000e+09,-2.147483648000000000e+09,-2.147483648000000000e+09,-2.147483648000000000e+09,-2.147483648000000000e+09,-2.147483648000000000e+09,-2.147483648000000000e+09,-2.147483648000000000e+09,-2.147483648000000000e+09,-2.147483648000000000e+09,4.568731000000000000e+06,4.568732000000000000e+06,4.568733000000000000e+06,4.568734000000000000e+06,4.568735000000000000e+06,4.568736000000000000e+06,4.568737000000000000e+06,4.568738000000000000e+06,4.568739000000000000e+06,4.568740000000000000e+06,4.568741000000000000e+06,-2.147483648000000000e+09,-2.147483648000000000e+09,-2.147483648000000000e+09,-2.147483648000000000e+09,-2.147483648000000000e+09,-2.147483648000000000e+09,-2.147483648000000000e+09,-2.147483648000000000e+09,-2.147483648000000000e+09,-2.147483648000000000e+09,-2.147483648000000000e+09,-2.147483648000000000e+09,-2.147483648000000000e+09,-2.147483648000000000e+09,-2.147483648000000000e+09,-2.147483648000000000e+09,-2.147483648000000000e+09,-2.147483648000000000e+09,-2.147483648000000000e+09,-2.147483648000000000e+09,-2.147483648000000000e+09,4.568763000000000000e+06,4.568764000000000000e+06,4.568765000000000000e+06,4.568766000000000000e+06,4.568767000000000000e+06,4.568768000000000000e+06,4.568768000000000000e+06,4.568769000000000000e+06,4.568770000000000000e+06,4.568771000000000000e+06,4.568772000000000000e+06,4.568773000000000000e+06,4.568774000000000000e+06,4.568775000000000000e+06,4.568776000000000000e+06,4.568777000000000000e+06,4.568778000000000000e+06,4.568779000000000000e+06,4.568780000000000000e+06,4.568781000000000000e+06,4.568782000000000000e+06,4.568783000000000000e+06,4.568784000000000000e+06,4.568785000000000000e+06,4.568786000000000000e+06,4.568787000000000000e+06,4.568788000000000000e+06,4.568789000000000000e+06,4.568790000000000000e+06,4.568791000000000000e+06,4.568792000000000000e+06,-2.147483648000000000e+09,-2.147483648000000000e+09,-2.147483648000000000e+09,-2.147483648000000000e+09,-2.147483648000000000e+09
-2.147483648000000000e+09,-2.147483648000000000e+09,-2.147483648000000000e+09,-2.147483648000000000e+09,-2.147483648000000000e+09,-2.147483648000000000e+09,-2.147483648000000000e+09,-2.147483648000000000e+09,-2.147483648000000000e+09,-2.147483648000000000e+09,-2.147483648000000000e+09,-2.147483648000000000e+09,-2.147483648000000000e+09,-2.147483648000000000e+09,-2.147483648000000000e+09,-2.147483648000000000e+09,-2.147483648000000000e+09,-2.147483648000000000e+09,-2.147483648000000000e+09,-2.147483648000000000e+09,-2.147483648000000000e+09,-2.147483648000000000e+09,-2.147483648000000000e+09,-2.147483648000000000e+09,-2.147483648000000000e+09,-2.147483648000000000e+09,-2.147483648000000000e+09,-2.147483648000000000e+09,-2.147483648000000000e+09,-2.147483648000000000e+09,-2.147483648000000000e+09,-2.147483648000000000e+09,-2.147483648000000000e+09,-2.147483648000000000e+09,-2.147483648000000000e+09,4.575930000000000000e+06,4.575931000000000000e+06,4.575932000000000000e+06,4.575933000000000000e+06,4.575934000000000000e+06,4.575935000000000000e+06,4.575936000000000000e+06,4.575937000000000000e+06,4.575938000000000000e+06,4.575939000000000000e+06,4.575940000000000000e+06,-2.147483648000000000e+09,-2.147483648000000000e+09,-2.147483648000000000e+09,-2.147483648000000000e+09,-2.147483648000000000e+09,-2.147483648000000000e+09,-2.147483648000000000e+09,-2.147483648000000000e+09,-2.147483648000000000e+09,-2.147483648000000000e+09,-2.147483648000000000e+09,-2.147483648000000000e+09,-2.147483648000000000e+09,-2.147483648000000000e+09,-2.147483648000000000e+09,-2.147483648000000000e+09,-2.147483648000000000e+09,-2.147483648000000000e+09,-2.147483648000000000e+09,-2.147483648000000000e+09,-2.147483648000000000e+09,4.575962000000000000e+06,4.575963000000000000e+06,4.575964000000000000e+06,4.575965000000000000e+06,4.575966000000000000e+06,4.575967000000000000e+06,4.575968000000000000e+06,4.575968000000000000e+06,4.575969000000000000e+06,4.575970000000000000e+06,4.575971000000000000e+06,4.575972000000000000e+06,4.575973000000000000e+06,4.575974000000000000e+06,4.575975000000000000e+06,4.575976000000000000e+06,4.575977000000000000e+06,4.575978000000000000e+06,4.575979000000000000e+06,4.575980000000000000e+06,4.575981000000000000e+06,4.575982000000000000e+06,4.575983000000000000e+06,4.575984000000000000e+06,4.575985000000000000e+06,4.575986000000000000e+06,4.575987000000000000e+06,4.575988000000000000e+06,4.575989000000000000e+06,4.575990000000000000e+06,4.575991000000000000e+06,-2.147483648000000000e+09,-2.147483648000000000e+09,-2.147483648000000000e+09,-2.147483648000000000e+09,-2.147483648000000000e+09,-2.147483648000000000e+09
-2.147483648000000000e+09,-2.147483648000000000e+09,-2.147483648000000000e+09,-2.147483648000000000e+09,-2.147483648000000000e+09,-2.147483648000000000e+09,-2.147483648000000000e+09,-2.147483648000000000e+09,-2.147483648000000000e+09,-2.147483648000000000e+09,-2.147483648000000000e+09,-2.147483648000000000e+09,-2.147483648000000000e+09,-2.147483648000000000e+09,-2.147483648000000000e+09,-2.147483648000000000e+09,-2.147483648000000000e+09,-2.147483648000000000e+09,-2.147483648000000000e+09,-2.147483648000000000e+09,-2.147483648000000000e+09,-2.147483648000000000e+09,-2.147483648000000000e+09,-2.147483648000000000e+09,-2.147483648000000000e+09,-2.147483648000000000e+09,-2.147483648000000000e+09,-2.147483648000000000e+09,-2.147483648000000000e+09,-2.147483648000000000e+09,-2.147483648000000000e+09,-2.147483648000000000e+09,-2.147483648000000000e+09,4.583128000000000000e+06,4.583129000000000000e+06,4.583130000000000000e+06,4.583131000000000000e+06,4.583132000000000000e+06,4.583133000000000000e+06,4.583134000000000000e+06,4.583135000000000000e+06,4.583136000000000000e+06,4.583137000000000000e+06,4.583138000000000000e+06,4.583139000000000000e+06,-2.147483648000000000e+09,-2.147483648000000000e+09,-2.147483648000000000e+09,-2.147483648000000000e+09,-2.147483648000000000e+09,-2.147483648000000000e+09,-2.147483648000000000e+09,-2.147483648000000000e+09,-2.147483648000000000e+09,-2.147483648000000000e+09,-2.147483648000000000e+09,-2.147483648000000000e+09,-2.147483648000000000e+09,-2.147483648000000000e+09,-2.147483648000000000e+09,-2.147483648000000000e+09,-2.147483648000000000e+09,-2.147483648000000000e+09,-2.147483648000000000e+09,-2.147483648000000000e+09,-2.147483648000000000e+09,4.583161000000000000e+06,4.583162000000000000e+06,4.583163000000000000e+06,4.583164000000000000e+06,4.583165000000000000e+06,4.583166000000000000e+06,4.583167000000000000e+06,4.583168000000000000e+06,4.583168000000000000e+06,4.583169000000000000e+06,4.583170000000000000e+06,4.583171000000000000e+06,4.583172000000000000e+06,4.583173000000000000e+06,4.583174000000000000e+06,4.583175000000000000e+06,4.583176000000000000e+06,4.583177000000000000e+06,4.583178000000000000e+06,4.583179000000000000e+06,4.583180000000000000e+06,4.583181000000000000e+06,4.583182000000000000e+06,4.583183000000000000e+06,4.583184000000000000e+06,4.583185000000000000e+06,4.583186000000000000e+06,4.583187000000000000e+06,4.583188000000000000e+06,4.583189000000000000e+06,4.583190000000000000e+06,-2.147483648000000000e+09,-2.147483648000000000e+09,-2.147483648000000000e+09,-2.147483648000000000e+09,-2.147483648000000000e+09,-2.147483648000000000e+09,-2.147483648000000000e+09
-2.147483648000000000e+09,-2.147483648000000000e+09,-2.147483648000000000e+09,-2.147483648000000000e+09,-2.147483648000000000e+09,-2.147483648000000000e+09,-2.147483648000000000e+09,-2.147483648000000000e+09,-2.147483648000000000e+09,-2.147483648000000000e+09,-2.147483648000000000e+09,-2.147483648000000000e+09,-2.147483648000000000e+09,-2.147483648000000000e+09,-2.147483648000000000e+09,-2.147483648000000000e+09,-2.147483648000000000e+09,-2.147483648000000000e+09,-2.147483648000000000e+09,-2.147483648000000000e+09,-2.147483648000000000e+09,-2.147483648000000000e+09,-2.147483648000000000e+09,-2.147483648000000000e+09,-2.147483648000000000e+09,-2.147483648000000000e+09,-2.147483648000000000e+09,-2.147483648000000000e+09,-2.147483648000000000e+09,-2.147483648000000000e+09,-2.147483648000000000e+09,-2.147483648000000000e+09,4.590327000000000000e+06,4.590328000000000000e+06,4.590329000000000000e+06,4.590330000000000000e+06,4.590331000000000000e+06,4.590332000000000000e+06,4.590333000000000000e+06,4.590334000000000000e+06,4.590335000000000000e+06,4.590336000000000000e+06,4.590337000000000000e+06,4.590338000000000000e+06,-2.147483648000000000e+09,-2.147483648000000000e+09,-2.147483648000000000e+09,-2.147483648000000000e+09,-2.147483648000000000e+09,-2.147483648000000000e+09,-2.147483648000000000e+09,-2.147483648000000000e+09,-2.147483648000000000e+09,-2.147483648000000000e+09,-2.147483648000000000e+09,-2.147483648000000000e+09,-2.147483648000000000e+09,-2.147483648000000000e+09,-2.147483648000000000e+09,-2.147483648000000000e+09,-2.147483648000000000e+09,-2.147483648000000000e+09,-2.147483648000000000e+09,-2.147483648000000000e+09,4.590359000000000000e+06,4.590360000000000000e+06,4.590361000000000000e+06,4.590362000000000000e+06,4.590363000000000000e+06,4.590364000000000000e+06,4.590365000000000000e+06,4.590366000000000000e+06,4.590367000000000000e+06,4.590368000000000000e+06,4.590368000000000000e+06,4.590369000000000000e+06,4.590370000000000000e+06,4.590371000000000000e+06,4.590372000000000000e+06,4.590373000000000000e+06,4.590374000000000000e+06,4.590375000000000000e+06,4.590376000000000000e+06,4.590377000000000000e+06,4.590378000000000000e+06,4.590379000000000000e+06,4.590380000000000000e+06,4.590381000000000000e+06,4.590382000000000000e+06,4.590383000000000000e+06,4.590384000000000000e+06,4.590385000000000000e+06,4.590386000000000000e+06,4.590387000000000000e+06,4.590388000000000000e+06,4.590389000000000000e+06,-2.147483648000000000e+09,-2.147483648000000000e+09,-2.147483648000000000e+09,-2.147483648000000000e+09,-2.147483648000000000e+09,-2.147483648000000000e+09,-2.147483648000000000e+09,-2.147483648000000000e+09
-2.147483648000000000e+09,-2.147483648000000000e+09,-2.147483648000000000e+09,-2.147483648000000000e+09,-2.147483648000000000e+09,-2.147483648000000000e+09,-2.147483648000000000e+09,-2.147483648000000000e+09,-2.147483648000000000e+09,-2.147483648000000000e+09,-2.147483648000000000e+09,-2.147483648000000000e+09,-2.147483648000000000e+09,-2.147483648000000000e+09,-2.147483648000000000e+09,-2.147483648000000000e+09,-2.147483648000000000e+09,-2.147483648000000000e+09,-2.147483648000000000e+09,-2.147483648000000000e+09,-2.147483648000000000e+09,-2.147483648000000000e+09,-2.147483648000000000e+09,-2.147483648000000000e+09,-2.147483648000000000e+09,-2.147483648000000000e+09,-2.147483648000000000e+09,-2.147483648000000000e+09,-2.147483648000000000e+09,-2.147483648000000000e+09,-2.147483648000000000e+09,4.597526000000000000e+06,4.597527000000000000e+06,4.597528000000000000e+06,4.597529000000000000e+06,4.597530000000000000e+06,4.597531000000000000e+06,4.597532000000000000e+06,4.597533000000000000e+06,4.597534000000000000e+06,4.597535000000000000e+06,4.597536000000000000e+06,-2.147483648000000000e+09,-2.147483648000000000e+09,-2.147483648000000000e+09,-2.147483648000000000e+09,-2.147483648000000000e+09,-2.147483648000000000e+09,-2.147483648000000000e+09,-2.147483648000000000e+09,-2.147483648000000000e+09,-2.147483648000000000e+09,-2.147483648000000000e+09,-2.147483648000000000e+09,-2.147483648000000000e+09,-2.147483648000000000e+09,-2.147483648000000000e+09,-2.147483648000000000e+09,-2.147483648000000000e+09,-2.147483648000000000e+09,-2.147483648000000000e+09,-2.147483648000000000e+09,-2.147483648000000000e+09,4.597558000000000000e+06,4.597559000000000000e+06,4.597560000000000000e+06,4.597561000000000000e+06,4.597562000000000000e+06,4.597563000000000000e+06,4.597564000000000000e+06,4.597565000000000000e+06,4.597566000000000000e+06,4.597567000000000000e+06,4.597568000000000000e+06,4.597568000000000000e+06,4.597569000000000000e+06,4.597570000000000000e+06,4.597571000000000000e+06,4.597572000000000000e+06,4.597573000000000000e+06,4.597574000000000000e+06,4.597575000000000000e+06,4.597576000000000000e+06,4.597577000000000000e+06,4.597578000000000000e+06,4.597579000000000000e+06,4.597580000000000000e+06,4.597581000000000000e+06,4.597582000000000000e+06,4.597583000000000000e+06,4.597584000000000000e+06,4.597585000000000000e+06,4.597586000000000000e+06,4.597587000000000000e+06,4.597588000000000000e+06,-2.147483648000000000e+09,-2.147483648000000000e+09,-2.147483648000000000e+09,-2.147483648000000000e+09,-2.147483648000000000e+09,-2.147483648000000000e+09,-2.147483648000000000e+09,-2.147483648000000000e+09,-2.147483648000000000e+09
-2.147483648000000000e+09,-2.147483648000000000e+09,-2.147483648000000000e+09,-2.147483648000000000e+09,-2.147483648000000000e+09,-2.147483648000000000e+09,-2.147483648000000000e+09,-2.147483648000000000e+09,-2.147483648000000000e+09,-2.147483648000000000e+09,-2.147483648000000000e+09,-2.147483648000000000e+09,-2.147483648000000000e+09,-2.147483648000000000e+09,-2.147483648000000000e+09,-2.147483648000000000e+09,-2.147483648000000000e+09,-2.147483648000000000e+09,-2.147483648000000000e+09,-2.147483648000000000e+09,-2.147483648000000000e+09,-2.147483648000000000e+09,-2.147483648000000000e+09,-2.147483648000000000e+09,-2.147483648000000000e+09,-2.147483648000000000e+09,-2.147483648000000000e+09,-2.147483648000000000e+09,-2.147483648000000000e+09,-2.147483648000000000e+09,4.604725000000000000e+06,4.604726000000000000e+06,4.604727000000000000e+06,4.604728000000000000e+06,4.604729000000000000e+06,4.604730000000000000e+06,4.604731000000000000e+06,4.604732000000000000e+06,4.604733000000000000e+06,4.604734000000000000e+06,4.604735000000000000e+06,-2.147483648000000000e+09,-2.147483648000000000e+09,-2.147483648000000000e+09,-2.147483648000000000e+09,-2.147483648000000000e+09,-2.147483648000000000e+09,-2.147483648000000000e+09,-2.147483648000000000e+09,-2.147483648000000000e+09,-2.147483648000000000e+09,-2.147483648000000000e+09,-2.147483648000000000e+09,-2.147483648000000000e+09,-2.147483648000000000e+09,-2.147483648000000000e+09,-2.147483648000000000e+09,-2.147483648000000000e+09,-2.147483648000000000e+09,-2.147483648000000000e+09,-2.147483648000000000e+09,-2.147483648000000000e+09,4.604757000000000000e+06,4.604758000000000000e+06,4.604759000000000000e+06,4.604760000000000000e+06,4.604761000000000000e+06,4.604762000000000000e+06,4.604763000000000000e+06,4.604764000000000000e+06,4.604765000000000000e+06,4.604766000000000000e+06,4.604767000000000000e+06,4.604768000000000000e+06,4.604768000000000000e+06,4.604769000000000000e+06,4.604770000000000000e+06,4.604771000000000000e+06,4.604772000000000000e+06,4.604773000000000000e+06,4.604774000000000000e+06,4.604775000000000000e+06,4.604776000000000000e+06,4.604777000000000000e+06,4.604778000000000000e+06,4.604779000000000000e+06,4.604780000000000000e+06,4.604781000000000000e+06,4.604782000000000000e+06,4.604783000000000000e+06,4.604784000000000000e+06,4.604785000000000000e+06,4.604786000000000000e+06,4.604787000000000000e+06,4.604788000000000000e+06,4.604789000000000000e+06,4.604790000000000000e+06,4.604791000000000000e+06,4.604792000000000000e+06,4.604793000000000000e+06,4.604794000000000000e+06,4.604795000000000000e+06,4.604796000000000000e+06,4.604797000000000000e+06
-2.147483648000000000e+09,-2.147483648000000000e+09,-2.147483648000000000e+09,-2.147483648000000000e+09,-2.147483648000000000e+09,-2.147483648000000000e+09,-2.147483648000000000e+09,-2.147483648000000000e+09,-2.147483648000000000e+09,-2.147483648000000000e+09,-2.147483648000000000e+09,-2.147483648000000000e+09,-2.147483648000000000e+09,-2.147483648000000000e+09,-2.147483648000000000e+09,-2.147483648000000000e+09,-2.147483648000000000e+09,-2.147483648000000000e+09,-2.147483648000000000e+09,-2.147483648000000000e+09,-2.147483648000000000e+09,-2.147483648000000000e+09,-2.147483648000000000e+09,-2.147483648000000000e+09,-2.147483648000000000e+09,-2.147483648000000000e+09,-2.147483648000000000e+09,-2.147483648000000000e+09,-2.147483648000000000e+09,4.611924000000000000e+06,4.611925000000000000e+06,4.611926000000000000e+06,4.611927000000000000e+06,4.611928000000000000e+06,4.611929000000000000e+06,4.611930000000000000e+06,4.611931000000000000e+06,4.611932000000000000e+06,4.611933000000000000e+06,4.611934000000000000e+06,-2.147483648000000000e+09,-2.147483648000000000e+09,-2.147483648000000000e+09,-2.147483648000000000e+09,-2.147483648000000000e+09,-2.147483648000000000e+09,-2.147483648000000000e+09,-2.147483648000000000e+09,-2.147483648000000000e+09,-2.147483648000000000e+09,-2.147483648000000000e+09,-2.147483648000000000e+09,-2.147483648000000000e+09,-2.147483648000000000e+09,-2.147483648000000000e+09,-2.147483648000000000e+09,-2.147483648000000000e+09,-2.147483648000000000e+09,-2.147483648000000000e+09,-2.147483648000000000e+09,-2.147483648000000000e+09,4.611956000000000000e+06,4.611957000000000000e+06,4.611958000000000000e+06,4.611959000000000000e+06,4.611960000000000000e+06,4.611961000000000000e+06,4.611962000000000000e+06,4.611963000000000000e+06,4.611964000000000000e+06,4.611965000000000000e+06,4.611966000000000000e+06,4.611967000000000000e+06,4.611968000000000000e+06,4.611968000000000000e+06,4.611969000000000000e+06,4.611970000000000000e+06,4.611971000000000000e+06,4.611972000000000000e+06,4.611973000000000000e+06,4.611974000000000000e+06,4.611975000000000000e+06,4.611976000000000000e+06,4.611977000000000000e+06,4.611978000000000000e+06,4.611979000000000000e+06,4.611980000000000000e+06,4.611981000000000000e+06,4.611982000000000000e+06,4.611983000000000000e+06,4.611984000000000000e+06,4.611985000000000000e+06,4.611986000000000000e+06,4.611987000000000000e+06,4.611988000000000000e+06,4.611989000000000000e+06,4.611990000000000000e+06,4.611991000000000000e+06,4.611992000000000000e+06,4.611993000000000000e+06,4.611994000000000000e+06,4.611995000000000000e+06,4.611996000000000000e+06,-2.147483648000000000e+09
-2.147483648000000000e+09,-2.147483648000000000e+09,-2.147483648000000000e+09,-2.147483648000000000e+09,-2.147483648000000000e+09,-2.147483648000000000e+09,-2.147483648000000000e+09,-2.147483648000000000e+09,-2.147483648000000000e+09,-2.147483648000000000e+09,-2.147483648000000000e+09,-2.147483648000000000e+09,-2.147483648000000000e+09,-2.147483648000000000e+09,-2.147483648000000000e+09,-2.147483648000000000e+09,-2.147483648000000000e+09,-2.147483648000000000e+09,-2.147483648000000000e+09,-2.147483648000000000e+09,-2.147483648000000000e+09,-2.147483648000000000e+09,-2.147483648000000000e+09,-2.147483648000000000e+09,-2.147483648000000000e+09,-2.147483648000000000e+09,-2.147483648000000000e+09,-2.147483648000000000e+09,4.619123000000000000e+06,4.619124000000000000e+06,4.619125000000000000e+06,4.619126000000000000e+06,4.619127000000000000e+06,4.619128000000000000e+06,4.619129000000000000e+06,4.619130000000000000e+06,4.619131000000000000e+06,4.619132000000000000e+06,4.619133000000000000e+06,-2.147483648000000000e+09,-2.147483648000000000e+09,-2.147483648000000000e+09,-2.147483648000000000e+09,-2.147483648000000000e+09,-2.147483648000000000e+09,-2.147483648000000000e+09,-2.147483648000000000e+09,-2.147483648000000000e+09,-2.147483648000000000e+09,-2.147483648000000000e+09,-2.147483648000000000e+09,-2.147483648000000000e+09,-2.147483648000000000e+09,-2.147483648000000000e+09,-2.147483648000000000e+09,-2.147483648000000000e+09,-2.147483648000000000e+09,-2.147483648000000000e+09,-2.147483648000000000e+09,-2.147483648000000000e+09,4.619155000000000000e+06,4.619156000000000000e+06,4.619157000000000000e+06,4.619158000000000000e+06,4.619159000000000000e+06,4.619160000000000000e+06,4.619161000000000000e+06,4.619162000000000000e+06,4.619163000000000000e+06,4.619164000000000000e+06,4.619165000000000000e+06,4.619166000000000000e+06,4.619167000000000000e+06,4.619168000000000000e+06,4.619168000000000000e+06,4.619169000000000000e+06,4.619170000000000000e+06,4.619171000000000000e+06,4.619172000000000000e+06,4.619173000000000000e+06,4.619174000000000000e+06,4.619175000000000000e+06,4.619176000000000000e+06,4.619177000000000000e+06,4.619178000000000000e+06,4.619179000000000000e+06,4.619180000000000000e+06,4.619181000000000000e+06,4.619182000000000000e+06,4.619183000000000000e+06,4.619184000000000000e+06,4.619185000000000000e+06,4.619186000000000000e+06,4.619187000000000000e+06,4.619188000000000000e+06,4.619189000000000000e+06,4.619190000000000000e+06,4.619191000000000000e+06,4.619192000000000000e+06,4.619193000000000000e+06,4.619194000000000000e+06,4.619195000000000000e+06,-2.147483648000000000e+09,-2.147483648000000000e+09
-2.147483648000000000e+09,-2.147483648000000000e+09,-2.147483648000000000e+09,-2.147483648000000000e+09,-2.147483648000000000e+09,-2.147483648000000000e+09,-2.147483648000000000e+09,-2.147483648000000000e+09,-2.147483648000000000e+09,-2.147483648000000000e+09,-2.147483648000000000e+09,-2.147483648000000000e+09,-2.147483648000000000e+09,-2.147483648000000000e+09,-2.147483648000000000e+09,-2.147483648000000000e+09,-2.147483648000000000e+09,-2.147483648000000000e+09,-2.147483648000000000e+09,-2.147483648000000000e+09,-2.147483648000000000e+09,-2.147483648000000000e+09,-2.147483648000000000e+09,-2.147483648000000000e+09,-2.147483648000000000e+09,-2.147483648000000000e+09,4.626321000000000000e+06,4.626322000000000000e+06,4.626323000000000000e+06,4.626324000000000000e+06,4.626325000000000000e+06,4.626326000000000000e+06,4.626327000000000000e+06,4.626328000000000000e+06,4.626329000000000000e+06,4.626330000000000000e+06,4.626331000000000000e+06,4.626332000000000000e+06,-2.147483648000000000e+09,-2.147483648000000000e+09,-2.147483648000000000e+09,-2.147483648000000000e+09,-2.147483648000000000e+09,-2.147483648000000000e+09,-2.147483648000000000e+09,-2.147483648000000000e+09,-2.147483648000000000e+09,-2.147483648000000000e+09,-2.147483648000000000e+09,-2.147483648000000000e+09,-2.147483648000000000e+09,-2.147483648000000000e+09,-2.147483648000000000e+09,-2.147483648000000000e+09,-2.147483648000000000e+09,-2.147483648000000000e+09,-2.147483648000000000e+09,-2.147483648000000000e+09,-2.147483648000000000e+09,4.626354000000000000e+06,4.626355000000000000e+06,4.626356000000000000e+06,4.626357000000000000e+06,4.626358000000000000e+06,4.626359000000000000e+06,4.626360000000000000e+06,4.626361000000000000e+06,4.626362000000000000e+06,4.626363000000000000e+06,4.626364000000000000e+06,4.626365000000000000e+06,4.626366000000000000e+06,4.626367000000000000e+06,4.626368000000000000e+06,4.626368000000000000e+06,4.626369000000000000e+06,4.626370000000000000e+06,4.626371000000000000e+06,4.626372000000000000e+06,4.626373000000000000e+06,4.626374000000000000e+06,4.626375000000000000e+06,4.626376000000000000e+06,4.626377000000000000e+06,4.626378000000000000e+06,4.626379000000000000e+06,4.626380000000000000e+06,4.626381000000000000e+06,4.626382000000000000e+06,4.626383000000000000e+06,4.626384000000000000e+06,4.626385000000000000e+06,4.626386000000000000e+06,4.626387000000000000e+06,4.626388000000000000e+06,4.626389000000000000e+06,4.626390000000000000e+06,4.626391000000000000e+06,4.626392000000000000e+06,4.626393000000000000e+06,4.626394000000000000e+06,-2.147483648000000000e+09,-2.147483648000000000e+09,-2.147483648000000000e+09
-2.147483648000000000e+09,-2.147483648000000000e+09,-2.147483648000000000e+09,-2.147483648000000000e+09,-2.147483648000000000e+09,-2.147483648000000000e+09,-2.147483648000000000e+09,-2.147483648000000000e+09,-2.147483648000000000e+09,-2.147483648000000000e+09,-2.147483648000000000e+09,-2.147483648000000000e+09,-2.147483648000000000e+09,-2.147483648000000000e+09,-2.147483648000000000e+09,-2.147483648000000000e+09,-2.147483648000000000e+09,-2.147483648000000000e+09,-2.147483648000000000e+09,-2.147483648000000000e+09,-2.147483648000000000e+09,-2.147483648000000000e+09,-2.147483648000000000e+09,-2.147483648000000000e+09,-2.147483648000000000e+09,4.633520000000000000e+06,4.633521000000000000e+06,4.633522000000000000e+06,4.633523000000000000e+06,4.633524000000000000e+06,4.633525000000000000e+06,4.633526000000000000e+06,4.633527000000000000e+06,4.633528000000000000e+06,4.633529000000000000e+06,4.633530000000000000e+06,4.633531000000000000e+06,-2.147483648000000000e+09,-2.147483648000000000e+09,-2.147483648000000000e+09,-2.147483648000000000e+09,-2.147483648000000000e+09,-2.147483648000000000e+09,-2.147483648000000000e+09,-2.147483648000000000e+09,-2.147483648000000000e+09,-2.147483648000000000e+09,-2.147483648000000000e+09,-2.147483648000000000e+09,-2.147483648000000000e+09,-2.147483648000000000e+09,-2.147483648000000000e+09,-2.147483648000000000e+09,-2.147483648000000000e+09,-2.147483648000000000e+09,-2.147483648000000000e+09,-2.147483648000000000e+09,-2.147483648000000000e+09,4.633553000000000000e+06,4.633554000000000000e+06,4.633555000000000000e+06,4.633556000000000000e+06,4.633557000000000000e+06,4.633558000000000000e+06,4.633559000000000000e+06,4.633560000000000000e+06,4.633561000000000000e+06,4.633562000000000000e+06,4.633563000000000000e+06,4.633564000000000000e+06,4.633565000000000000e+06,4.633566000000000000e+06,4.633567000000000000e+06,4.633568000000000000e+06,4.633568000000000000e+06,4.633569000000000000e+06,4.633570000000000000e+06,4.633571000000000000e+06,4.633572000000000000e+06,4.633573000000000000e+06,4.633574000000000000e+06,4.633575000000000000e+06,4.633576000000000000e+06,4.633577000000000000e+06,4.633578000000000000e+06,4.633579000000000000e+06,4.633580000000000000e+06,4.633581000000000000e+06,4.633582000000000000e+06,4.633583000000000000e+06,4.633584000000000000e+06,4.633585000000000000e+06,4.633586000000000000e+06,4.633587000000000000e+06,4.633588000000000000e+06,4.633589000000000000e+06,4.633590000000000000e+06,4.633591000000000000e+06,4.633592000000000000e+06,-2.147483648000000000e+09,-2.147483648000000000e+09,-2.147483648000000000e+09,-2.147483648000000000e+09,-2.147483648000000000e+09
-2.147483648000000000e+09,-2.147483648000000000e+09,-2.147483648000000000e+09,-2.147483648000000000e+09,-2.147483648000000000e+09,-2.147483648000000000e+09,-2.147483648000000000e+09,-2.147483648000000000e+09,-2.147483648000000000e+09,-2.147483648000000000e+09,-2.147483648000000000e+09,-2.147483648000000000e+09,-2.147483648000000000e+09,-2.147483648000000000e+09,-2.147483648000000000e+09,-2.147483648000000000e+09,-2.147483648000000000e+09,-2.147483648000000000e+09,-2.147483648000000000e+09,-2.147483648000000000e+09,-2.147483648000000000e+09,-2.147483648000000000e+09,-2.147483648000000000e+09,-2.147483648000000000e+09,4.640719000000000000e+06,4.640720000000000000e+06,4.640721000000000000e+06,4.640722000000000000e+06,4.640723000000000000e+06,4.640724000000000000e+06,4.640725000000000000e+06,4.640726000000000000e+06,4.640727000000000000e+06,4.640728000000000000e+06,4.640729000000000000e+06,-2.147483648000000000e+09,-2.147483648000000000e+09,-2.147483648000000000e+09,-2.147483648000000000e+09,-2.147483648000000000e+09,-2.147483648000000000e+09,-2.147483648000000000e+09,-2.147483648000000000e+09,-2.147483648000000000e+09,-2.147483648000000000e+09,-2.147483648000000000e+09,-2.147483648000000000e+09,-2.147483648000000000e+09,-2.147483648000000000e+09,-2.147483648000000000e+09,-2.147483648000000000e+09,-2.147483648000000000e+09,-2.147483648000000000e+09,-2.147483648000000000e+09,-2.147483648000000000e+09,-2.147483648000000000e+09,4.640751000000000000e+06,4.640752000000000000e+06,4.640753000000000000e+06,4.640754000000000000e+06,4.640755000000000000e+06,4.640756000000000000e+06,4.640757000000000000e+06,4.640758000000000000e+06,4.640759000000000000e+06,4.640760000000000000e+06,4.640761000000000000e+06,4.640762000000000000e+06,4.640763000000000000e+06,4.640764000000000000e+06,4.640765000000000000e+06,4.640766000000000000e+06,4.640767000000000000e+06,4.640768000000000000e+06,4.640768000000000000e+06,4.640769000000000000e+06,4.640770000000000000e+06,4.640771000000000000e+06,4.640772000000000000e+06,4.640773000000000000e+06,4.640774000000000000e+06,4.640775000000000000e+06,4.640776000000000000e+06,4.640777000000000000e+06,4.640778000000000000e+06,4.640779000000000000e+06,4.640780000000000000e+06,4.640781000000000000e+06,4.640782000000000000e+06,4.640783000000000000e+06,4.640784000000000000e+06,4.640785000000000000e+06,4.640786000000000000e+06,4.640787000000000000e+06,-2.147483648000000000e+09,-2.147483648000000000e+09,4.640790000000000000e+06,-2.147483648000000000e+09,4.640792000000000000e+06,-2.147483648000000000e+09,-2.147483648000000000e+09,-2.147483648000000000e+09,-2.147483648000000000e+09,-2.147483648000000000e+09
-2.147483648000000000e+09,-2.147483648000000000e+09,-2.147483648000000000e+09,-2.147483648000000000e+09,-2.147483648000000000e+09,-2.147483648000000000e+09,-2.147483648000000000e+09,-2.147483648000000000e+09,-2.147483648000000000e+09,-2.147483648000000000e+09,-2.147483648000000000e+09,-2.147483648000000000e+09,-2.147483648000000000e+09,-2.147483648000000000e+09,-2.147483648000000000e+09,-2.147483648000000000e+09,-2.147483648000000000e+09,-2.147483648000000000e+09,-2.147483648000000000e+09,-2.147483648000000000e+09,-2.147483648000000000e+09,-2.147483648000000000e+09,-2.147483648000000000e+09,4.647918000000000000e+06,4.647919000000000000e+06,4.647920000000000000e+06,4.647921000000000000e+06,4.647922000000000000e+06,4.647923000000000000e+06,4.647924000000000000e+06,4.647925000000000000e+06,4.647926000000000000e+06,4.647927000000000000e+06,4.647928000000000000e+06,4.647929000000000000e+06,4.647930000000000000e+06,4.647931000000000000e+06,4.647932000000000000e+06,4.647933000000000000e+06,4.647934000000000000e+06,4.647935000000000000e+06,4.647936000000000000e+06,4.647937000000000000e+06,4.647938000000000000e+06,4.647939000000000000e+06,4.647940000000000000e+06,4.647941000000000000e+06,4.647942000000000000e+06,4.647943000000000000e+06,4.647944000000000000e+06,4.647945000000000000e+06,4.647946000000000000e+06,4.647947000000000000e+06,4.647948000000000000e+06,4.647949000000000000e+06,4.647950000000000000e+06,4.647951000000000000e+06,4.647952000000000000e+06,4.647953000000000000e+06,4.647954000000000000e+06,4.647955000000000000e+06,4.647956000000000000e+06,4.647957000000000000e+06,4.647958000000000000e+06,4.647959000000000000e+06,4.647960000000000000e+06,4.647961000000000000e+06,4.647962000000000000e+06,4.647963000000000000e+06,4.647964000000000000e+06,4.647965000000000000e+06,4.647966000000000000e+06,4.647967000000000000e+06,4.647968000000000000e+06,4.647968000000000000e+06,4.647969000000000000e+06,4.647970000000000000e+06,4.647971000000000000e+06,4.647972000000000000e+06,4.647973000000000000e+06,4.647974000000000000e+06,4.647975000000000000e+06,4.647976000000000000e+06,4.647977000000000000e+06,4.647978000000000000e+06,4.647979000000000000e+06,4.647980000000000000e+06,4.647981000000000000e+06,4.647982000000000000e+06,4.647983000000000000e+06,-2.147483648000000000e+09,4.647985000000000000e+06,-2.147483648000000000e+09,-2.147483648000000000e+09,-2.147483648000000000e+09,-2.147483648000000000e+09,-2.147483648000000000e+09,-2.147483648000000000e+09,-2.147483648000000000e+09,-2.147483648000000000e+09,-2.147483648000000000e+09,-2.147483648000000000e+09,-2.147483648000000000e+09,-2.147483648000000000e+09
-2.147483648000000000e+09,-2.147483648000000000e+09,-2.147483648000000000e+09,-2.147483648000000000e+09,-2.147483648000000000e+09,-2.147483648000000000e+09,-2.147483648000000000e+09,-2.147483648000000000e+09,-2.147483648000000000e+09,-2.147483648000000000e+09,-2.147483648000000000e+09,-2.147483648000000000e+09,-2.147483648000000000e+09,-2.147483648000000000e+09,-2.147483648000000000e+09,-2.147483648000000000e+09,-2.147483648000000000e+09,-2.147483648000000000e+09,-2.147483648000000000e+09,-2.147483648000000000e+09,-2.147483648000000000e+09,-2.147483648000000000e+09,4.655117000000000000e+06,4.655118000000000000e+06,4.655119000000000000e+06,4.655120000000000000e+06,4.655121000000000000e+06,4.655122000000000000e+06,4.655123000000000000e+06,4.655124000000000000e+06,4.655125000000000000e+06,4.655126000000000000e+06,4.655127000000000000e+06,4.655128000000000000e+06,4.655129000000000000e+06,4.655130000000000000e+06,4.655131000000000000e+06,4.655132000000000000e+06,4.655133000000000000e+06,4.655134000000000000e+06,4.655135000000000000e+06,4.655136000000000000e+06,4.655137000000000000e+06,4.655138000000000000e+06,4.655139000000000000e+06,4.655140000000000000e+06,4.655141000000000000e+06,4.655142000000000000e+06,4.655143000000000000e+06,4.655144000000000000e+06,4.655145000000000000e+06,4.655146000000000000e+06,4.655147000000000000e+06,4.655148000000000000e+06,4.655149000000000000e+06,4.655150000000000000e+06,4.655151000000000000e+06,4.655152000000000000e+06,4.655153000000000000e+06,4.655154000000000000e+06,4.655155000000000000e+06,4.655156000000000000e+06,4.655157000000000000e+06,4.655158000000000000e+06,4.655159000000000000e+06,4.655160000000000000e+06,4.655161000000000000e+06,4.655162000000000000e+06,4.655163000000000000e+06,4.655164000000000000e+06,4.655165000000000000e+06,4.655166000000000000e+06,4.655167000000000000e+06,4.655168000000000000e+06,4.655168000000000000e+06,4.655169000000000000e+06,4.655170000000000000e+06,4.655171000000000000e+06,4.655172000000000000e+06,4.655173000000000000e+06,4.655174000000000000e+06,4.655175000000000000e+06,4.655176000000000000e+06,4.655177000000000000e+06,4.655178000000000000e+06,4.655179000000000000e+06,4.655180000000000000e+06,4.655181000000000000e+06,-2.147483648000000000e+09,-2.147483648000000000e+09,-2.147483648000000000e+09,-2.147483648000000000e+09,-2.147483648000000000e+09,-2.147483648000000000e+09,-2.147483648000000000e+09,-2.147483648000000000e+09,-2.147483648000000000e+09,-2.147483648000000000e+09,-2.147483648000000000e+09,-2.147483648000000000e+09,-2.147483648000000000e+09,-2.147483648000000000e+09,-2.147483648000000000e+09,-2.147483648000000000e+09
-2.147483648000000000e+09,-2.147483648000000000e+09,-2.147483648000000000e+09,-2.147483648000000000e+09,-2.147483648000000000e+09,-2.147483648000000000e+09,-2.147483648000000000e+09,-2.147483648000000000e+09,-2.147483648000000000e+09,-2.147483648000000000e+09,-2.147483648000000000e+09,-2.147483648000000000e+09,-2.147483648000000000e+09,-2.147483648000000000e+09,-2.147483648000000000e+09,-2.147483648000000000e+09,-2.147483648000000000e+09,-2.147483648000000000e+09,-2.147483648000000000e+09,-2.147483648000000000e+09,-2.147483648000000000e+09,4.662316000000000000e+06,4.662317000000000000e+06,4.662318000000000000e+06,4.662319000000000000e+06,4.662320000000000000e+06,4.662321000000000000e+06,4.662322000000000000e+06,4.662323000000000000e+06,4.662324000000000000e+06,4.662325000000000000e+06,4.662326000000000000e+06,4.662327000000000000e+06,4.662328000000000000e+06,4.662329000000000000e+06,4.662330000000000000e+06,4.662331000000000000e+06,4.662332000000000000e+06,4.662333000000000000e+06,4.662334000000000000e+06,4.662335000000000000e+06,4.662336000000000000e+06,4.662337000000000000e+06,4.662338000000000000e+06,4.662339000000000000e+06,4.662340000000000000e+06,4.662341000000000000e+06,4.662342000000000000e+06,4.662343000000000000e+06,4.662344000000000000e+06,4.662345000000000000e+06,4.662346000000000000e+06,4.662347000000000000e+06,4.662348000000000000e+06,4.662349000000000000e+06,4.662350000000000000e+06,4.662351000000000000e+06,4.662352000000000000e+06,4.662353000000000000e+06,4.662354000000000000e+06,4.662355000000000000e+06,4.662356000000000000e+06,4.662357000000000000e+06,4.662358000000000000e+06,4.662359000000000000e+06,4.662360000000000000e+06,4.662361000000000000e+06,4.662362000000000000e+06,4.662363000000000000e+06,4.662364000000000000e+06,4.662365000000000000e+06,4.662366000000000000e+06,4.662367000000000000e+06,4.662368000000000000e+06,4.662368000000000000e+06,4.662369000000000000e+06,4.662370000000000000e+06,4.662371000000000000e+06,4.662372000000000000e+06,4.662373000000000000e+06,4.662374000000000000e+06,4.662375000000000000e+06,4.662376000000000000e+06,4.662377000000000000e+06,4.662378000000000000e+06,4.662379000000000000e+06,4.662380000000000000e+06,-2.147483648000000000e+09,-2.147483648000000000e+09,-2.147483648000000000e+09,-2.147483648000000000e+09,-2.147483648000000000e+09,-2.147483648000000000e+09,-2.147483648000000000e+09,-2.147483648000000000e+09,-2.147483648000000000e+09,-2.147483648000000000e+09,-2.147483648000000000e+09,-2.147483648000000000e+09,-2.147483648000000000e+09,-2.147483648000000000e+09,-2.147483648000000000e+09,-2.147483648000000000e+09,-2.147483648000000000e+09
-2.147483648000000000e+09,-2.147483648000000000e+09,-2.147483648000000000e+09,-2.147483648000000000e+09,-2.147483648000000000e+09,-2.147483648000000000e+09,-2.147483648000000000e+09,-2.147483648000000000e+09,-2.147483648000000000e+09,-2.147483648000000000e+09,-2.147483648000000000e+09,-2.147483648000000000e+09,-2.147483648000000000e+09,-2.147483648000000000e+09,-2.147483648000000000e+09,-2.147483648000000000e+09,-2.147483648000000000e+09,-2.147483648000000000e+09,-2.147483648000000000e+09,-2.147483648000000000e+09,4.669515000000000000e+06,4.669516000000000000e+06,4.669517000000000000e+06,4.669518000000000000e+06,4.669519000000000000e+06,4.669520000000000000e+06,4.669521000000000000e+06,4.669522000000000000e+06,4.669523000000000000e+06,4.669524000000000000e+06,4.669525000000000000e+06,4.669526000000000000e+06,4.669527000000000000e+06,4.669528000000000000e+06,4.669529000000000000e+06,4.669530000000000000e+06,4.669531000000000000e+06,4.669532000000000000e+06,4.669533000000000000e+06,4.669534000000000000e+06,4.669535000000000000e+06,4.669536000000000000e+06,4.669537000000000000e+06,4.669538000000000000e+06,4.669539000000000000e+06,4.669540000000000000e+06,4.669541000000000000e+06,4.669542000000000000e+06,4.669543000000000000e+06,4.669544000000000000e+06,4.669545000000000000e+06,4.669546000000000000e+06,4.669547000000000000e+06,4.669548000000000000e+06,4.669549000000000000e+06,4.669550000000000000e+06,4.669551000000000000e+06,4.669552000000000000e+06,4.669553000000000000e+06,4.669554000000000000e+06,4.669555000000000000e+06,4.669556000000000000e+06,4.669557000000000000e+06,4.669558000000000000e+06,4.669559000000000000e+06,4.669560000000000000e+06,4.669561000000000000e+06,4.669562000000000000e+06,4.669563000000000000e+06,4.669564000000000000e+06,4.669565000000000000e+06,4.669566000000000000e+06,4.669567000000000000e+06,4.669568000000000000e+06,4.669568000000000000e+06,4.669569000000000000e+06,4.669570000000000000e+06,4.669571000000000000e+06,4.669572000000000000e+06,4.669573000000000000e+06,4.669574000000000000e+06,4.669575000000000000e+06,4.669576000000000000e+06,4.669577000000000000e+06,-2.147483648000000000e+09,-2.147483648000000000e+09,-2.147483648000000000e+09,-2.147483648000000000e+09,-2.147483648000000000e+09,-2.147483648000000000e+09,-2.147483648000000000e+09,-2.147483648000000000e+09,-2.147483648000000000e+09,-2.147483648000000000e+09,-2.147483648000000000e+09,-2.147483648000000000e+09,-2.147483648000000000e+09,-2.147483648000000000e+09,-2.147483648000000000e+09,-2.147483648000000000e+09,-2.147483648000000000e+09,-2.147483648000000000e+09,-2.147483648000000000e+09,-2.147483648000000000e+09
-2.147483648000000000e+09,-2.147483648000000000e+09,-2.147483648000000000e+09,-2.147483648000000000e+09,-2.147483648000000000e+09,-2.147483648000000000e+09,-2.147483648000000000e+09,-2.147483648000000000e+09,-2.147483648000000000e+09,-2.147483648000000000e+09,-2.147483648000000000e+09,-2.147483648000000000e+09,-2.147483648000000000e+09,-2.147483648000000000e+09,-2.147483648000000000e+09,-2.147483648000000000e+09,-2.147483648000000000e+09,-2.147483648000000000e+09,4.676713000000000000e+06,4.676714000000000000e+06,4.676715000000000000e+06,4.676716000000000000e+06,4.676717000000000000e+06,4.676718000000000000e+06,4.676719000000000000e+06,4.676720000000000000e+06,4.676721000000000000e+06,4.676722000000000000e+06,4.676723000000000000e+06,4.676724000000000000e+06,4.676725000000000000e+06,4.676726000000000000e+06,4.676727000000000000e+06,4.676728000000000000e+06,4.676729000000000000e+06,4.676730000000000000e+06,4.676731000000000000e+06,4.676732000000000000e+06,4.676733000000000000e+06,4.676734000000000000e+06,4.676735000000000000e+06,4.676736000000000000e+06,4.676737000000000000e+06,4.676738000000000000e+06,4.676739000000000000e+06,4.676740000000000000e+06,4.676741000000000000e+06,4.676742000000000000e+06,4.676743000000000000e+06,4.676744000000000000e+06,4.676745000000000000e+06,4.676746000000000000e+06,4.676747000000000000e+06,4.676748000000000000e+06,4.676749000000000000e+06,4.676750000000000000e+06,4.676751000000000000e+06,4.676752000000000000e+06,4.676753000000000000e+06,4.676754000000000000e+06,4.676755000000000000e+06,4.676756000000000000e+06,4.676757000000000000e+06,4.676758000000000000e+06,4.676759000000000000e+06,4.676760000000000000e+06,4.676761000000000000e+06,4.676762000000000000e+06,4.676763000000000000e+06,4.676764000000000000e+06,4.676765000000000000e+06,4.676766000000000000e+06,4.676767000000000000e+06,4.676768000000000000e+06,4.676768000000000000e+06,4.676769000000000000e+06,4.676770000000000000e+06,4.676771000000000000e+06,4.676772000000000000e+06,4.676773000000000000e+06,4.676774000000000000e+06,4.676775000000000000e+06,-2.147483648000000000e+09,-2.147483648000000000e+09,-2.147483648000000000e+09,-2.147483648000000000e+09,-2.147483648000000000e+09,-2.147483648000000000e+09,-2.147483648000000000e+09,-2.147483648000000000e+09,-2.147483648000000000e+09,-2.147483648000000000e+09,-2.147483648000000000e+09,-2.147483648000000000e+09,-2.147483648000000000e+09,-2.147483648000000000e+09,-2.147483648000000000e+09,-2.147483648000000000e+09,-2.147483648000000000e+09,-2.147483648000000000e+09,-2.147483648000000000e+09,-2.147483648000000000e+09,-2.147483648000000000e+09,-2.147483648000000000e+09
-2.147483648000000000e+09,-2.147483648000000000e+09,-2.147483648000000000e+09,-2.147483648000000000e+09,-2.147483648000000000e+09,-2.147483648000000000e+09,-2.147483648000000000e+09,-2.147483648000000000e+09,-2.147483648000000000e+09,-2.147483648000000000e+09,-2.147483648000000000e+09,-2.147483648000000000e+09,-2.147483648000000000e+09,-2.147483648000000000e+09,-2.147483648000000000e+09,-2.147483648000000000e+09,-2.147483648000000000e+09,4.683912000000000000e+06,4.683913000000000000e+06,4.683914000000000000e+06,4.683915000000000000e+06,4.683916000000000000e+06,4.683917000000000000e+06,4.683918000000000000e+06,4.683919000000000000e+06,4.683920000000000000e+06,4.683921000000000000e+06,4.683922000000000000e+06,4.683923000000000000e+06,4.683924000000000000e+06,4.683925000000000000e+06,4.683926000000000000e+06,4.683927000000000000e+06,4.683928000000000000e+06,4.683929000000000000e+06,4.683930000000000000e+06,4.683931000000000000e+06,4.683932000000000000e+06,4.683933000000000000e+06,4.683934000000000000e+06,4.683935000000000000e+06,4.683936000000000000e+06,4.683937000000000000e+06,4.683938000000000000e+06,4.683939000000000000e+06,4.683940000000000000e+06,4.683941000000000000e+06,4.683942000000000000e+06,4.683943000000000000e+06,4.683944000000000000e+06,4.683945000000000000e+06,4.683946000000000000e+06,4.683947000000000000e+06,4.683948000000000000e+06,4.683949000000000000e+06,4.683950000000000000e+06,4.683951000000000000e+06,4.683952000000000000e+06,4.683953000000000000e+06,4.683954000000000000e+06,4.683955000000000000e+06,4.683956000000000000e+06,4.683957000000000000e+06,4.683958000000000000e+06,4.683959000000000000e+06,4.683960000000000000e+06,4.683961000000000000e+06,4.683962000000000000e+06,4.683963000000000000e+06,4.683964000000000000e+06,4.683965000000000000e+06,4.683966000000000000e+06,4.683967000000000000e+06,4.683968000000000000e+06,4.683968000000000000e+06,4.683969000000000000e+06,4.683970000000000000e+06,4.683971000000000000e+06,4.683972000000000000e+06,4.683973000000000000e+06,4.683974000000000000e+06,-2.147483648000000000e+09,-2.147483648000000000e+09,-2.147483648000000000e+09,-2.147483648000000000e+09,-2.147483648000000000e+09,-2.147483648000000000e+09,-2.147483648000000000e+09,-2.147483648000000000e+09,-2.147483648000000000e+09,-2.147483648000000000e+09,-2.147483648000000000e+09,-2.147483648000000000e+09,-2.147483648000000000e+09,-2.147483648000000000e+09,-2.147483648000000000e+09,-2.147483648000000000e+09,-2.147483648000000000e+09,-2.147483648000000000e+09,-2.147483648000000000e+09,-2.147483648000000000e+09,-2.147483648000000000e+09,-2.147483648000000000e+09,-2.147483648000000000e+09
-2.147483648000000000e+09,-2.147483648000000000e+09,-2.147483648000000000e+09,-2.147483648000000000e+09,-2.147483648000000000e+09,-2.147483648000000000e+09,-2.147483648000000000e+09,-2.147483648000000000e+09,-2.147483648000000000e+09,-2.147483648000000000e+09,-2.147483648000000000e+09,-2.147483648000000000e+09,-2.147483648000000000e+09,-2.147483648000000000e+09,-2.147483648000000000e+09,-2.147483648000000000e+09,4.691111000000000000e+06,4.691112000000000000e+06,4.691113000000000000e+06,4.691114000000000000e+06,4.691115000000000000e+06,4.691116000000000000e+06,4.691117000000000000e+06,4.691118000000000000e+06,4.691119000000000000e+06,4.691120000000000000e+06,4.691121000000000000e+06,4.691122000000000000e+06,4.691123000000000000e+06,4.691124000000000000e+06,4.691125000000000000e+06,4.691126000000000000e+06,4.691127000000000000e+06,4.691128000000000000e+06,4.691129000000000000e+06,4.691130000000000000e+06,4.691131000000000000e+06,4.691132000000000000e+06,4.691133000000000000e+06,4.691134000000000000e+06,4.691135000000000000e+06,4.691136000000000000e+06,4.691137000000000000e+06,4.691138000000000000e+06,4.691139000000000000e+06,4.691140000000000000e+06,4.691141000000000000e+06,4.691142000000000000e+06,4.691143000000000000e+06,4.691144000000000000e+06,4.691145000000000000e+06,4.691146000000000000e+06,4.691147000000000000e+06,4.691148000000000000e+06,4.691149000000000000e+06,4.691150000000000000e+06,4.691151000000000000e+06,4.691152000000000000e+06,4.691153000000000000e+06,4.691154000000000000e+06,4.691155000000000000e+06,4.691156000000000000e+06,4.691157000000000000e+06,4.691158000000000000e+06,4.691159000000000000e+06,4.691160000000000000e+06,4.691161000000000000e+06,4.691162000000000000e+06,4.691163000000000000e+06,4.691164000000000000e+06,4.691165000000000000e+06,4.691166000000000000e+06,4.691167000000000000e+06,4.691168000000000000e+06,4.691168000000000000e+06,4.691169000000000000e+06,4.691170000000000000e+06,4.691171000000000000e+06,4.691172000000000000e+06,-2.147483648000000000e+09,-2.147483648000000000e+09,-2.147483648000000000e+09,-2.147483648000000000e+09,-2.147483648000000000e+09,-2.147483648000000000e+09,-2.147483648000000000e+09,-2.147483648000000000e+09,-2.147483648000000000e+09,-2.147483648000000000e+09,-2.147483648000000000e+09,-2.147483648000000000e+09,-2.147483648000000000e+09,-2.147483648000000000e+09,-2.147483648000000000e+09,-2.147483648000000000e+09,-2.147483648000000000e+09,-2.147483648000000000e+09,-2.147483648000000000e+09,-2.147483648000000000e+09,-2.147483648000000000e+09,-2.147483648000000000e+09,-2.147483648000000000e+09,-2.147483648000000000e+09,-2.147483648000000000e+09
-2.147483648000000000e+09,-2.147483648000000000e+09,-2.147483648000000000e+09,-2.147483648000000000e+09,-2.147483648000000000e+09,-2.147483648000000000e+09,-2.147483648000000000e+09,-2.147483648000000000e+09,-2.147483648000000000e+09,-2.147483648000000000e+09,-2.147483648000000000e+09,-2.147483648000000000e+09,-2.147483648000000000e+09,-2.147483648000000000e+09,-2.147483648000000000e+09,4.698310000000000000e+06,4.698311000000000000e+06,4.698312000000000000e+06,4.698313000000000000e+06,4.698314000000000000e+06,4.698315000000000000e+06,4.698316000000000000e+06,4.698317000000000000e+06,4.698318000000000000e+06,4.698319000000000000e+06,4.698320000000000000e+06,4.698321000000000000e+06,4.698322000000000000e+06,4.698323000000000000e+06,4.698324000000000000e+06,4.698325000000000000e+06,4.698326000000000000e+06,4.698327000000000000e+06,4.698328000000000000e+06,4.698329000000000000e+06,4.698330000000000000e+06,4.698331000000000000e+06,4.698332000000000000e+06,4.698333000000000000e+06,4.698334000000000000e+06,4.698335000000000000e+06,4.698336000000000000e+06,4.698337000000000000e+06,4.698338000000000000e+06,4.698339000000000000e+06,4.698340000000000000e+06,4.698341000000000000e+06,4.698342000000000000e+06,4.698343000000000000e+06,4.698344000000000000e+06,4.698345000000000000e+06,4.698346000000000000e+06,4.698347000000000000e+06,4.698348000000000000e+06,4.698349000000000000e+06,4.698350000000000000e+06,4.698351000000000000e+06,4.698352000000000000e+06,4.698353000000000000e+06,4.698354000000000000e+06,4.698355000000000000e+06,4.698356000000000000e+06,4.698357000000000000e+06,4.698358000000000000e+06,4.698359000000000000e+06,4.698360000000000000e+06,4.698361000000000000e+06,4.698362000000000000e+06,4.698363000000000000e+06,4.698364000000000000e+06,4.698365000000000000e+06,4.698366000000000000e+06,4.698367000000000000e+06,4.698368000000000000e+06,4.698368000000000000e+06,4.698369000000000000e+06,4.698370000000000000e+06,4.698371000000000000e+06,4.698372000000000000e+06,-2.147483648000000000e+09,-2.147483648000000000e+09,-2.147483648000000000e+09,-2.147483648000000000e+09,-2.147483648000000000e+09,-2.147483648000000000e+09,-2.147483648000000000e+09,-2.147483648000000000e+09,-2.147483648000000000e+09,-2.147483648000000000e+09,-2.147483648000000000e+09,-2.147483648000000000e+09,-2.147483648000000000e+09,-2.147483648000000000e+09,-2.147483648000000000e+09,-2.147483648000000000e+09,-2.147483648000000000e+09,-2.147483648000000000e+09,-2.147483648000000000e+09,-2.147483648000000000e+09,-2.147483648000000000e+09,-2.147483648000000000e+09,-2.147483648000000000e+09,-2.147483648000000000e+09,-2.147483648000000000e+09
-2.147483648000000000e+09,-2.147483648000000000e+09,-2.147483648000000000e+09,-2.147483648000000000e+09,-2.147483648000000000e+09,-2.147483648000000000e+09,-2.147483648000000000e+09,-2.147483648000000000e+09,-2.147483648000000000e+09,-2.147483648000000000e+09,-2.147483648000000000e+09,-2.147483648000000000e+09,-2.147483648000000000e+09,-2.147483648000000000e+09,4.705509000000000000e+06,4.705510000000000000e+06,4.705511000000000000e+06,4.705512000000000000e+06,4.705513000000000000e+06,4.705514000000000000e+06,4.705515000000000000e+06,4.705516000000000000e+06,4.705517000000000000e+06,4.705518000000000000e+06,4.705519000000000000e+06,4.705520000000000000e+06,4.705521000000000000e+06,4.705522000000000000e+06,4.705523000000000000e+06,4.705524000000000000e+06,4.705525000000000000e+06,4.705526000000000000e+06,4.705527000000000000e+06,4.705528000000000000e+06,4.705529000000000000e+06,4.705530000000000000e+06,4.705531000000000000e+06,4.705532000000000000e+06,4.705533000000000000e+06,4.705534000000000000e+06,4.705535000000000000e+06,4.705536000000000000e+06,4.705537000000000000e+06,4.705538000000000000e+06,4.705539000000000000e+06,4.705540000000000000e+06,4.705541000000000000e+06,4.705542000000000000e+06,4.705543000000000000e+06,4.705544000000000000e+06,4.705545000000000000e+06,4.705546000000000000e+06,4.705547000000000000e+06,4.705548000000000000e+06,4.705549000000000000e+06,4.705550000000000000e+06,4.705551000000000000e+06,4.705552000000000000e+06,4.705553000000000000e+06,4.705554000000000000e+06,4.705555000000000000e+06,4.705556000000000000e+06,4.705557000000000000e+06,4.705558000000000000e+06,4.705559000000000000e+06,4.705560000000000000e+06,4.705561000000000000e+06,4.705562000000000000e+06,4.705563000000000000e+06,4.705564000000000000e+06,4.705565000000000000e+06,4.705566000000000000e+06,4.705567000000000000e+06,4.705568000000000000e+06,4.705568000000000000e+06,4.705569000000000000e+06,4.705570000000000000e+06,-2.147483648000000000e+09,-2.147483648000000000e+09,-2.147483648000000000e+09,-2.147483648000000000e+09,-2.147483648000000000e+09,-2.147483648000000000e+09,-2.147483648000000000e+09,-2.147483648000000000e+09,-2.147483648000000000e+09,-2.147483648000000000e+09,-2.147483648000000000e+09,-2.147483648000000000e+09,-2.147483648000000000e+09,-2.147483648000000000e+09,-2.147483648000000000e+09,-2.147483648000000000e+09,-2.147483648000000000e+09,-2.147483648000000000e+09,-2.147483648000000000e+09,-2.147483648000000000e+09,-2.147483648000000000e+09,-2.147483648000000000e+09,-2.147483648000000000e+09,-2.147483648000000000e+09,-2.147483648000000000e+09,-2.147483648000000000e+09,-2.147483648000000000e+09
-2.147483648000000000e+09,-2.147483648000000000e+09,-2.147483648000000000e+09,-2.147483648000000000e+09,-2.147483648000000000e+09,-2.147483648000000000e+09,-2.147483648000000000e+09,-2.147483648000000000e+09,-2.147483648000000000e+09,-2.147483648000000000e+09,-2.147483648000000000e+09,-2.147483648000000000e+09,-2.147483648000000000e+09,4.705508000000000000e+06,4.705509000000000000e+06,4.705510000000000000e+06,4.705511000000000000e+06,4.705512000000000000e+06,4.705513000000000000e+06,4.705514000000000000e+06,4.705515000000000000e+06,4.705516000000000000e+06,4.705517000000000000e+06,4.705518000000000000e+06,4.705519000000000000e+06,4.705520000000000000e+06,4.705521000000000000e+06,4.705522000000000000e+06,4.705523000000000000e+06,4.705524000000000000e+06,4.705525000000000000e+06,4.705526000000000000e+06,4.705527000000000000e+06,4.705528000000000000e+06,4.705529000000000000e+06,4.705530000000000000e+06,4.705531000000000000e+06,4.705532000000000000e+06,4.705533000000000000e+06,4.705534000000000000e+06,4.705535000000000000e+06,4.705536000000000000e+06,4.705537000000000000e+06,4.705538000000000000e+06,4.705539000000000000e+06,4.705540000000000000e+06,4.705541000000000000e+06,4.705542000000000000e+06,4.705543000000000000e+06,4.705544000000000000e+06,4.705545000000000000e+06,4.705546000000000000e+06,4.705547000000000000e+06,4.705548000000000000e+06,4.705549000000000000e+06,4.705550000000000000e+06,4.705551000000000000e+06,4.705552000000000000e+06,4.705553000000000000e+06,4.705554000000000000e+06,4.705555000000000000e+06,4.705556000000000000e+06,4.705557000000000000e+06,4.705558000000000000e+06,4.705559000000000000e+06,4.705560000000000000e+06,4.705561000000000000e+06,4.705562000000000000e+06,4.705563000000000000e+06,4.705564000000000000e+06,4.705565000000000000e+06,4.705566000000000000e+06,4.705567000000000000e+06,4.705568000000000000e+06,4.705568000000000000e+06,-2.147483648000000000e+09,4.705570000000000000e+06,-2.147483648000000000e+09,-2.147483648000000000e+09,-2.147483648000000000e+09,-2.147483648000000000e+09,-2.147483648000000000e+09,-2.147483648000000000e+09,-2.147483648000000000e+09,-2.147483648000000000e+09,-2.147483648000000000e+09,-2.147483648000000000e+09,-2.147483648000000000e+09,-2.147483648000000000e+09,-2.147483648000000000e+09,-2.147483648000000000e+09,-2.147483648000000000e+09,-2.147483648000000000e+09,-2.147483648000000000e+09,-2.147483648000000000e+09,-2.147483648000000000e+09,-2.147483648000000000e+09,-2.147483648000000000e+09,-2.147483648000000000e+09,-2.147483648000000000e+09,-2.147483648000000000e+09,-2.147483648000000000e+09,-2.147483648000000000e+09,-2.147483648000000000e+09
-2.147483648000000000e+09,-2.147483648000000000e+09,-2.147483648000000000e+09,-2.147483648000000000e+09,-2.147483648000000000e+09,-2.147483648000000000e+09,-2.147483648000000000e+09,-2.147483648000000000e+09,-2.147483648000000000e+09,-2.147483648000000000e+09,-2.147483648000000000e+09,-2.147483648000000000e+09,4.712707000000000000e+06,4.712708000000000000e+06,4.712709000000000000e+06,4.712710000000000000e+06,4.712711000000000000e+06,4.712712000000000000e+06,4.712713000000000000e+06,4.712714000000000000e+06,4.712715000000000000e+06,4.712716000000000000e+06,4.712717000000000000e+06,4.712718000000000000e+06,4.712719000000000000e+06,4.712720000000000000e+06,4.712721000000000000e+06,4.712722000000000000e+06,4.712723000000000000e+06,4.712724000000000000e+06,4.712725000000000000e+06,4.712726000000000000e+06,4.712727000000000000e+06,4.712728000000000000e+06,4.712729000000000000e+06,4.712730000000000000e+06,4.712731000000000000e+06,4.712732000000000000e+06,4.712733000000000000e+06,4.712734000000000000e+06,4.712735000000000000e+06,4.712736000000000000e+06,4.712737000000000000e+06,4.712738000000000000e+06,4.712739000000000000e+06,4.712740000000000000e+06,4.712741000000000000e+06,4.712742000000000000e+06,4.712743000000000000e+06,4.712744000000000000e+06,4.712745000000000000e+06,4.712746000000000000e+06,4.712747000000000000e+06,4.712748000000000000e+06,4.712749000000000000e+06,4.712750000000000000e+06,4.712751000000000000e+06,4.712752000000000000e+06,4.712753000000000000e+06,4.712754000000000000e+06,4.712755000000000000e+06,4.712756000000000000e+06,4.712757000000000000e+06,4.712758000000000000e+06,4.712759000000000000e+06,4.712760000000000000e+06,4.712761000000000000e+06,4.712762000000000000e+06,4.712763000000000000e+06,4.712764000000000000e+06,4.712765000000000000e+06,4.712766000000000000e+06,4.712767000000000000e+06,-2.147483648000000000e+09,-2.147483648000000000e+09,-2.147483648000000000e+09,-2.147483648000000000e+09,-2.147483648000000000e+09,-2.147483648000000000e+09,-2.147483648000000000e+09,-2.147483648000000000e+09,-2.147483648000000000e+09,-2.147483648000000000e+09,-2.147483648000000000e+09,-2.147483648000000000e+09,-2.147483648000000000e+09,-2.147483648000000000e+09,-2.147483648000000000e+09,-2.147483648000000000e+09,-2.147483648000000000e+09,-2.147483648000000000e+09,-2.147483648000000000e+09,-2.147483648000000000e+09,-2.147483648000000000e+09,-2.147483648000000000e+09,-2.147483648000000000e+09,-2.147483648000000000e+09,-2.147483648000000000e+09,-2.147483648000000000e+09,-2.147483648000000000e+09,-2.147483648000000000e+09,-2.147483648000000000e+09,-2.147483648000000000e+09,-2.147483648000000000e+09
-2.147483648000000000e+09,-2.147483648000000000e+09,-2.147483648000000000e+09,-2.147483648000000000e+09,-2.147483648000000000e+09,-2.147483648000000000e+09,-2.147483648000000000e+09,-2.147483648000000000e+09,-2.147483648000000000e+09,-2.147483648000000000e+09,-2.147483648000000000e+09,4.719906000000000000e+06,4.719907000000000000e+06,4.719908000000000000e+06,4.719909000000000000e+06,4.719910000000000000e+06,4.719911000000000000e+06,4.719912000000000000e+06,4.719913000000000000e+06,4.719914000000000000e+06,4.719915000000000000e+06,4.719916000000000000e+06,4.719917000000000000e+06,4.719918000000000000e+06,4.719919000000000000e+06,4.719920000000000000e+06,4.719921000000000000e+06,4.719922000000000000e+06,4.719923000000000000e+06,4.719924000000000000e+06,4.719925000000000000e+06,4.719926000000000000e+06,4.719927000000000000e+06,4.719928000000000000e+06,4.719929000000000000e+06,4.719930000000000000e+06,4.719931000000000000e+06,4.719932000000000000e+06,4.719933000000000000e+06,4.719934000000000000e+06,4.719935000000000000e+06,4.719936000000000000e+06,4.719937000000000000e+06,4.719938000000000000e+06,4.719939000000000000e+06,4.719940000000000000e+06,4.719941000000000000e+06,4.719942000000000000e+06,4.719943000000000000e+06,4.719944000000000000e+06,4.719945000000000000e+06,4.719946000000000000e+06,4.719947000000000000e+06,4.719948000000000000e+06,4.719949000000000000e+06,4.719950000000000000e+06,4.719951000000000000e+06,4.719952000000000000e+06,4.719953000000000000e+06,4.719954000000000000e+06,4.719955000000000000e+06,4.719956000000000000e+06,4.719957000000000000e+06,4.719958000000000000e+06,4.719959000000000000e+06,4.719960000000000000e+06,4.719961000000000000e+06,4.719962000000000000e+06,4.719963000000000000e+06,4.719964000000000000e+06,4.719965000000000000e+06,4.719966000000000000e+06,4.719967000000000000e+06,-2.147483648000000000e+09,-2.147483648000000000e+09,-2.147483648000000000e+09,-2.147483648000000000e+09,-2.147483648000000000e+09,-2.147483648000000000e+09,-2.147483648000000000e+09,-2.147483648000000000e+09,-2.147483648000000000e+09,-2.147483648000000000e+09,-2.147483648000000000e+09,-2.147483648000000000e+09,-2.147483648000000000e+09,-2.147483648000000000e+09,-2.147483648000000000e+09,-2.147483648000000000e+09,-2.147483648000000000e+09,-2.147483648000000000e+09,-2.147483648000000000e+09,-2.147483648000000000e+09,-2.147483648000000000e+09,-2.147483648000000000e+09,-2.147483648000000000e+09,-2.147483648000000000e+09,-2.147483648000000000e+09,-2.147483648000000000e+09,-2.147483648000000000e+09,-2.147483648000000000e+09,-2.147483648000000000e+09,-2.147483648000000000e+09,-2.147483648000000000e+09
-2.147483648000000000e+09,-2.147483648000000000e+09,-2.147483648000000000e+09,-2.147483648000000000e+09,-2.147483648000000000e+09,-2.147483648000000000e+09,-2.147483648000000000e+09,-2.147483648000000000e+09,-2.147483648000000000e+09,-2.147483648000000000e+09,4.727105000000000000e+06,4.727106000000000000e+06,4.727107000000000000e+06,4.727108000000000000e+06,4.727109000000000000e+06,4.727110000000000000e+06,4.727111000000000000e+06,4.727112000000000000e+06,4.727113000000000000e+06,4.727114000000000000e+06,4.727115000000000000e+06,4.727116000000000000e+06,4.727117000000000000e+06,4.727118000000000000e+06,4.727119000000000000e+06,4.727120000000000000e+06,4.727121000000000000e+06,4.727122000000000000e+06,4.727123000000000000e+06,4.727124000000000000e+06,4.727125000000000000e+06,4.727126000000000000e+06,4.727127000000000000e+06,4.727128000000000000e+06,4.727129000000000000e+06,4.727130000000000000e+06,4.727131000000000000e+06,4.727132000000000000e+06,4.727133000000000000e+06,4.727134000000000000e+06,4.727135000000000000e+06,4.727136000000000000e+06,4.727137000000000000e+06,4.727138000000000000e+06,4.727139000000000000e+06,4.727140000000000000e+06,4.727141000000000000e+06,4.727142000000000000e+06,4.727143000000000000e+06,4.727144000000000000e+06,4.727145000000000000e+06,4.727146000000000000e+06,4.727147000000000000e+06,4.727148000000000000e+06,4.727149000000000000e+06,4.727150000000000000e+06,4.727151000000000000e+06,4.727152000000000000e+06,4.727153000000000000e+06,4.727154000000000000e+06,4.727155000000000000e+06,4.727156000000000000e+06,4.727157000000000000e+06,4.727158000000000000e+06,4.727159000000000000e+06,4.727160000000000000e+06,4.727161000000000000e+06,4.727162000000000000e+06,4.727163000000000000e+06,4.727164000000000000e+06,4.727165000000000000e+06,4.727166000000000000e+06,4.727167000000000000e+06,-2.147483648000000000e+09,-2.147483648000000000e+09,-2.147483648000000000e+09,-2.147483648000000000e+09,-2.147483648000000000e+09,-2.147483648000000000e+09,-2.147483648000000000e+09,-2.147483648000000000e+09,-2.147483648000000000e+09,-2.147483648000000000e+09,-2.147483648000000000e+09,-2.147483648000000000e+09,-2.147483648000000000e+09,-2.147483648000000000e+09,-2.147483648000000000e+09,-2.147483648000000000e+09,-2.147483648000000000e+09,-2.147483648000000000e+09,-2.147483648000000000e+09,-2.147483648000000000e+09,-2.147483648000000000e+09,-2.147483648000000000e+09,-2.147483648000000000e+09,-2.147483648000000000e+09,-2.147483648000000000e+09,-2.147483648000000000e+09,-2.147483648000000000e+09,-2.147483648000000000e+09,-2.147483648000000000e+09,-2.147483648000000000e+09,-2.147483648000000000e+09
-2.147483648000000000e+09,-2.147483648000000000e+09,-2.147483648000000000e+09,-2.147483648000000000e+09,-2.147483648000000000e+09,-2.147483648000000000e+09,-2.147483648000000000e+09,-2.147483648000000000e+09,-2.147483648000000000e+09,4.734304000000000000e+06,4.734305000000000000e+06,4.734306000000000000e+06,4.734307000000000000e+06,4.734308000000000000e+06,4.734309000000000000e+06,4.734310000000000000e+06,4.734311000000000000e+06,4.734312000000000000e+06,4.734313000000000000e+06,4.734314000000000000e+06,4.734315000000000000e+06,4.734316000000000000e+06,4.734317000000000000e+06,4.734318000000000000e+06,4.734319000000000000e+06,4.734320000000000000e+06,4.734321000000000000e+06,4.734322000000000000e+06,4.734323000000000000e+06,4.734324000000000000e+06,4.734325000000000000e+06,4.734326000000000000e+06,4.734327000000000000e+06,4.734328000000000000e+06,4.734329000000000000e+06,4.734330000000000000e+06,4.734331000000000000e+06,4.734332000000000000e+06,4.734333000000000000e+06,4.734334000000000000e+06,4.734335000000000000e+06,4.734336000000000000e+06,4.734337000000000000e+06,4.734338000000000000e+06,4.734339000000000000e+06,4.734340000000000000e+06,4.734341000000000000e+06,4.734342000000000000e+06,4.734343000000000000e+06,4.734344000000000000e+06,4.734345000000000000e+06,4.734346000000000000e+06,4.734347000000000000e+06,4.734348000000000000e+06,4.734349000000000000e+06,4.734350000000000000e+06,4.734351000000000000e+06,4.734352000000000000e+06,4.734353000000000000e+06,4.734354000000000000e+06,4.734355000000000000e+06,4.734356000000000000e+06,4.734357000000000000e+06,4.734358000000000000e+06,4.734359000000000000e+06,4.734360000000000000e+06,4.734361000000000000e+06,4.734362000000000000e+06,4.734363000000000000e+06,4.734364000000000000e+06,4.734365000000000000e+06,4.734366000000000000e+06,-2.147483648000000000e+09,-2.147483648000000000e+09,-2.147483648000000000e+09,-2.147483648000000000e+09,-2.147483648000000000e+09,-2.147483648000000000e+09,-2.147483648000000000e+09,-2.147483648000000000e+09,-2.147483648000000000e+09,-2.147483648000000000e+09,-2.147483648000000000e+09,-2.147483648000000000e+09,-2.147483648000000000e+09,-2.147483648000000000e+09,-2.147483648000000000e+09,-2.147483648000000000e+09,-2.147483648000000000e+09,-2.147483648000000000e+09,-2.147483648000000000e+09,-2.147483648000000000e+09,-2.147483648000000000e+09,-2.147483648000000000e+09,-2.147483648000000000e+09,-2.147483648000000000e+09,-2.147483648000000000e+09,-2.147483648000000000e+09,-2.147483648000000000e+09,-2.147483648000000000e+09,-2.147483648000000000e+09,-2.147483648000000000e+09,-2.147483648000000000e+09,-2.147483648000000000e+09
-2.147483648000000000e+09,-2.147483648000000000e+09,-2.147483648000000000e+09,-2.147483648000000000e+09,-2.147483648000000000e+09,-2.147483648000000000e+09,-2.147483648000000000e+09,4.741502000000000000e+06,4.741503000000000000e+06,4.741504000000000000e+06,4.741505000000000000e+06,4.741506000000000000e+06,4.741507000000000000e+06,4.741508000000000000e+06,4.741509000000000000e+06,4.741510000000000000e+06,4.741511000000000000e+06,4.741512000000000000e+06,4.741513000000000000e+06,4.741514000000000000e+06,4.741515000000000000e+06,4.741516000000000000e+06,4.741517000000000000e+06,4.741518000000000000e+06,4.741519000000000000e+06,4.741520000000000000e+06,4.741521000000000000e+06,4.741522000000000000e+06,4.741523000000000000e+06,4.741524000000000000e+06,4.741525000000000000e+06,4.741526000000000000e+06,4.741527000000000000e+06,4.741528000000000000e+06,4.741529000000000000e+06,4.741530000000000000e+06,4.741531000000000000e+06,4.741532000000000000e+06,4.741533000000000000e+06,4.741534000000000000e+06,4.741535000000000000e+06,4.741536000000000000e+06,4.741537000000000000e+06,4.741538000000000000e+06,4.741539000000000000e+06,4.741540000000000000e+06,4.741541000000000000e+06,4.741542000000000000e+06,4.741543000000000000e+06,4.741544000000000000e+06,4.741545000000000000e+06,4.741546000000000000e+06,4.741547000000000000e+06,4.741548000000000000e+06,4.741549000000000000e+06,4.741550000000000000e+06,4.741551000000000000e+06,4.741552000000000000e+06,4.741553000000000000e+06,4.741554000000000000e+06,4.741555000000000000e+06,4.741556000000000000e+06,4.741557000000000000e+06,4.741558000000000000e+06,4.741559000000000000e+06,4.741560000000000000e+06,4.741561000000000000e+06,4.741562000000000000e+06,4.741563000000000000e+06,4.741564000000000000e+06,4.741565000000000000e+06,-2.147483648000000000e+09,-2.147483648000000000e+09,-2.147483648000000000e+09,-2.147483648000000000e+09,-2.147483648000000000e+09,-2.147483648000000000e+09,-2.147483648000000000e+09,-2.147483648000000000e+09,-2.147483648000000000e+09,-2.147483648000000000e+09,-2.147483648000000000e+09,-2.147483648000000000e+09,-2.147483648000000000e+09,-2.147483648000000000e+09,-2.147483648000000000e+09,-2.147483648000000000e+09,-2.147483648000000000e+09,-2.147483648000000000e+09,-2.147483648000000000e+09,-2.147483648000000000e+09,-2.147483648000000000e+09,-2.147483648000000000e+09,-2.147483648000000000e+09,-2.147483648000000000e+09,-2.147483648000000000e+09,-2.147483648000000000e+09,-2.147483648000000000e+09,-2.147483648000000000e+09,-2.147483648000000000e+09,-2.147483648000000000e+09,-2.147483648000000000e+09,-2.147483648000000000e+09,-2.147483648000000000e+09
-2.147483648000000000e+09,-2.147483648000000000e+09,-2.147483648000000000e+09,-2.147483648000000000e+09,-2.147483648000000000e+09,-2.147483648000000000e+09,4.748701000000000000e+06,4.748702000000000000e+06,4.748703000000000000e+06,4.748704000000000000e+06,4.748705000000000000e+06,4.748706000000000000e+06,4.748707000000000000e+06,4.748708000000000000e+06,4.748709000000000000e+06,4.748710000000000000e+06,4.748711000000000000e+06,4.748712000000000000e+06,4.748713000000000000e+06,4.748714000000000000e+06,4.748715000000000000e+06,4.748716000000000000e+06,4.748717000000000000e+06,4.748718000000000000e+06,4.748719000000000000e+06,4.748720000000000000e+06,4.748721000000000000e+06,4.748722000000000000e+06,4.748723000000000000e+06,4.748724000000000000e+06,4.748725000000000000e+06,4.748726000000000000e+06,4.748727000000000000e+06,4.748728000000000000e+06,4.748729000000000000e+06,4.748730000000000000e+06,4.748731000000000000e+06,4.748732000000000000e+06,4.748733000000000000e+06,4.748734000000000000e+06,4.748735000000000000e+06,4.748736000000000000e+06,4.748737000000000000e+06,4.748738000000000000e+06,4.748739000000000000e+06,4.748740000000000000e+06,4.748741000000000000e+06,4.748742000000000000e+06,4.748743000000000000e+06,4.748744000000000000e+06,4.748745000000000000e+06,4.748746000000000000e+06,4.748747000000000000e+06,4.748748000000000000e+06,4.748749000000000000e+06,4.748750000000000000e+06,4.748751000000000000e+06,4.748752000000000000e+06,4.748753000000000000e+06,4.748754000000000000e+06,4.748755000000000000e+06,4.748756000000000000e+06,4.748757000000000000e+06,4.748758000000000000e+06,4.748759000000000000e+06,4.748760000000000000e+06,4.748761000000000000e+06,4.748762000000000000e+06,4.748763000000000000e+06,4.748764000000000000e+06,-2.147483648000000000e+09,-2.147483648000000000e+09,-2.147483648000000000e+09,-2.147483648000000000e+09,-2.147483648000000000e+09,-2.147483648000000000e+09,-2.147483648000000000e+09,-2.147483648000000000e+09,-2.147483648000000000e+09,-2.147483648000000000e+09,-2.147483648000000000e+09,-2.147483648000000000e+09,-2.147483648000000000e+09,-2.147483648000000000e+09,-2.147483648000000000e+09,-2.147483648000000000e+09,-2.147483648000000000e+09,-2.147483648000000000e+09,-2.147483648000000000e+09,-2.147483648000000000e+09,-2.147483648000000000e+09,-2.147483648000000000e+09,-2.147483648000000000e+09,-2.147483648000000000e+09,-2.147483648000000000e+09,-2.147483648000000000e+09,-2.147483648000000000e+09,-2.147483648000000000e+09,-2.147483648000000000e+09,-2.147483648000000000e+09,-2.147483648000000000e+09,-2.147483648000000000e+09,-2.147483648000000000e+09,-2.147483648000000000e+09
-2.147483648000000000e+09,-2.147483648000000000e+09,-2.147483648000000000e+09,-2.147483648000000000e+09,-2.147483648000000000e+09,4.755900000000000000e+06,4.755901000000000000e+06,4.755902000000000000e+06,4.755903000000000000e+06,4.755904000000000000e+06,4.755905000000000000e+06,4.755906000000000000e+06,4.755907000000000000e+06,4.755908000000000000e+06,4.755909000000000000e+06,4.755910000000000000e+06,4.755911000000000000e+06,4.755912000000000000e+06,4.755913000000000000e+06,4.755914000000000000e+06,4.755915000000000000e+06,4.755916000000000000e+06,4.755917000000000000e+06,4.755918000000000000e+06,4.755919000000000000e+06,4.755920000000000000e+06,4.755921000000000000e+06,4.755922000000000000e+06,4.755923000000000000e+06,4.755924000000000000e+06,4.755925000000000000e+06,4.755926000000000000e+06,4.755927000000000000e+06,4.755928000000000000e+06,4.755929000000000000e+06,4.755930000000000000e+06,4.755931000000000000e+06,4.755932000000000000e+06,4.755933000000000000e+06,4.755934000000000000e+06,4.755935000000000000e+06,4.755936000000000000e+06,4.755937000000000000e+06,4.755938000000000000e+06,4.755939000000000000e+06,4.755940000000000000e+06,4.755941000000000000e+06,4.755942000000000000e+06,4.755943000000000000e+06,4.755944000000000000e+06,4.755945000000000000e+06,4.755946000000000000e+06,4.755947000000000000e+06,4.755948000000000000e+06,4.755949000000000000e+06,4.755950000000000000e+06,4.755951000000000000e+06,4.755952000000000000e+06,4.755953000000000000e+06,4.755954000000000000e+06,4.755955000000000000e+06,4.755956000000000000e+06,4.755957000000000000e+06,4.755958000000000000e+06,4.755959000000000000e+06,4.755960000000000000e+06,4.755961000000000000e+06,4.755962000000000000e+06,-2.147483648000000000e+09,-2.147483648000000000e+09,-2.147483648000000000e+09,-2.147483648000000000e+09,-2.147483648000000000e+09,-2.147483648000000000e+09,-2.147483648000000000e+09,-2.147483648000000000e+09,-2.147483648000000000e+09,-2.147483648000000000e+09,-2.147483648000000000e+09,-2.147483648000000000e+09,-2.147483648000000000e+09,-2.147483648000000000e+09,-2.147483648000000000e+09,-2.147483648000000000e+09,-2.147483648000000000e+09,-2.147483648000000000e+09,-2.147483648000000000e+09,-2.147483648000000000e+09,-2.147483648000000000e+09,-2.147483648000000000e+09,-2.147483648000000000e+09,-2.147483648000000000e+09,-2.147483648000000000e+09,-2.147483648000000000e+09,-2.147483648000000000e+09,-2.147483648000000000e+09,-2.147483648000000000e+09,-2.147483648000000000e+09,-2.147483648000000000e+09,-2.147483648000000000e+09,-2.147483648000000000e+09,-2.147483648000000000e+09,-2.147483648000000000e+09,-2.147483648000000000e+09
-2.147483648000000000e+09,-2.147483648000000000e+09,-2.147483648000000000e+09,-2.147483648000000000e+09,4.763099000000000000e+06,4.763100000000000000e+06,4.763101000000000000e+06,4.763102000000000000e+06,4.763103000000000000e+06,4.763104000000000000e+06,4.763105000000000000e+06,4.763106000000000000e+06,4.763107000000000000e+06,4.763108000000000000e+06,4.763109000000000000e+06,4.763110000000000000e+06,4.763111000000000000e+06,4.763112000000000000e+06,4.763113000000000000e+06,4.763114000000000000e+06,4.763115000000000000e+06,4.763116000000000000e+06,4.763117000000000000e+06,4.763118000000000000e+06,4.763119000000000000e+06,4.763120000000000000e+06,4.763121000000000000e+06,4.763122000000000000e+06,4.763123000000000000e+06,4.763124000000000000e+06,4.763125000000000000e+06,4.763126000000000000e+06,4.763127000000000000e+06,4.763128000000000000e+06,4.763129000000000000e+06,4.763130000000000000e+06,4.763131000000000000e+06,4.763132000000000000e+06,4.763133000000000000e+06,4.763134000000000000e+06,4.763135000000000000e+06,4.763136000000000000e+06,4.763137000000000000e+06,4.763138000000000000e+06,4.763139000000000000e+06,4.763140000000000000e+06,4.763141000000000000e+06,4.763142000000000000e+06,4.763143000000000000e+06,4.763144000000000000e+06,4.763145000000000000e+06,4.763146000000000000e+06,4.763147000000000000e+06,4.763148000000000000e+06,4.763149000000000000e+06,4.763150000000000000e+06,4.763151000000000000e+06,4.763152000000000000e+06,4.763153000000000000e+06,4.763154000000000000e+06,4.763155000000000000e+06,4.763156000000000000e+06,4.763157000000000000e+06,4.763158000000000000e+06,4.763159000000000000e+06,4.763160000000000000e+06,-2.147483648000000000e+09,-2.147483648000000000e+09,-2.147483648000000000e+09,-2.147483648000000000e+09,-2.147483648000000000e+09,-2.147483648000000000e+09,-2.147483648000000000e+09,-2.147483648000000000e+09,-2.147483648000000000e+09,-2.147483648000000000e+09,-2.147483648000000000e+09,-2.147483648000000000e+09,-2.147483648000000000e+09,-2.147483648000000000e+09,-2.147483648000000000e+09,-2.147483648000000000e+09,-2.147483648000000000e+09,-2.147483648000000000e+09,-2.147483648000000000e+09,-2.147483648000000000e+09,-2.147483648000000000e+09,-2.147483648000000000e+09,-2.147483648000000000e+09,-2.147483648000000000e+09,-2.147483648000000000e+09,-2.147483648000000000e+09,-2.147483648000000000e+09,-2.147483648000000000e+09,-2.147483648000000000e+09,-2.147483648000000000e+09,-2.147483648000000000e+09,-2.147483648000000000e+09,-2.147483648000000000e+09,-2.147483648000000000e+09,-2.147483648000000000e+09,-2.147483648000000000e+09,-2.147483648000000000e+09,-2.147483648000000000e+09
-2.147483648000000000e+09,-2.147483648000000000e+09,-2.147483648000000000e+09,4.770298000000000000e+06,4.770299000000000000e+06,4.770300000000000000e+06,4.770301000000000000e+06,4.770302000000000000e+06,4.770303000000000000e+06,4.770304000000000000e+06,4.770305000000000000e+06,4.770306000000000000e+06,4.770307000000000000e+06,4.770308000000000000e+06,4.770309000000000000e+06,4.770310000000000000e+06,4.770311000000000000e+06,4.770312000000000000e+06,4.770313000000000000e+06,4.770314000000000000e+06,4.770315000000000000e+06,4.770316000000000000e+06,4.770317000000000000e+06,4.770318000000000000e+06,4.770319000000000000e+06,4.770320000000000000e+06,4.770321000000000000e+06,4.770322000000000000e+06,4.770323000000000000e+06,4.770324000000000000e+06,4.770325000000000000e+06,4.770326000000000000e+06,4.770327000000000000e+06,4.770328000000000000e+06,4.770329000000000000e+06,4.770330000000000000e+06,4.770331000000000000e+06,4.770332000000000000e+06,4.770333000000000000e+06,4.770334000000000000e+06,4.770335000000000000e+06,4.770336000000000000e+06,4.770337000000000000e+06,4.770338000000000000e+06,4.770339000000000000e+06,4.770340000000000000e+06,4.770341000000000000e+06,4.770342000000000000e+06,4.770343000000000000e+06,4.770344000000000000e+06,4.770345000000000000e+06,4.770346000000000000e+06,4.770347000000000000e+06,4.770348000000000000e+06,4.770349000000000000e+06,4.770350000000000000e+06,4.770351000000000000e+06,4.770352000000000000e+06,4.770353000000000000e+06,4.770354000000000000e+06,4.770355000000000000e+06,4.770356000000000000e+06,4.770357000000000000e+06,4.770358000000000000e+06,4.770359000000000000e+06,-2.147483648000000000e+09,-2.147483648000000000e+09,-2.147483648000000000e+09,-2.147483648000000000e+09,-2.147483648000000000e+09,-2.147483648000000000e+09,-2.147483648000000000e+09,-2.147483648000000000e+09,-2.147483648000000000e+09,-2.147483648000000000e+09,-2.147483648000000000e+09,-2.147483648000000000e+09,-2.147483648000000000e+09,-2.147483648000000000e+09,-2.147483648000000000e+09,-2.147483648000000000e+09,-2.147483648000000000e+09,-2.147483648000000000e+09,-2.147483648000000000e+09,-2.147483648000000000e+09,-2.147483648000000000e+09,-2.147483648000000000e+09,-2.147483648000000000e+09,-2.147483648000000000e+09,-2.147483648000000000e+09,-2.147483648000000000e+09,-2.147483648000000000e+09,-2.147483648000000000e+09,-2.147483648000000000e+09,-2.147483648000000000e+09,-2.147483648000000000e+09,-2.147483648000000000e+09,-2.147483648000000000e+09,-2.147483648000000000e+09,-2.147483648000000000e+09,-2.147483648000000000e+09,-2.147483648000000000e+09,-2.147483648000000000e+09,-2.147483648000000000e+09
-2.147483648000000000e+09,-2.147483648000000000e+09,4.777497000000000000e+06,4.777498000000000000e+06,4.777499000000000000e+06,4.777500000000000000e+06,4.777501000000000000e+06,4.777502000000000000e+06,4.777503000000000000e+06,4.777504000000000000e+06,4.777505000000000000e+06,4.777506000000000000e+06,4.777507000000000000e+06,4.777508000000000000e+06,4.777509000000000000e+06,4.777510000000000000e+06,4.777511000000000000e+06,4.777512000000000000e+06,4.777513000000000000e+06,4.777514000000000000e+06,4.777515000000000000e+06,4.777516000000000000e+06,4.777517000000000000e+06,4.777518000000000000e+06,4.777519000000000000e+06,4.777520000000000000e+06,4.777521000000000000e+06,4.777522000000000000e+06,4.777523000000000000e+06,4.777524000000000000e+06,4.777525000000000000e+06,4.777526000000000000e+06,4.777527000000000000e+06,4.777528000000000000e+06,4.777529000000000000e+06,4.777530000000000000e+06,4.777531000000000000e+06,4.777532000000000000e+06,4.777533000000000000e+06,4.777534000000000000e+06,4.777535000000000000e+06,4.777536000000000000e+06,4.777537000000000000e+06,4.777538000000000000e+06,4.777539000000000000e+06,4.777540000000000000e+06,4.777541000000000000e+06,4.777542000000000000e+06,4.777543000000000000e+06,4.777544000000000000e+06,4.777545000000000000e+06,4.777546000000000000e+06,4.777547000000000000e+06,4.777548000000000000e+06,4.777549000000000000e+06,4.777550000000000000e+06,4.777551000000000000e+06,4.777552000000000000e+06,4.777553000000000000e+06,4.777554000000000000e+06,4.777555000000000000e+06,4.777556000000000000e+06,-2.147483648000000000e+09,-2.147483648000000000e+09,-2.147483648000000000e+09,-2.147483648000000000e+09,-2.147483648000000000e+09,-2.147483648000000000e+09,-2.147483648000000000e+09,-2.147483648000000000e+09,-2.147483648000000000e+09,-2.147483648000000000e+09,-2.147483648000000000e+09,-2.147483648000000000e+09,-2.147483648000000000e+09,-2.147483648000000000e+09,-2.147483648000000000e+09,-2.147483648000000000e+09,-2.147483648000000000e+09,-2.147483648000000000e+09,-2.147483648000000000e+09,-2.147483648000000000e+09,-2.147483648000000000e+09,-2.147483648000000000e+09,-2.147483648000000000e+09,-2.147483648000000000e+09,-2.147483648000000000e+09,-2.147483648000000000e+09,-2.147483648000000000e+09,-2.147483648000000000e+09,-2.147483648000000000e+09,-2.147483648000000000e+09,-2.147483648000000000e+09,-2.147483648000000000e+09,-2.147483648000000000e+09,-2.147483648000000000e+09,-2.147483648000000000e+09,-2.147483648000000000e+09,-2.147483648000000000e+09,-2.147483648000000000e+09,-2.147483648000000000e+09,-2.147483648000000000e+09,-2.147483648000000000e+09,-2.147483648000000000e+09
-2.147483648000000000e+09,4.784696000000000000e+06,4.784697000000000000e+06,4.784698000000000000e+06,4.784699000000000000e+06,4.784700000000000000e+06,4.784701000000000000e+06,4.784702000000000000e+06,4.784703000000000000e+06,4.784704000000000000e+06,4.784705000000000000e+06,4.784706000000000000e+06,4.784707000000000000e+06,4.784708000000000000e+06,4.784709000000000000e+06,4.784710000000000000e+06,4.784711000000000000e+06,4.784712000000000000e+06,4.784713000000000000e+06,4.784714000000000000e+06,4.784715000000000000e+06,4.784716000000000000e+06,4.784717000000000000e+06,4.784718000000000000e+06,4.784719000000000000e+06,4.784720000000000000e+06,4.784721000000000000e+06,4.784722000000000000e+06,4.784723000000000000e+06,4.784724000000000000e+06,4.784725000000000000e+06,4.784726000000000000e+06,4.784727000000000000e+06,4.784728000000000000e+06,4.784729000000000000e+06,4.784730000000000000e+06,4.784731000000000000e+06,4.784732000000000000e+06,4.784733000000000000e+06,4.784734000000000000e+06,4.784735000000000000e+06,4.784736000000000000e+06,4.784737000000000000e+06,4.784738000000000000e+06,4.784739000000000000e+06,4.784740000000000000e+06,4.784741000000000000e+06,4.784742000000000000e+06,4.784743000000000000e+06,4.784744000000000000e+06,4.784745000000000000e+06,4.784746000000000000e+06,4.784747000000000000e+06,4.784748000000000000e+06,4.784749000000000000e+06,4.784750000000000000e+06,4.784751000000000000e+06,4.784752000000000000e+06,4.784753000000000000e+06,4.784754000000000000e+06,4.784755000000000000e+06,-2.147483648000000000e+09,-2.147483648000000000e+09,-2.147483648000000000e+09,-2.147483648000000000e+09,-2.147483648000000000e+09,-2.147483648000000000e+09,-2.147483648000000000e+09,-2.147483648000000000e+09,-2.147483648000000000e+09,-2.147483648000000000e+09,-2.147483648000000000e+09,-2.147483648000000000e+09,-2.147483648000000000e+09,-2.147483648000000000e+09,-2.147483648000000000e+09,-2.147483648000000000e+09,-2.147483648000000000e+09,-2.147483648000000000e+09,-2.147483648000000000e+09,-2.147483648000000000e+09,-2.147483648000000000e+09,-2.147483648000000000e+09,-2.147483648000000000e+09,-2.147483648000000000e+09,-2.147483648000000000e+09,-2.147483648000000000e+09,-2.147483648000000000e+09,-2.147483648000000000e+09,-2.147483648000000000e+09,-2.147483648000000000e+09,-2.147483648000000000e+09,-2.147483648000000000e+09,-2.147483648000000000e+09,-2.147483648000000000e+09,-2.147483648000000000e+09,-2.147483648000000000e+09,-2.147483648000000000e+09,-2.147483648000000000e+09,-2.147483648000000000e+09,-2.147483648000000000e+09,-2.147483648000000000e+09,-2.147483648000000000e+09,-2.147483648000000000e+09
