-2.147483648000000000e+09,-2.147483648000000000e+09,-2.147483648000000000e+09,-2.147483648000000000e+09,-2.147483648000000000e+09,-2.147483648000000000e+09,-2.147483648000000000e+09,-2.147483648000000000e+09,-2.147483648000000000e+09,-2.147483648000000000e+09,-2.147483648000000000e+09,-2.147483648000000000e+09,-2.147483648000000000e+09,-2.147483648000000000e+09,-2.147483648000000000e+09,-2.147483648000000000e+09,-2.147483648000000000e+09,-2.147483648000000000e+09,-2.147483648000000000e+09,-2.147483648000000000e+09,-2.147483648000000000e+09,-2.147483648000000000e+09,-2.147483648000000000e+09,-2.147483648000000000e+09,-2.147483648000000000e+09,-2.147483648000000000e+09,-2.147483648000000000e+09,7.125173000000000000e+06,7.125174000000000000e+06,7.125175000000000000e+06,7.125176000000000000e+06,7.125177000000000000e+06,7.125178000000000000e+06,7.125179000000000000e+06,7.125180000000000000e+06,7.125181000000000000e+06,7.125182000000000000e+06,7.125183000000000000e+06,7.125184000000000000e+06,7.125185000000000000e+06,7.125186000000000000e+06,7.125187000000000000e+06,7.125188000000000000e+06,7.125189000000000000e+06,7.125190000000000000e+06,7.125191000000000000e+06,7.125192000000000000e+06,7.125193000000000000e+06,7.125194000000000000e+06,7.125195000000000000e+06,7.125196000000000000e+06,7.125197000000000000e+06,7.125198000000000000e+06,7.125199000000000000e+06,7.125200000000000000e+06,7.125201000000000000e+06,7.125202000000000000e+06,7.125203000000000000e+06,7.125204000000000000e+06,7.125205000000000000e+06,7.125206000000000000e+06,7.125207000000000000e+06,7.125208000000000000e+06
-2.147483648000000000e+09,-2.147483648000000000e+09,-2.147483648000000000e+09,-2.147483648000000000e+09,-2.147483648000000000e+09,-2.147483648000000000e+09,-2.147483648000000000e+09,-2.147483648000000000e+09,-2.147483648000000000e+09,-2.147483648000000000e+09,-2.147483648000000000e+09,-2.147483648000000000e+09,-2.147483648000000000e+09,-2.147483648000000000e+09,-2.147483648000000000e+09,-2.147483648000000000e+09,-2.147483648000000000e+09,-2.147483648000000000e+09,-2.147483648000000000e+09,-2.147483648000000000e+09,-2.147483648000000000e+09,-2.147483648000000000e+09,-2.147483648000000000e+09,-2.147483648000000000e+09,-2.147483648000000000e+09,-2.147483648000000000e+09,7.132372000000000000e+06,7.132373000000000000e+06,7.132374000000000000e+06,7.132375000000000000e+06,7.132376000000000000e+06,7.132377000000000000e+06,7.132378000000000000e+06,7.132379000000000000e+06,7.132380000000000000e+06,7.132381000000000000e+06,7.132382000000000000e+06,7.132383000000000000e+06,7.132384000000000000e+06,7.132385000000000000e+06,7.132386000000000000e+06,7.132387000000000000e+06,7.132388000000000000e+06,7.132389000000000000e+06,7.132390000000000000e+06,7.132391000000000000e+06,7.132392000000000000e+06,7.132393000000000000e+06,7.132394000000000000e+06,7.132395000000000000e+06,7.132396000000000000e+06,7.132397000000000000e+06,7.132398000000000000e+06,7.132399000000000000e+06,7.132400000000000000e+06,7.132401000000000000e+06,7.132402000000000000e+06,7.132403000000000000e+06,7.132404000000000000e+06,7.132405000000000000e+06,7.132406000000000000e+06,7.132407000000000000e+06,-2.147483648000000000e+09
-2.147483648000000000e+09,-2.147483648000000000e+09,-2.147483648000000000e+09,-2.147483648000000000e+09,-2.147483648000000000e+09,-2.147483648000000000e+09,-2.147483648000000000e+09,-2.147483648000000000e+09,-2.147483648000000000e+09,-2.147483648000000000e+09,-2.147483648000000000e+09,-2.147483648000000000e+09,-2.147483648000000000e+09,-2.147483648000000000e+09,-2.147483648000000000e+09,-2.147483648000000000e+09,-2.147483648000000000e+09,-2.147483648000000000e+09,-2.147483648000000000e+09,-2.147483648000000000e+09,-2.147483648000000000e+09,-2.147483648000000000e+09,-2.147483648000000000e+09,-2.147483648000000000e+09,-2.147483648000000000e+09,7.139571000000000000e+06,7.139572000000000000e+06,7.139573000000000000e+06,7.139574000000000000e+06,7.139575000000000000e+06,7.139576000000000000e+06,7.139577000000000000e+06,7.139578000000000000e+06,7.139579000000000000e+06,7.139580000000000000e+06,7.139581000000000000e+06,7.139582000000000000e+06,7.139583000000000000e+06,7.139584000000000000e+06,7.139585000000000000e+06,7.139586000000000000e+06,7.139587000000000000e+06,7.139588000000000000e+06,7.139589000000000000e+06,7.139590000000000000e+06,7.139591000000000000e+06,7.139592000000000000e+06,7.139593000000000000e+06,7.139594000000000000e+06,7.139595000000000000e+06,7.139596000000000000e+06,7.139597000000000000e+06,7.139598000000000000e+06,7.139599000000000000e+06,7.139600000000000000e+06,7.139601000000000000e+06,7.139602000000000000e+06,7.139603000000000000e+06,7.139604000000000000e+06,7.139605000000000000e+06,7.139606000000000000e+06,-2.147483648000000000e+09,-2.147483648000000000e+09
-2.147483648000000000e+09,-2.147483648000000000e+09,-2.147483648000000000e+09,-2.147483648000000000e+09,-2.147483648000000000e+09,-2.147483648000000000e+09,-2.147483648000000000e+09,-2.147483648000000000e+09,-2.147483648000000000e+09,-2.147483648000000000e+09,-2.147483648000000000e+09,-2.147483648000000000e+09,-2.147483648000000000e+09,-2.147483648000000000e+09,-2.147483648000000000e+09,-2.147483648000000000e+09,-2.147483648000000000e+09,-2.147483648000000000e+09,-2.147483648000000000e+09,-2.147483648000000000e+09,-2.147483648000000000e+09,-2.147483648000000000e+09,-2.147483648000000000e+09,-2.147483648000000000e+09,7.146770000000000000e+06,7.146771000000000000e+06,7.146772000000000000e+06,7.146773000000000000e+06,7.146774000000000000e+06,7.146775000000000000e+06,7.146776000000000000e+06,7.146777000000000000e+06,7.146778000000000000e+06,7.146779000000000000e+06,7.146780000000000000e+06,7.146781000000000000e+06,7.146782000000000000e+06,7.146783000000000000e+06,7.146784000000000000e+06,7.146785000000000000e+06,7.146786000000000000e+06,7.146787000000000000e+06,7.146788000000000000e+06,7.146789000000000000e+06,7.146790000000000000e+06,7.146791000000000000e+06,7.146792000000000000e+06,7.146793000000000000e+06,7.146794000000000000e+06,7.146795000000000000e+06,7.146796000000000000e+06,7.146797000000000000e+06,7.146798000000000000e+06,7.146799000000000000e+06,7.146800000000000000e+06,7.146801000000000000e+06,7.146802000000000000e+06,7.146803000000000000e+06,7.146804000000000000e+06,7.146805000000000000e+06,-2.147483648000000000e+09,-2.147483648000000000e+09,-2.147483648000000000e+09
-2.147483648000000000e+09,-2.147483648000000000e+09,-2.147483648000000000e+09,-2.147483648000000000e+09,-2.147483648000000000e+09,-2.147483648000000000e+09,-2.147483648000000000e+09,-2.147483648000000000e+09,-2.147483648000000000e+09,-2.147483648000000000e+09,-2.147483648000000000e+09,-2.147483648000000000e+09,-2.147483648000000000e+09,-2.147483648000000000e+09,-2.147483648000000000e+09,-2.147483648000000000e+09,-2.147483648000000000e+09,-2.147483648000000000e+09,-2.147483648000000000e+09,-2.147483648000000000e+09,-2.147483648000000000e+09,-2.147483648000000000e+09,-2.147483648000000000e+09,7.153969000000000000e+06,7.153970000000000000e+06,7.153971000000000000e+06,7.153972000000000000e+06,7.153973000000000000e+06,7.153974000000000000e+06,7.153975000000000000e+06,7.153976000000000000e+06,7.153977000000000000e+06,7.153978000000000000e+06,7.153979000000000000e+06,7.153980000000000000e+06,7.153981000000000000e+06,7.153982000000000000e+06,7.153983000000000000e+06,7.153984000000000000e+06,7.153985000000000000e+06,7.153986000000000000e+06,7.153987000000000000e+06,7.153988000000000000e+06,7.153989000000000000e+06,7.153990000000000000e+06,7.153991000000000000e+06,7.153992000000000000e+06,7.153993000000000000e+06,7.153994000000000000e+06,7.153995000000000000e+06,7.153996000000000000e+06,7.153997000000000000e+06,7.153998000000000000e+06,7.153999000000000000e+06,7.154000000000000000e+06,7.154001000000000000e+06,7.154002000000000000e+06,7.154003000000000000e+06,7.154004000000000000e+06,-2.147483648000000000e+09,-2.147483648000000000e+09,-2.147483648000000000e+09,-2.147483648000000000e+09
-2.147483648000000000e+09,-2.147483648000000000e+09,-2.147483648000000000e+09,-2.147483648000000000e+09,-2.147483648000000000e+09,-2.147483648000000000e+09,-2.147483648000000000e+09,-2.147483648000000000e+09,-2.147483648000000000e+09,-2.147483648000000000e+09,-2.147483648000000000e+09,-2.147483648000000000e+09,-2.147483648000000000e+09,-2.147483648000000000e+09,-2.147483648000000000e+09,-2.147483648000000000e+09,-2.147483648000000000e+09,-2.147483648000000000e+09,-2.147483648000000000e+09,-2.147483648000000000e+09,-2.147483648000000000e+09,-2.147483648000000000e+09,7.161168000000000000e+06,7.161169000000000000e+06,7.161170000000000000e+06,7.161171000000000000e+06,7.161172000000000000e+06,7.161173000000000000e+06,7.161174000000000000e+06,7.161175000000000000e+06,7.161176000000000000e+06,7.161177000000000000e+06,7.161178000000000000e+06,7.161179000000000000e+06,7.161180000000000000e+06,7.161181000000000000e+06,7.161182000000000000e+06,7.161183000000000000e+06,7.161184000000000000e+06,7.161185000000000000e+06,7.161186000000000000e+06,7.161187000000000000e+06,7.161188000000000000e+06,7.161189000000000000e+06,7.161190000000000000e+06,7.161191000000000000e+06,7.161192000000000000e+06,7.161193000000000000e+06,7.161194000000000000e+06,7.161195000000000000e+06,7.161196000000000000e+06,7.161197000000000000e+06,7.161198000000000000e+06,7.161199000000000000e+06,7.161200000000000000e+06,7.161201000000000000e+06,7.161202000000000000e+06,7.161203000000000000e+06,-2.147483648000000000e+09,-2.147483648000000000e+09,-2.147483648000000000e+09,-2.147483648000000000e+09,-2.147483648000000000e+09
-2.147483648000000000e+09,-2.147483648000000000e+09,-2.147483648000000000e+09,-2.147483648000000000e+09,-2.147483648000000000e+09,-2.147483648000000000e+09,-2.147483648000000000e+09,-2.147483648000000000e+09,-2.147483648000000000e+09,-2.147483648000000000e+09,-2.147483648000000000e+09,-2.147483648000000000e+09,-2.147483648000000000e+09,-2.147483648000000000e+09,-2.147483648000000000e+09,-2.147483648000000000e+09,-2.147483648000000000e+09,-2.147483648000000000e+09,-2.147483648000000000e+09,-2.147483648000000000e+09,-2.147483648000000000e+09,-2.147483648000000000e+09,7.168368000000000000e+06,7.168369000000000000e+06,7.168370000000000000e+06,7.168371000000000000e+06,7.168372000000000000e+06,7.168373000000000000e+06,7.168374000000000000e+06,7.168375000000000000e+06,7.168376000000000000e+06,7.168377000000000000e+06,7.168378000000000000e+06,7.168379000000000000e+06,7.168380000000000000e+06,7.168381000000000000e+06,7.168382000000000000e+06,7.168383000000000000e+06,7.168384000000000000e+06,7.168385000000000000e+06,7.168386000000000000e+06,7.168387000000000000e+06,7.168388000000000000e+06,7.168389000000000000e+06,7.168390000000000000e+06,7.168391000000000000e+06,7.168392000000000000e+06,7.168393000000000000e+06,7.168394000000000000e+06,7.168395000000000000e+06,7.168396000000000000e+06,7.168397000000000000e+06,7.168398000000000000e+06,7.168399000000000000e+06,7.168400000000000000e+06,7.168401000000000000e+06,7.168402000000000000e+06,-2.147483648000000000e+09,-2.147483648000000000e+09,-2.147483648000000000e+09,-2.147483648000000000e+09,-2.147483648000000000e+09,-2.147483648000000000e+09
-2.147483648000000000e+09,-2.147483648000000000e+09,-2.147483648000000000e+09,-2.147483648000000000e+09,-2.147483648000000000e+09,-2.147483648000000000e+09,-2.147483648000000000e+09,-2.147483648000000000e+09,-2.147483648000000000e+09,-2.147483648000000000e+09,-2.147483648000000000e+09,-2.147483648000000000e+09,-2.147483648000000000e+09,-2.147483648000000000e+09,-2.147483648000000000e+09,-2.147483648000000000e+09,-2.147483648000000000e+09,-2.147483648000000000e+09,-2.147483648000000000e+09,-2.147483648000000000e+09,-2.147483648000000000e+09,7.175567000000000000e+06,7.175568000000000000e+06,7.175569000000000000e+06,7.175570000000000000e+06,7.175571000000000000e+06,7.175572000000000000e+06,7.175573000000000000e+06,7.175574000000000000e+06,7.175575000000000000e+06,7.175576000000000000e+06,7.175577000000000000e+06,7.175578000000000000e+06,7.175579000000000000e+06,7.175580000000000000e+06,7.175581000000000000e+06,7.175582000000000000e+06,7.175583000000000000e+06,7.175584000000000000e+06,7.175585000000000000e+06,7.175586000000000000e+06,7.175587000000000000e+06,7.175588000000000000e+06,7.175589000000000000e+06,7.175590000000000000e+06,7.175591000000000000e+06,7.175592000000000000e+06,7.175593000000000000e+06,7.175594000000000000e+06,7.175595000000000000e+06,7.175596000000000000e+06,7.175597000000000000e+06,7.175598000000000000e+06,7.175599000000000000e+06,7.175600000000000000e+06,7.175601000000000000e+06,-2.147483648000000000e+09,-2.147483648000000000e+09,-2.147483648000000000e+09,-2.147483648000000000e+09,-2.147483648000000000e+09,-2.147483648000000000e+09,-2.147483648000000000e+09
-2.147483648000000000e+09,-2.147483648000000000e+09,-2.147483648000000000e+09,-2.147483648000000000e+09,-2.147483648000000000e+09,-2.147483648000000000e+09,-2.147483648000000000e+09,-2.147483648000000000e+09,-2.147483648000000000e+09,-2.147483648000000000e+09,-2.147483648000000000e+09,-2.147483648000000000e+09,-2.147483648000000000e+09,-2.147483648000000000e+09,-2.147483648000000000e+09,-2.147483648000000000e+09,-2.147483648000000000e+09,-2.147483648000000000e+09,-2.147483648000000000e+09,-2.147483648000000000e+09,7.175566000000000000e+06,7.175567000000000000e+06,7.175568000000000000e+06,7.175569000000000000e+06,7.175570000000000000e+06,7.175571000000000000e+06,7.175572000000000000e+06,7.175573000000000000e+06,7.175574000000000000e+06,7.175575000000000000e+06,7.175576000000000000e+06,7.175577000000000000e+06,7.175578000000000000e+06,7.175579000000000000e+06,7.175580000000000000e+06,7.175581000000000000e+06,7.175582000000000000e+06,7.175583000000000000e+06,7.175584000000000000e+06,7.175585000000000000e+06,7.175586000000000000e+06,7.175587000000000000e+06,7.175588000000000000e+06,7.175589000000000000e+06,7.175590000000000000e+06,7.175591000000000000e+06,7.175592000000000000e+06,7.175593000000000000e+06,7.175594000000000000e+06,7.175595000000000000e+06,7.175596000000000000e+06,7.175597000000000000e+06,7.175598000000000000e+06,7.175599000000000000e+06,7.175600000000000000e+06,-2.147483648000000000e+09,-2.147483648000000000e+09,-2.147483648000000000e+09,-2.147483648000000000e+09,-2.147483648000000000e+09,-2.147483648000000000e+09,-2.147483648000000000e+09,-2.147483648000000000e+09
-2.147483648000000000e+09,-2.147483648000000000e+09,-2.147483648000000000e+09,-2.147483648000000000e+09,-2.147483648000000000e+09,-2.147483648000000000e+09,-2.147483648000000000e+09,-2.147483648000000000e+09,-2.147483648000000000e+09,-2.147483648000000000e+09,-2.147483648000000000e+09,-2.147483648000000000e+09,-2.147483648000000000e+09,-2.147483648000000000e+09,-2.147483648000000000e+09,-2.147483648000000000e+09,-2.147483648000000000e+09,-2.147483648000000000e+09,-2.147483648000000000e+09,7.182765000000000000e+06,7.182766000000000000e+06,7.182767000000000000e+06,7.182768000000000000e+06,7.182769000000000000e+06,7.182770000000000000e+06,7.182771000000000000e+06,7.182772000000000000e+06,7.182773000000000000e+06,7.182774000000000000e+06,7.182775000000000000e+06,7.182776000000000000e+06,7.182777000000000000e+06,7.182778000000000000e+06,7.182779000000000000e+06,7.182780000000000000e+06,7.182781000000000000e+06,7.182782000000000000e+06,7.182783000000000000e+06,7.182784000000000000e+06,7.182785000000000000e+06,7.182786000000000000e+06,7.182787000000000000e+06,7.182788000000000000e+06,7.182789000000000000e+06,7.182790000000000000e+06,7.182791000000000000e+06,7.182792000000000000e+06,7.182793000000000000e+06,7.182794000000000000e+06,7.182795000000000000e+06,7.182796000000000000e+06,7.182797000000000000e+06,7.182798000000000000e+06,7.182799000000000000e+06,-2.147483648000000000e+09,-2.147483648000000000e+09,-2.147483648000000000e+09,-2.147483648000000000e+09,-2.147483648000000000e+09,-2.147483648000000000e+09,-2.147483648000000000e+09,-2.147483648000000000e+09,-2.147483648000000000e+09
-2.147483648000000000e+09,-2.147483648000000000e+09,-2.147483648000000000e+09,-2.147483648000000000e+09,-2.147483648000000000e+09,-2.147483648000000000e+09,-2.147483648000000000e+09,-2.147483648000000000e+09,-2.147483648000000000e+09,-2.147483648000000000e+09,-2.147483648000000000e+09,-2.147483648000000000e+09,-2.147483648000000000e+09,-2.147483648000000000e+09,-2.147483648000000000e+09,-2.147483648000000000e+09,-2.147483648000000000e+09,-2.147483648000000000e+09,7.189964000000000000e+06,7.189965000000000000e+06,7.189966000000000000e+06,7.189967000000000000e+06,7.189968000000000000e+06,7.189969000000000000e+06,7.189970000000000000e+06,7.189971000000000000e+06,7.189972000000000000e+06,7.189973000000000000e+06,7.189974000000000000e+06,7.189975000000000000e+06,7.189976000000000000e+06,7.189977000000000000e+06,7.189978000000000000e+06,7.189979000000000000e+06,7.189980000000000000e+06,7.189981000000000000e+06,7.189982000000000000e+06,7.189983000000000000e+06,7.189984000000000000e+06,7.189985000000000000e+06,7.189986000000000000e+06,7.189987000000000000e+06,7.189988000000000000e+06,7.189989000000000000e+06,7.189990000000000000e+06,7.189991000000000000e+06,7.189992000000000000e+06,7.189993000000000000e+06,7.189994000000000000e+06,7.189995000000000000e+06,7.189996000000000000e+06,7.189997000000000000e+06,7.189998000000000000e+06,-2.147483648000000000e+09,-2.147483648000000000e+09,-2.147483648000000000e+09,-2.147483648000000000e+09,-2.147483648000000000e+09,-2.147483648000000000e+09,-2.147483648000000000e+09,-2.147483648000000000e+09,-2.147483648000000000e+09,-2.147483648000000000e+09
-2.147483648000000000e+09,-2.147483648000000000e+09,-2.147483648000000000e+09,-2.147483648000000000e+09,-2.147483648000000000e+09,-2.147483648000000000e+09,-2.147483648000000000e+09,-2.147483648000000000e+09,-2.147483648000000000e+09,-2.147483648000000000e+09,-2.147483648000000000e+09,-2.147483648000000000e+09,-2.147483648000000000e+09,-2.147483648000000000e+09,-2.147483648000000000e+09,-2.147483648000000000e+09,-2.147483648000000000e+09,7.197163000000000000e+06,7.197164000000000000e+06,7.197165000000000000e+06,7.197166000000000000e+06,7.197167000000000000e+06,7.197168000000000000e+06,7.197169000000000000e+06,7.197170000000000000e+06,7.197171000000000000e+06,7.197172000000000000e+06,7.197173000000000000e+06,7.197174000000000000e+06,7.197175000000000000e+06,7.197176000000000000e+06,7.197177000000000000e+06,7.197178000000000000e+06,7.197179000000000000e+06,7.197180000000000000e+06,7.197181000000000000e+06,7.197182000000000000e+06,7.197183000000000000e+06,7.197184000000000000e+06,7.197185000000000000e+06,7.197186000000000000e+06,7.197187000000000000e+06,7.197188000000000000e+06,7.197189000000000000e+06,7.197190000000000000e+06,7.197191000000000000e+06,7.197192000000000000e+06,7.197193000000000000e+06,7.197194000000000000e+06,7.197195000000000000e+06,7.197196000000000000e+06,7.197197000000000000e+06,-2.147483648000000000e+09,-2.147483648000000000e+09,-2.147483648000000000e+09,-2.147483648000000000e+09,-2.147483648000000000e+09,-2.147483648000000000e+09,-2.147483648000000000e+09,-2.147483648000000000e+09,-2.147483648000000000e+09,-2.147483648000000000e+09,-2.147483648000000000e+09
-2.147483648000000000e+09,-2.147483648000000000e+09,-2.147483648000000000e+09,-2.147483648000000000e+09,-2.147483648000000000e+09,-2.147483648000000000e+09,-2.147483648000000000e+09,-2.147483648000000000e+09,-2.147483648000000000e+09,-2.147483648000000000e+09,-2.147483648000000000e+09,-2.147483648000000000e+09,-2.147483648000000000e+09,-2.147483648000000000e+09,-2.147483648000000000e+09,-2.147483648000000000e+09,7.204362000000000000e+06,7.204363000000000000e+06,7.204364000000000000e+06,7.204365000000000000e+06,7.204366000000000000e+06,7.204367000000000000e+06,7.204368000000000000e+06,7.204369000000000000e+06,7.204370000000000000e+06,7.204371000000000000e+06,7.204372000000000000e+06,7.204373000000000000e+06,7.204374000000000000e+06,7.204375000000000000e+06,7.204376000000000000e+06,7.204377000000000000e+06,7.204378000000000000e+06,7.204379000000000000e+06,7.204380000000000000e+06,7.204381000000000000e+06,7.204382000000000000e+06,7.204383000000000000e+06,7.204384000000000000e+06,7.204385000000000000e+06,7.204386000000000000e+06,7.204387000000000000e+06,7.204388000000000000e+06,7.204389000000000000e+06,7.204390000000000000e+06,7.204391000000000000e+06,7.204392000000000000e+06,7.204393000000000000e+06,7.204394000000000000e+06,7.204395000000000000e+06,7.204396000000000000e+06,-2.147483648000000000e+09,-2.147483648000000000e+09,-2.147483648000000000e+09,-2.147483648000000000e+09,-2.147483648000000000e+09,-2.147483648000000000e+09,-2.147483648000000000e+09,-2.147483648000000000e+09,-2.147483648000000000e+09,-2.147483648000000000e+09,-2.147483648000000000e+09,-2.147483648000000000e+09
-2.147483648000000000e+09,-2.147483648000000000e+09,-2.147483648000000000e+09,-2.147483648000000000e+09,-2.147483648000000000e+09,-2.147483648000000000e+09,-2.147483648000000000e+09,-2.147483648000000000e+09,-2.147483648000000000e+09,-2.147483648000000000e+09,-2.147483648000000000e+09,-2.147483648000000000e+09,-2.147483648000000000e+09,-2.147483648000000000e+09,-2.147483648000000000e+09,7.211561000000000000e+06,7.211562000000000000e+06,7.211563000000000000e+06,7.211564000000000000e+06,7.211565000000000000e+06,7.211566000000000000e+06,7.211567000000000000e+06,7.211568000000000000e+06,7.211569000000000000e+06,7.211570000000000000e+06,7.211571000000000000e+06,7.211572000000000000e+06,7.211573000000000000e+06,7.211574000000000000e+06,7.211575000000000000e+06,7.211576000000000000e+06,7.211577000000000000e+06,7.211578000000000000e+06,7.211579000000000000e+06,7.211580000000000000e+06,7.211581000000000000e+06,7.211582000000000000e+06,7.211583000000000000e+06,7.211584000000000000e+06,7.211585000000000000e+06,7.211586000000000000e+06,7.211587000000000000e+06,7.211588000000000000e+06,7.211589000000000000e+06,7.211590000000000000e+06,7.211591000000000000e+06,7.211592000000000000e+06,7.211593000000000000e+06,7.211594000000000000e+06,7.211595000000000000e+06,-2.147483648000000000e+09,-2.147483648000000000e+09,-2.147483648000000000e+09,-2.147483648000000000e+09,-2.147483648000000000e+09,-2.147483648000000000e+09,-2.147483648000000000e+09,-2.147483648000000000e+09,-2.147483648000000000e+09,-2.147483648000000000e+09,-2.147483648000000000e+09,-2.147483648000000000e+09,-2.147483648000000000e+09
-2.147483648000000000e+09,-2.147483648000000000e+09,-2.147483648000000000e+09,-2.147483648000000000e+09,-2.147483648000000000e+09,-2.147483648000000000e+09,-2.147483648000000000e+09,-2.147483648000000000e+09,-2.147483648000000000e+09,-2.147483648000000000e+09,-2.147483648000000000e+09,-2.147483648000000000e+09,-2.147483648000000000e+09,-2.147483648000000000e+09,7.218760000000000000e+06,7.218761000000000000e+06,7.218762000000000000e+06,7.218763000000000000e+06,7.218764000000000000e+06,7.218765000000000000e+06,7.218766000000000000e+06,7.218767000000000000e+06,7.218768000000000000e+06,7.218769000000000000e+06,7.218770000000000000e+06,7.218771000000000000e+06,7.218772000000000000e+06,7.218773000000000000e+06,7.218774000000000000e+06,7.218775000000000000e+06,7.218776000000000000e+06,7.218777000000000000e+06,7.218778000000000000e+06,7.218779000000000000e+06,7.218780000000000000e+06,7.218781000000000000e+06,7.218782000000000000e+06,7.218783000000000000e+06,7.218784000000000000e+06,7.218785000000000000e+06,7.218786000000000000e+06,7.218787000000000000e+06,7.218788000000000000e+06,7.218789000000000000e+06,7.218790000000000000e+06,7.218791000000000000e+06,7.218792000000000000e+06,7.218793000000000000e+06,7.218794000000000000e+06,-2.147483648000000000e+09,-2.147483648000000000e+09,-2.147483648000000000e+09,-2.147483648000000000e+09,-2.147483648000000000e+09,-2.147483648000000000e+09,-2.147483648000000000e+09,-2.147483648000000000e+09,-2.147483648000000000e+09,-2.147483648000000000e+09,-2.147483648000000000e+09,-2.147483648000000000e+09,-2.147483648000000000e+09,-2.147483648000000000e+09
-2.147483648000000000e+09,-2.147483648000000000e+09,-2.147483648000000000e+09,-2.147483648000000000e+09,-2.147483648000000000e+09,-2.147483648000000000e+09,-2.147483648000000000e+09,-2.147483648000000000e+09,-2.147483648000000000e+09,-2.147483648000000000e+09,-2.147483648000000000e+09,-2.147483648000000000e+09,-2.147483648000000000e+09,7.225959000000000000e+06,7.225960000000000000e+06,7.225961000000000000e+06,7.225962000000000000e+06,7.225963000000000000e+06,7.225964000000000000e+06,7.225965000000000000e+06,7.225966000000000000e+06,7.225967000000000000e+06,7.225968000000000000e+06,7.225969000000000000e+06,7.225970000000000000e+06,7.225971000000000000e+06,7.225972000000000000e+06,7.225973000000000000e+06,7.225974000000000000e+06,7.225975000000000000e+06,7.225976000000000000e+06,7.225977000000000000e+06,7.225978000000000000e+06,7.225979000000000000e+06,7.225980000000000000e+06,7.225981000000000000e+06,7.225982000000000000e+06,7.225983000000000000e+06,7.225984000000000000e+06,7.225985000000000000e+06,7.225986000000000000e+06,7.225987000000000000e+06,7.225988000000000000e+06,7.225989000000000000e+06,7.225990000000000000e+06,7.225991000000000000e+06,7.225992000000000000e+06,7.225993000000000000e+06,-2.147483648000000000e+09,-2.147483648000000000e+09,-2.147483648000000000e+09,-2.147483648000000000e+09,-2.147483648000000000e+09,-2.147483648000000000e+09,-2.147483648000000000e+09,-2.147483648000000000e+09,-2.147483648000000000e+09,-2.147483648000000000e+09,-2.147483648000000000e+09,-2.147483648000000000e+09,-2.147483648000000000e+09,-2.147483648000000000e+09,-2.147483648000000000e+09
-2.147483648000000000e+09,-2.147483648000000000e+09,-2.147483648000000000e+09,-2.147483648000000000e+09,-2.147483648000000000e+09,-2.147483648000000000e+09,-2.147483648000000000e+09,-2.147483648000000000e+09,-2.147483648000000000e+09,-2.147483648000000000e+09,-2.147483648000000000e+09,-2.147483648000000000e+09,7.233158000000000000e+06,7.233159000000000000e+06,7.233160000000000000e+06,7.233161000000000000e+06,7.233162000000000000e+06,7.233163000000000000e+06,7.233164000000000000e+06,7.233165000000000000e+06,7.233166000000000000e+06,7.233167000000000000e+06,7.233168000000000000e+06,7.233169000000000000e+06,7.233170000000000000e+06,7.233171000000000000e+06,7.233172000000000000e+06,7.233173000000000000e+06,7.233174000000000000e+06,7.233175000000000000e+06,7.233176000000000000e+06,7.233177000000000000e+06,7.233178000000000000e+06,7.233179000000000000e+06,7.233180000000000000e+06,7.233181000000000000e+06,7.233182000000000000e+06,7.233183000000000000e+06,7.233184000000000000e+06,7.233185000000000000e+06,7.233186000000000000e+06,7.233187000000000000e+06,7.233188000000000000e+06,7.233189000000000000e+06,7.233190000000000000e+06,7.233191000000000000e+06,7.233192000000000000e+06,-2.147483648000000000e+09,-2.147483648000000000e+09,-2.147483648000000000e+09,-2.147483648000000000e+09,-2.147483648000000000e+09,-2.147483648000000000e+09,-2.147483648000000000e+09,-2.147483648000000000e+09,-2.147483648000000000e+09,-2.147483648000000000e+09,-2.147483648000000000e+09,-2.147483648000000000e+09,-2.147483648000000000e+09,-2.147483648000000000e+09,-2.147483648000000000e+09,-2.147483648000000000e+09
-2.147483648000000000e+09,-2.147483648000000000e+09,-2.147483648000000000e+09,-2.147483648000000000e+09,-2.147483648000000000e+09,-2.147483648000000000e+09,-2.147483648000000000e+09,-2.147483648000000000e+09,-2.147483648000000000e+09,-2.147483648000000000e+09,-2.147483648000000000e+09,7.240357000000000000e+06,7.240358000000000000e+06,7.240359000000000000e+06,7.240360000000000000e+06,7.240361000000000000e+06,7.240362000000000000e+06,7.240363000000000000e+06,7.240364000000000000e+06,7.240365000000000000e+06,7.240366000000000000e+06,7.240367000000000000e+06,7.240368000000000000e+06,7.240369000000000000e+06,7.240370000000000000e+06,7.240371000000000000e+06,7.240372000000000000e+06,7.240373000000000000e+06,7.240374000000000000e+06,7.240375000000000000e+06,7.240376000000000000e+06,7.240377000000000000e+06,7.240378000000000000e+06,7.240379000000000000e+06,7.240380000000000000e+06,7.240381000000000000e+06,7.240382000000000000e+06,7.240383000000000000e+06,7.240384000000000000e+06,7.240385000000000000e+06,7.240386000000000000e+06,7.240387000000000000e+06,7.240388000000000000e+06,7.240389000000000000e+06,7.240390000000000000e+06,7.240391000000000000e+06,-2.147483648000000000e+09,-2.147483648000000000e+09,-2.147483648000000000e+09,-2.147483648000000000e+09,-2.147483648000000000e+09,-2.147483648000000000e+09,-2.147483648000000000e+09,-2.147483648000000000e+09,-2.147483648000000000e+09,-2.147483648000000000e+09,-2.147483648000000000e+09,-2.147483648000000000e+09,-2.147483648000000000e+09,-2.147483648000000000e+09,-2.147483648000000000e+09,-2.147483648000000000e+09,-2.147483648000000000e+09
-2.147483648000000000e+09,-2.147483648000000000e+09,-2.147483648000000000e+09,-2.147483648000000000e+09,-2.147483648000000000e+09,-2.147483648000000000e+09,-2.147483648000000000e+09,-2.147483648000000000e+09,-2.147483648000000000e+09,-2.147483648000000000e+09,7.247556000000000000e+06,7.247557000000000000e+06,7.247558000000000000e+06,7.247559000000000000e+06,7.247560000000000000e+06,7.247561000000000000e+06,7.247562000000000000e+06,7.247563000000000000e+06,7.247564000000000000e+06,7.247565000000000000e+06,7.247566000000000000e+06,7.247567000000000000e+06,7.247568000000000000e+06,7.247569000000000000e+06,7.247570000000000000e+06,7.247571000000000000e+06,7.247572000000000000e+06,7.247573000000000000e+06,7.247574000000000000e+06,7.247575000000000000e+06,7.247576000000000000e+06,7.247577000000000000e+06,7.247578000000000000e+06,7.247579000000000000e+06,7.247580000000000000e+06,7.247581000000000000e+06,7.247582000000000000e+06,7.247583000000000000e+06,7.247584000000000000e+06,7.247585000000000000e+06,7.247586000000000000e+06,7.247587000000000000e+06,7.247588000000000000e+06,7.247589000000000000e+06,7.247590000000000000e+06,-2.147483648000000000e+09,-2.147483648000000000e+09,-2.147483648000000000e+09,-2.147483648000000000e+09,-2.147483648000000000e+09,-2.147483648000000000e+09,-2.147483648000000000e+09,-2.147483648000000000e+09,-2.147483648000000000e+09,-2.147483648000000000e+09,-2.147483648000000000e+09,-2.147483648000000000e+09,-2.147483648000000000e+09,-2.147483648000000000e+09,-2.147483648000000000e+09,-2.147483648000000000e+09,-2.147483648000000000e+09,-2.147483648000000000e+09
-2.147483648000000000e+09,-2.147483648000000000e+09,-2.147483648000000000e+09,-2.147483648000000000e+09,-2.147483648000000000e+09,-2.147483648000000000e+09,-2.147483648000000000e+09,-2.147483648000000000e+09,-2.147483648000000000e+09,7.254755000000000000e+06,7.254756000000000000e+06,7.254757000000000000e+06,7.254758000000000000e+06,7.254759000000000000e+06,7.254760000000000000e+06,7.254761000000000000e+06,7.254762000000000000e+06,7.254763000000000000e+06,7.254764000000000000e+06,7.254765000000000000e+06,7.254766000000000000e+06,7.254767000000000000e+06,7.254768000000000000e+06,7.254769000000000000e+06,7.254770000000000000e+06,7.254771000000000000e+06,7.254772000000000000e+06,7.254773000000000000e+06,7.254774000000000000e+06,7.254775000000000000e+06,7.254776000000000000e+06,7.254777000000000000e+06,7.254778000000000000e+06,7.254779000000000000e+06,7.254780000000000000e+06,7.254781000000000000e+06,7.254782000000000000e+06,7.254783000000000000e+06,7.254784000000000000e+06,7.254785000000000000e+06,7.254786000000000000e+06,7.254787000000000000e+06,7.254788000000000000e+06,7.254789000000000000e+06,-2.147483648000000000e+09,-2.147483648000000000e+09,-2.147483648000000000e+09,-2.147483648000000000e+09,-2.147483648000000000e+09,-2.147483648000000000e+09,-2.147483648000000000e+09,-2.147483648000000000e+09,-2.147483648000000000e+09,-2.147483648000000000e+09,-2.147483648000000000e+09,-2.147483648000000000e+09,-2.147483648000000000e+09,-2.147483648000000000e+09,-2.147483648000000000e+09,-2.147483648000000000e+09,-2.147483648000000000e+09,-2.147483648000000000e+09,-2.147483648000000000e+09
-2.147483648000000000e+09,-2.147483648000000000e+09,-2.147483648000000000e+09,-2.147483648000000000e+09,-2.147483648000000000e+09,-2.147483648000000000e+09,-2.147483648000000000e+09,-2.147483648000000000e+09,7.261954000000000000e+06,7.261955000000000000e+06,7.261956000000000000e+06,7.261957000000000000e+06,7.261958000000000000e+06,7.261959000000000000e+06,7.261960000000000000e+06,7.261961000000000000e+06,7.261962000000000000e+06,7.261963000000000000e+06,7.261964000000000000e+06,7.261965000000000000e+06,7.261966000000000000e+06,7.261967000000000000e+06,7.261968000000000000e+06,7.261969000000000000e+06,7.261970000000000000e+06,7.261971000000000000e+06,7.261972000000000000e+06,7.261973000000000000e+06,7.261974000000000000e+06,7.261975000000000000e+06,7.261976000000000000e+06,7.261977000000000000e+06,7.261978000000000000e+06,7.261979000000000000e+06,7.261980000000000000e+06,7.261981000000000000e+06,7.261982000000000000e+06,7.261983000000000000e+06,7.261984000000000000e+06,7.261985000000000000e+06,7.261986000000000000e+06,7.261987000000000000e+06,7.261988000000000000e+06,-2.147483648000000000e+09,-2.147483648000000000e+09,-2.147483648000000000e+09,-2.147483648000000000e+09,-2.147483648000000000e+09,-2.147483648000000000e+09,-2.147483648000000000e+09,-2.147483648000000000e+09,-2.147483648000000000e+09,-2.147483648000000000e+09,-2.147483648000000000e+09,-2.147483648000000000e+09,-2.147483648000000000e+09,-2.147483648000000000e+09,-2.147483648000000000e+09,-2.147483648000000000e+09,-2.147483648000000000e+09,-2.147483648000000000e+09,-2.147483648000000000e+09,-2.147483648000000000e+09
-2.147483648000000000e+09,-2.147483648000000000e+09,-2.147483648000000000e+09,-2.147483648000000000e+09,-2.147483648000000000e+09,-2.147483648000000000e+09,-2.147483648000000000e+09,7.269153000000000000e+06,7.269154000000000000e+06,7.269155000000000000e+06,7.269156000000000000e+06,7.269157000000000000e+06,7.269158000000000000e+06,7.269159000000000000e+06,7.269160000000000000e+06,7.269161000000000000e+06,7.269162000000000000e+06,7.269163000000000000e+06,7.269164000000000000e+06,7.269165000000000000e+06,7.269166000000000000e+06,7.269167000000000000e+06,7.269168000000000000e+06,7.269169000000000000e+06,7.269170000000000000e+06,7.269171000000000000e+06,7.269172000000000000e+06,7.269173000000000000e+06,7.269174000000000000e+06,7.269175000000000000e+06,7.269176000000000000e+06,7.269177000000000000e+06,7.269178000000000000e+06,7.269179000000000000e+06,7.269180000000000000e+06,7.269181000000000000e+06,7.269182000000000000e+06,7.269183000000000000e+06,7.269184000000000000e+06,7.269185000000000000e+06,7.269186000000000000e+06,7.269187000000000000e+06,-2.147483648000000000e+09,-2.147483648000000000e+09,-2.147483648000000000e+09,-2.147483648000000000e+09,-2.147483648000000000e+09,-2.147483648000000000e+09,-2.147483648000000000e+09,-2.147483648000000000e+09,-2.147483648000000000e+09,-2.147483648000000000e+09,-2.147483648000000000e+09,-2.147483648000000000e+09,-2.147483648000000000e+09,-2.147483648000000000e+09,-2.147483648000000000e+09,-2.147483648000000000e+09,-2.147483648000000000e+09,-2.147483648000000000e+09,-2.147483648000000000e+09,-2.147483648000000000e+09,-2.147483648000000000e+09
-2.147483648000000000e+09,-2.147483648000000000e+09,-2.147483648000000000e+09,-2.147483648000000000e+09,-2.147483648000000000e+09,-2.147483648000000000e+09,7.276352000000000000e+06,7.276353000000000000e+06,7.276354000000000000e+06,7.276355000000000000e+06,7.276356000000000000e+06,7.276357000000000000e+06,7.276358000000000000e+06,7.276359000000000000e+06,7.276360000000000000e+06,7.276361000000000000e+06,7.276362000000000000e+06,7.276363000000000000e+06,7.276364000000000000e+06,7.276365000000000000e+06,7.276366000000000000e+06,7.276367000000000000e+06,7.276368000000000000e+06,7.276369000000000000e+06,7.276370000000000000e+06,7.276371000000000000e+06,7.276372000000000000e+06,7.276373000000000000e+06,7.276374000000000000e+06,7.276375000000000000e+06,7.276376000000000000e+06,7.276377000000000000e+06,7.276378000000000000e+06,7.276379000000000000e+06,7.276380000000000000e+06,7.276381000000000000e+06,7.276382000000000000e+06,7.276383000000000000e+06,7.276384000000000000e+06,7.276385000000000000e+06,7.276386000000000000e+06,-2.147483648000000000e+09,-2.147483648000000000e+09,-2.147483648000000000e+09,-2.147483648000000000e+09,-2.147483648000000000e+09,-2.147483648000000000e+09,-2.147483648000000000e+09,-2.147483648000000000e+09,-2.147483648000000000e+09,-2.147483648000000000e+09,-2.147483648000000000e+09,-2.147483648000000000e+09,-2.147483648000000000e+09,-2.147483648000000000e+09,-2.147483648000000000e+09,-2.147483648000000000e+09,-2.147483648000000000e+09,-2.147483648000000000e+09,-2.147483648000000000e+09,-2.147483648000000000e+09,-2.147483648000000000e+09,-2.147483648000000000e+09
-2.147483648000000000e+09,-2.147483648000000000e+09,-2.147483648000000000e+09,-2.147483648000000000e+09,-2.147483648000000000e+09,7.283551000000000000e+06,7.283552000000000000e+06,7.283553000000000000e+06,7.283554000000000000e+06,7.283555000000000000e+06,7.283556000000000000e+06,7.283557000000000000e+06,7.283558000000000000e+06,7.283559000000000000e+06,7.283560000000000000e+06,7.283561000000000000e+06,7.283562000000000000e+06,7.283563000000000000e+06,7.283564000000000000e+06,7.283565000000000000e+06,7.283566000000000000e+06,7.283567000000000000e+06,7.283568000000000000e+06,7.283569000000000000e+06,7.283570000000000000e+06,7.283571000000000000e+06,7.283572000000000000e+06,7.283573000000000000e+06,7.283574000000000000e+06,7.283575000000000000e+06,7.283576000000000000e+06,7.283577000000000000e+06,7.283578000000000000e+06,7.283579000000000000e+06,7.283580000000000000e+06,7.283581000000000000e+06,7.283582000000000000e+06,7.283583000000000000e+06,7.283584000000000000e+06,7.283585000000000000e+06,-2.147483648000000000e+09,-2.147483648000000000e+09,-2.147483648000000000e+09,-2.147483648000000000e+09,-2.147483648000000000e+09,-2.147483648000000000e+09,-2.147483648000000000e+09,-2.147483648000000000e+09,-2.147483648000000000e+09,-2.147483648000000000e+09,-2.147483648000000000e+09,-2.147483648000000000e+09,-2.147483648000000000e+09,-2.147483648000000000e+09,-2.147483648000000000e+09,-2.147483648000000000e+09,-2.147483648000000000e+09,-2.147483648000000000e+09,-2.147483648000000000e+09,-2.147483648000000000e+09,-2.147483648000000000e+09,-2.147483648000000000e+09,-2.147483648000000000e+09
-2.147483648000000000e+09,-2.147483648000000000e+09,-2.147483648000000000e+09,-2.147483648000000000e+09,7.290750000000000000e+06,7.290751000000000000e+06,7.290752000000000000e+06,7.290753000000000000e+06,7.290754000000000000e+06,7.290755000000000000e+06,7.290756000000000000e+06,7.290757000000000000e+06,7.290758000000000000e+06,7.290759000000000000e+06,7.290760000000000000e+06,7.290761000000000000e+06,7.290762000000000000e+06,7.290763000000000000e+06,7.290764000000000000e+06,7.290765000000000000e+06,7.290766000000000000e+06,7.290767000000000000e+06,7.290768000000000000e+06,7.290769000000000000e+06,7.290770000000000000e+06,7.290771000000000000e+06,7.290772000000000000e+06,7.290773000000000000e+06,7.290774000000000000e+06,7.290775000000000000e+06,7.290776000000000000e+06,7.290777000000000000e+06,7.290778000000000000e+06,7.290779000000000000e+06,7.290780000000000000e+06,7.290781000000000000e+06,7.290782000000000000e+06,7.290783000000000000e+06,7.290784000000000000e+06,7.290785000000000000e+06,-2.147483648000000000e+09,-2.147483648000000000e+09,-2.147483648000000000e+09,-2.147483648000000000e+09,-2.147483648000000000e+09,-2.147483648000000000e+09,-2.147483648000000000e+09,-2.147483648000000000e+09,-2.147483648000000000e+09,-2.147483648000000000e+09,-2.147483648000000000e+09,-2.147483648000000000e+09,-2.147483648000000000e+09,-2.147483648000000000e+09,-2.147483648000000000e+09,-2.147483648000000000e+09,-2.147483648000000000e+09,-2.147483648000000000e+09,-2.147483648000000000e+09,-2.147483648000000000e+09,-2.147483648000000000e+09,-2.147483648000000000e+09,-2.147483648000000000e+09
-2.147483648000000000e+09,-2.147483648000000000e+09,-2.147483648000000000e+09,7.297949000000000000e+06,7.297950000000000000e+06,7.297951000000000000e+06,7.297952000000000000e+06,7.297953000000000000e+06,7.297954000000000000e+06,7.297955000000000000e+06,7.297956000000000000e+06,7.297957000000000000e+06,7.297958000000000000e+06,7.297959000000000000e+06,7.297960000000000000e+06,7.297961000000000000e+06,7.297962000000000000e+06,7.297963000000000000e+06,7.297964000000000000e+06,7.297965000000000000e+06,7.297966000000000000e+06,7.297967000000000000e+06,7.297968000000000000e+06,7.297969000000000000e+06,7.297970000000000000e+06,7.297971000000000000e+06,7.297972000000000000e+06,7.297973000000000000e+06,7.297974000000000000e+06,7.297975000000000000e+06,7.297976000000000000e+06,7.297977000000000000e+06,7.297978000000000000e+06,7.297979000000000000e+06,7.297980000000000000e+06,7.297981000000000000e+06,7.297982000000000000e+06,7.297983000000000000e+06,7.297984000000000000e+06,-2.147483648000000000e+09,-2.147483648000000000e+09,-2.147483648000000000e+09,-2.147483648000000000e+09,-2.147483648000000000e+09,-2.147483648000000000e+09,-2.147483648000000000e+09,-2.147483648000000000e+09,-2.147483648000000000e+09,-2.147483648000000000e+09,-2.147483648000000000e+09,-2.147483648000000000e+09,-2.147483648000000000e+09,-2.147483648000000000e+09,-2.147483648000000000e+09,-2.147483648000000000e+09,-2.147483648000000000e+09,-2.147483648000000000e+09,-2.147483648000000000e+09,-2.147483648000000000e+09,-2.147483648000000000e+09,-2.147483648000000000e+09,-2.147483648000000000e+09,-2.147483648000000000e+09
-2.147483648000000000e+09,-2.147483648000000000e+09,7.305148000000000000e+06,7.305149000000000000e+06,7.305150000000000000e+06,7.305151000000000000e+06,7.305152000000000000e+06,7.305153000000000000e+06,7.305154000000000000e+06,7.305155000000000000e+06,7.305156000000000000e+06,7.305157000000000000e+06,7.305158000000000000e+06,7.305159000000000000e+06,7.305160000000000000e+06,7.305161000000000000e+06,7.305162000000000000e+06,7.305163000000000000e+06,7.305164000000000000e+06,7.305165000000000000e+06,7.305166000000000000e+06,7.305167000000000000e+06,7.305168000000000000e+06,7.305169000000000000e+06,7.305170000000000000e+06,7.305171000000000000e+06,7.305172000000000000e+06,7.305173000000000000e+06,7.305174000000000000e+06,7.305175000000000000e+06,7.305176000000000000e+06,7.305177000000000000e+06,7.305178000000000000e+06,7.305179000000000000e+06,7.305180000000000000e+06,7.305181000000000000e+06,7.305182000000000000e+06,7.305183000000000000e+06,-2.147483648000000000e+09,-2.147483648000000000e+09,-2.147483648000000000e+09,-2.147483648000000000e+09,-2.147483648000000000e+09,-2.147483648000000000e+09,-2.147483648000000000e+09,-2.147483648000000000e+09,-2.147483648000000000e+09,-2.147483648000000000e+09,-2.147483648000000000e+09,-2.147483648000000000e+09,-2.147483648000000000e+09,-2.147483648000000000e+09,-2.147483648000000000e+09,-2.147483648000000000e+09,-2.147483648000000000e+09,-2.147483648000000000e+09,-2.147483648000000000e+09,-2.147483648000000000e+09,-2.147483648000000000e+09,-2.147483648000000000e+09,-2.147483648000000000e+09,-2.147483648000000000e+09,-2.147483648000000000e+09
-2.147483648000000000e+09,7.312347000000000000e+06,7.312348000000000000e+06,7.312349000000000000e+06,7.312350000000000000e+06,7.312351000000000000e+06,7.312352000000000000e+06,7.312353000000000000e+06,7.312354000000000000e+06,7.312355000000000000e+06,7.312356000000000000e+06,7.312357000000000000e+06,7.312358000000000000e+06,7.312359000000000000e+06,7.312360000000000000e+06,7.312361000000000000e+06,7.312362000000000000e+06,7.312363000000000000e+06,7.312364000000000000e+06,7.312365000000000000e+06,7.312366000000000000e+06,7.312367000000000000e+06,7.312368000000000000e+06,7.312369000000000000e+06,7.312370000000000000e+06,7.312371000000000000e+06,7.312372000000000000e+06,7.312373000000000000e+06,7.312374000000000000e+06,7.312375000000000000e+06,7.312376000000000000e+06,7.312377000000000000e+06,7.312378000000000000e+06,7.312379000000000000e+06,7.312380000000000000e+06,7.312381000000000000e+06,7.312382000000000000e+06,-2.147483648000000000e+09,-2.147483648000000000e+09,-2.147483648000000000e+09,-2.147483648000000000e+09,-2.147483648000000000e+09,-2.147483648000000000e+09,-2.147483648000000000e+09,-2.147483648000000000e+09,-2.147483648000000000e+09,-2.147483648000000000e+09,-2.147483648000000000e+09,-2.147483648000000000e+09,-2.147483648000000000e+09,-2.147483648000000000e+09,-2.147483648000000000e+09,-2.147483648000000000e+09,-2.147483648000000000e+09,-2.147483648000000000e+09,-2.147483648000000000e+09,-2.147483648000000000e+09,-2.147483648000000000e+09,-2.147483648000000000e+09,-2.147483648000000000e+09,-2.147483648000000000e+09,-2.147483648000000000e+09,-2.147483648000000000e+09
7.319546000000000000e+06,7.319547000000000000e+06,7.319548000000000000e+06,7.319549000000000000e+06,7.319550000000000000e+06,7.319551000000000000e+06,7.319552000000000000e+06,7.319553000000000000e+06,7.319554000000000000e+06,7.319555000000000000e+06,7.319556000000000000e+06,7.319557000000000000e+06,7.319558000000000000e+06,7.319559000000000000e+06,7.319560000000000000e+06,7.319561000000000000e+06,7.319562000000000000e+06,7.319563000000000000e+06,7.319564000000000000e+06,7.319565000000000000e+06,7.319566000000000000e+06,7.319567000000000000e+06,7.319568000000000000e+06,7.319569000000000000e+06,7.319570000000000000e+06,7.319571000000000000e+06,7.319572000000000000e+06,7.319573000000000000e+06,7.319574000000000000e+06,7.319575000000000000e+06,7.319576000000000000e+06,7.319577000000000000e+06,7.319578000000000000e+06,7.319579000000000000e+06,7.319580000000000000e+06,7.319581000000000000e+06,-2.147483648000000000e+09,-2.147483648000000000e+09,-2.147483648000000000e+09,-2.147483648000000000e+09,-2.147483648000000000e+09,-2.147483648000000000e+09,-2.147483648000000000e+09,-2.147483648000000000e+09,-2.147483648000000000e+09,-2.147483648000000000e+09,-2.147483648000000000e+09,-2.147483648000000000e+09,-2.147483648000000000e+09,-2.147483648000000000e+09,-2.147483648000000000e+09,-2.147483648000000000e+09,-2.147483648000000000e+09,-2.147483648000000000e+09,-2.147483648000000000e+09,-2.147483648000000000e+09,-2.147483648000000000e+09,-2.147483648000000000e+09,-2.147483648000000000e+09,-2.147483648000000000e+09,-2.147483648000000000e+09,-2.147483648000000000e+09,-2.147483648000000000e+09
