-2.147483648000000000e+09,-2.147483648000000000e+09,-2.147483648000000000e+09,-2.147483648000000000e+09,-2.147483648000000000e+09,-2.147483648000000000e+09,-2.147483648000000000e+09,-2.147483648000000000e+09,-2.147483648000000000e+09,-2.147483648000000000e+09,-2.147483648000000000e+09,-2.147483648000000000e+09,-2.147483648000000000e+09,-2.147483648000000000e+09,-2.147483648000000000e+09,-2.147483648000000000e+09,-2.147483648000000000e+09,-2.147483648000000000e+09,-2.147483648000000000e+09,-2.147483648000000000e+09,-2.147483648000000000e+09,-2.147483648000000000e+09,-2.147483648000000000e+09,-2.147483648000000000e+09,-2.147483648000000000e+09,-2.147483648000000000e+09,-2.147483648000000000e+09,-2.147483648000000000e+09,-2.147483648000000000e+09,-2.147483648000000000e+09,1.102064600000000000e+07,1.102064700000000000e+07,-2.147483648000000000e+09,-2.147483648000000000e+09,-2.147483648000000000e+09,-2.147483648000000000e+09,-2.147483648000000000e+09,-2.147483648000000000e+09,-2.147483648000000000e+09,-2.147483648000000000e+09,-2.147483648000000000e+09,-2.147483648000000000e+09,-2.147483648000000000e+09,-2.147483648000000000e+09,-2.147483648000000000e+09,-2.147483648000000000e+09,-2.147483648000000000e+09,-2.147483648000000000e+09,-2.147483648000000000e+09,-2.147483648000000000e+09,-2.147483648000000000e+09,-2.147483648000000000e+09,-2.147483648000000000e+09,-2.147483648000000000e+09
-2.147483648000000000e+09,-2.147483648000000000e+09,-2.147483648000000000e+09,-2.147483648000000000e+09,-2.147483648000000000e+09,-2.147483648000000000e+09,-2.147483648000000000e+09,-2.147483648000000000e+09,-2.147483648000000000e+09,-2.147483648000000000e+09,-2.147483648000000000e+09,-2.147483648000000000e+09,-2.147483648000000000e+09,-2.147483648000000000e+09,-2.147483648000000000e+09,-2.147483648000000000e+09,-2.147483648000000000e+09,-2.147483648000000000e+09,-2.147483648000000000e+09,-2.147483648000000000e+09,-2.147483648000000000e+09,-2.147483648000000000e+09,-2.147483648000000000e+09,-2.147483648000000000e+09,-2.147483648000000000e+09,-2.147483648000000000e+09,-2.147483648000000000e+09,1.102784300000000000e+07,1.102784400000000000e+07,1.102784500000000000e+07,1.102784600000000000e+07,1.102784700000000000e+07,1.102784800000000000e+07,-2.147483648000000000e+09,-2.147483648000000000e+09,-2.147483648000000000e+09,-2.147483648000000000e+09,-2.147483648000000000e+09,-2.147483648000000000e+09,-2.147483648000000000e+09,-2.147483648000000000e+09,-2.147483648000000000e+09,-2.147483648000000000e+09,-2.147483648000000000e+09,-2.147483648000000000e+09,-2.147483648000000000e+09,-2.147483648000000000e+09,-2.147483648000000000e+09,-2.147483648000000000e+09,-2.147483648000000000e+09,-2.147483648000000000e+09,-2.147483648000000000e+09,-2.147483648000000000e+09,-2.147483648000000000e+09
-2.147483648000000000e+09,-2.147483648000000000e+09,-2.147483648000000000e+09,-2.147483648000000000e+09,-2.147483648000000000e+09,-2.147483648000000000e+09,-2.147483648000000000e+09,-2.147483648000000000e+09,-2.147483648000000000e+09,-2.147483648000000000e+09,-2.147483648000000000e+09,-2.147483648000000000e+09,-2.147483648000000000e+09,-2.147483648000000000e+09,-2.147483648000000000e+09,-2.147483648000000000e+09,-2.147483648000000000e+09,-2.147483648000000000e+09,-2.147483648000000000e+09,-2.147483648000000000e+09,-2.147483648000000000e+09,-2.147483648000000000e+09,-2.147483648000000000e+09,-2.147483648000000000e+09,-2.147483648000000000e+09,1.103504100000000000e+07,1.103504200000000000e+07,1.103504300000000000e+07,1.103504400000000000e+07,1.103504500000000000e+07,1.103504600000000000e+07,1.103504700000000000e+07,-2.147483648000000000e+09,-2.147483648000000000e+09,-2.147483648000000000e+09,-2.147483648000000000e+09,-2.147483648000000000e+09,-2.147483648000000000e+09,-2.147483648000000000e+09,-2.147483648000000000e+09,-2.147483648000000000e+09,-2.147483648000000000e+09,-2.147483648000000000e+09,-2.147483648000000000e+09,-2.147483648000000000e+09,-2.147483648000000000e+09,-2.147483648000000000e+09,-2.147483648000000000e+09,-2.147483648000000000e+09,-2.147483648000000000e+09,-2.147483648000000000e+09,-2.147483648000000000e+09,-2.147483648000000000e+09,-2.147483648000000000e+09
-2.147483648000000000e+09,-2.147483648000000000e+09,-2.147483648000000000e+09,-2.147483648000000000e+09,-2.147483648000000000e+09,-2.147483648000000000e+09,-2.147483648000000000e+09,-2.147483648000000000e+09,-2.147483648000000000e+09,-2.147483648000000000e+09,-2.147483648000000000e+09,-2.147483648000000000e+09,-2.147483648000000000e+09,-2.147483648000000000e+09,-2.147483648000000000e+09,-2.147483648000000000e+09,-2.147483648000000000e+09,-2.147483648000000000e+09,-2.147483648000000000e+09,-2.147483648000000000e+09,-2.147483648000000000e+09,-2.147483648000000000e+09,-2.147483648000000000e+09,-2.147483648000000000e+09,1.104224000000000000e+07,1.104224100000000000e+07,1.104224200000000000e+07,1.104224300000000000e+07,1.104224400000000000e+07,1.104224500000000000e+07,1.104224600000000000e+07,1.104224700000000000e+07,-2.147483648000000000e+09,-2.147483648000000000e+09,-2.147483648000000000e+09,-2.147483648000000000e+09,-2.147483648000000000e+09,-2.147483648000000000e+09,-2.147483648000000000e+09,-2.147483648000000000e+09,-2.147483648000000000e+09,-2.147483648000000000e+09,-2.147483648000000000e+09,-2.147483648000000000e+09,-2.147483648000000000e+09,-2.147483648000000000e+09,-2.147483648000000000e+09,-2.147483648000000000e+09,-2.147483648000000000e+09,-2.147483648000000000e+09,-2.147483648000000000e+09,-2.147483648000000000e+09,-2.147483648000000000e+09,-2.147483648000000000e+09
-2.147483648000000000e+09,-2.147483648000000000e+09,-2.147483648000000000e+09,-2.147483648000000000e+09,-2.147483648000000000e+09,-2.147483648000000000e+09,-2.147483648000000000e+09,-2.147483648000000000e+09,-2.147483648000000000e+09,-2.147483648000000000e+09,-2.147483648000000000e+09,-2.147483648000000000e+09,-2.147483648000000000e+09,-2.147483648000000000e+09,-2.147483648000000000e+09,-2.147483648000000000e+09,-2.147483648000000000e+09,-2.147483648000000000e+09,-2.147483648000000000e+09,-2.147483648000000000e+09,-2.147483648000000000e+09,-2.147483648000000000e+09,-2.147483648000000000e+09,-2.147483648000000000e+09,1.104944000000000000e+07,1.104944100000000000e+07,1.104944200000000000e+07,1.104944300000000000e+07,1.104944400000000000e+07,1.104944500000000000e+07,1.104944600000000000e+07,1.104944700000000000e+07,1.104944800000000000e+07,-2.147483648000000000e+09,-2.147483648000000000e+09,-2.147483648000000000e+09,-2.147483648000000000e+09,-2.147483648000000000e+09,-2.147483648000000000e+09,-2.147483648000000000e+09,-2.147483648000000000e+09,-2.147483648000000000e+09,-2.147483648000000000e+09,-2.147483648000000000e+09,-2.147483648000000000e+09,-2.147483648000000000e+09,-2.147483648000000000e+09,-2.147483648000000000e+09,-2.147483648000000000e+09,-2.147483648000000000e+09,-2.147483648000000000e+09,-2.147483648000000000e+09,-2.147483648000000000e+09,-2.147483648000000000e+09
-2.147483648000000000e+09,-2.147483648000000000e+09,-2.147483648000000000e+09,-2.147483648000000000e+09,-2.147483648000000000e+09,-2.147483648000000000e+09,-2.147483648000000000e+09,-2.147483648000000000e+09,-2.147483648000000000e+09,-2.147483648000000000e+09,-2.147483648000000000e+09,-2.147483648000000000e+09,-2.147483648000000000e+09,-2.147483648000000000e+09,-2.147483648000000000e+09,-2.147483648000000000e+09,-2.147483648000000000e+09,-2.147483648000000000e+09,-2.147483648000000000e+09,-2.147483648000000000e+09,-2.147483648000000000e+09,1.105663700000000000e+07,1.105663800000000000e+07,1.105663900000000000e+07,1.105664000000000000e+07,1.105664100000000000e+07,1.105664200000000000e+07,1.105664300000000000e+07,1.105664400000000000e+07,1.105664500000000000e+07,1.105664600000000000e+07,1.105664700000000000e+07,1.105664800000000000e+07,-2.147483648000000000e+09,-2.147483648000000000e+09,-2.147483648000000000e+09,1.105665200000000000e+07,1.105665300000000000e+07,1.105665400000000000e+07,1.105665500000000000e+07,1.105665600000000000e+07,1.105665700000000000e+07,1.105665800000000000e+07,-2.147483648000000000e+09,-2.147483648000000000e+09,-2.147483648000000000e+09,-2.147483648000000000e+09,-2.147483648000000000e+09,-2.147483648000000000e+09,-2.147483648000000000e+09,-2.147483648000000000e+09,-2.147483648000000000e+09,-2.147483648000000000e+09,-2.147483648000000000e+09
-2.147483648000000000e+09,-2.147483648000000000e+09,-2.147483648000000000e+09,-2.147483648000000000e+09,-2.147483648000000000e+09,-2.147483648000000000e+09,-2.147483648000000000e+09,-2.147483648000000000e+09,-2.147483648000000000e+09,-2.147483648000000000e+09,-2.147483648000000000e+09,-2.147483648000000000e+09,-2.147483648000000000e+09,-2.147483648000000000e+09,-2.147483648000000000e+09,-2.147483648000000000e+09,-2.147483648000000000e+09,-2.147483648000000000e+09,-2.147483648000000000e+09,1.106383500000000000e+07,1.106383600000000000e+07,1.106383700000000000e+07,1.106383800000000000e+07,1.106383900000000000e+07,1.106384000000000000e+07,1.106384100000000000e+07,1.106384200000000000e+07,1.106384300000000000e+07,1.106384400000000000e+07,1.106384500000000000e+07,1.106384600000000000e+07,1.106384700000000000e+07,1.106384800000000000e+07,1.106384900000000000e+07,1.106385000000000000e+07,1.106385100000000000e+07,1.106385200000000000e+07,1.106385300000000000e+07,1.106385400000000000e+07,1.106385500000000000e+07,1.106385600000000000e+07,1.106385700000000000e+07,1.106385800000000000e+07,-2.147483648000000000e+09,-2.147483648000000000e+09,-2.147483648000000000e+09,-2.147483648000000000e+09,-2.147483648000000000e+09,-2.147483648000000000e+09,-2.147483648000000000e+09,-2.147483648000000000e+09,-2.147483648000000000e+09,-2.147483648000000000e+09,1.106386900000000000e+07
-2.147483648000000000e+09,-2.147483648000000000e+09,-2.147483648000000000e+09,-2.147483648000000000e+09,-2.147483648000000000e+09,-2.147483648000000000e+09,-2.147483648000000000e+09,-2.147483648000000000e+09,-2.147483648000000000e+09,-2.147483648000000000e+09,-2.147483648000000000e+09,-2.147483648000000000e+09,-2.147483648000000000e+09,-2.147483648000000000e+09,-2.147483648000000000e+09,-2.147483648000000000e+09,1.107103200000000000e+07,1.107103300000000000e+07,1.107103400000000000e+07,1.107103500000000000e+07,1.107103600000000000e+07,1.107103700000000000e+07,1.107103800000000000e+07,1.107103900000000000e+07,1.107104000000000000e+07,1.107104100000000000e+07,1.107104200000000000e+07,1.107104300000000000e+07,1.107104400000000000e+07,1.107104500000000000e+07,1.107104600000000000e+07,1.107104700000000000e+07,1.107104800000000000e+07,1.107104900000000000e+07,1.107105000000000000e+07,1.107105100000000000e+07,1.107105200000000000e+07,1.107105300000000000e+07,1.107105400000000000e+07,1.107105500000000000e+07,1.107105600000000000e+07,1.107105700000000000e+07,1.107105800000000000e+07,-2.147483648000000000e+09,-2.147483648000000000e+09,-2.147483648000000000e+09,-2.147483648000000000e+09,-2.147483648000000000e+09,-2.147483648000000000e+09,-2.147483648000000000e+09,-2.147483648000000000e+09,-2.147483648000000000e+09,1.107106800000000000e+07,1.107106900000000000e+07
-2.147483648000000000e+09,-2.147483648000000000e+09,-2.147483648000000000e+09,-2.147483648000000000e+09,-2.147483648000000000e+09,-2.147483648000000000e+09,-2.147483648000000000e+09,-2.147483648000000000e+09,-2.147483648000000000e+09,-2.147483648000000000e+09,-2.147483648000000000e+09,-2.147483648000000000e+09,-2.147483648000000000e+09,-2.147483648000000000e+09,-2.147483648000000000e+09,1.107823100000000000e+07,1.107823200000000000e+07,1.107823300000000000e+07,1.107823400000000000e+07,1.107823500000000000e+07,1.107823600000000000e+07,1.107823700000000000e+07,1.107823800000000000e+07,1.107823900000000000e+07,1.107824000000000000e+07,1.107824100000000000e+07,1.107824200000000000e+07,1.107824300000000000e+07,1.107824400000000000e+07,1.107824500000000000e+07,1.107824600000000000e+07,1.107824700000000000e+07,1.107824800000000000e+07,1.107824900000000000e+07,1.107825000000000000e+07,1.107825100000000000e+07,1.107825200000000000e+07,1.107825300000000000e+07,1.107825400000000000e+07,1.107825500000000000e+07,1.107825600000000000e+07,1.107825700000000000e+07,1.107825800000000000e+07,-2.147483648000000000e+09,-2.147483648000000000e+09,-2.147483648000000000e+09,-2.147483648000000000e+09,-2.147483648000000000e+09,-2.147483648000000000e+09,-2.147483648000000000e+09,-2.147483648000000000e+09,1.107826700000000000e+07,1.107826800000000000e+07,1.107826900000000000e+07
-2.147483648000000000e+09,-2.147483648000000000e+09,-2.147483648000000000e+09,-2.147483648000000000e+09,-2.147483648000000000e+09,-2.147483648000000000e+09,-2.147483648000000000e+09,-2.147483648000000000e+09,-2.147483648000000000e+09,-2.147483648000000000e+09,-2.147483648000000000e+09,-2.147483648000000000e+09,-2.147483648000000000e+09,1.108542900000000000e+07,1.108543000000000000e+07,1.108543100000000000e+07,1.108543200000000000e+07,1.108543300000000000e+07,1.108543400000000000e+07,1.108543500000000000e+07,1.108543600000000000e+07,1.108543700000000000e+07,1.108543800000000000e+07,1.108543900000000000e+07,1.108544000000000000e+07,1.108544100000000000e+07,1.108544200000000000e+07,1.108544300000000000e+07,1.108544400000000000e+07,1.108544500000000000e+07,1.108544600000000000e+07,1.108544700000000000e+07,1.108544800000000000e+07,1.108544900000000000e+07,1.108545000000000000e+07,1.108545100000000000e+07,1.108545200000000000e+07,1.108545300000000000e+07,1.108545400000000000e+07,1.108545500000000000e+07,1.108545600000000000e+07,1.108545700000000000e+07,1.108545800000000000e+07,-2.147483648000000000e+09,-2.147483648000000000e+09,-2.147483648000000000e+09,-2.147483648000000000e+09,-2.147483648000000000e+09,-2.147483648000000000e+09,-2.147483648000000000e+09,1.108546600000000000e+07,1.108546700000000000e+07,1.108546800000000000e+07,-2.147483648000000000e+09
-2.147483648000000000e+09,-2.147483648000000000e+09,-2.147483648000000000e+09,-2.147483648000000000e+09,-2.147483648000000000e+09,-2.147483648000000000e+09,-2.147483648000000000e+09,-2.147483648000000000e+09,-2.147483648000000000e+09,-2.147483648000000000e+09,-2.147483648000000000e+09,1.109262700000000000e+07,1.109262800000000000e+07,1.109262900000000000e+07,1.109263000000000000e+07,1.109263100000000000e+07,1.109263200000000000e+07,1.109263300000000000e+07,1.109263400000000000e+07,1.109263500000000000e+07,1.109263600000000000e+07,1.109263700000000000e+07,1.109263800000000000e+07,1.109263900000000000e+07,1.109264000000000000e+07,1.109264100000000000e+07,1.109264200000000000e+07,1.109264300000000000e+07,1.109264400000000000e+07,1.109264500000000000e+07,1.109264600000000000e+07,1.109264700000000000e+07,1.109264800000000000e+07,1.109264900000000000e+07,1.109265000000000000e+07,1.109265100000000000e+07,1.109265200000000000e+07,1.109265300000000000e+07,1.109265400000000000e+07,1.109265500000000000e+07,1.109265600000000000e+07,1.109265700000000000e+07,1.109265800000000000e+07,1.109265900000000000e+07,-2.147483648000000000e+09,-2.147483648000000000e+09,-2.147483648000000000e+09,-2.147483648000000000e+09,1.109266400000000000e+07,1.109266500000000000e+07,1.109266600000000000e+07,1.109266700000000000e+07,-2.147483648000000000e+09,-2.147483648000000000e+09
-2.147483648000000000e+09,-2.147483648000000000e+09,-2.147483648000000000e+09,-2.147483648000000000e+09,-2.147483648000000000e+09,-2.147483648000000000e+09,-2.147483648000000000e+09,-2.147483648000000000e+09,-2.147483648000000000e+09,1.109982500000000000e+07,1.109982600000000000e+07,1.109982700000000000e+07,1.109982800000000000e+07,1.109982900000000000e+07,1.109983000000000000e+07,1.109983100000000000e+07,1.109983200000000000e+07,1.109983300000000000e+07,1.109983400000000000e+07,1.109983500000000000e+07,1.109983600000000000e+07,1.109983700000000000e+07,1.109983800000000000e+07,1.109983900000000000e+07,1.109984000000000000e+07,1.109984100000000000e+07,1.109984200000000000e+07,1.109984300000000000e+07,1.109984400000000000e+07,1.109984500000000000e+07,1.109984600000000000e+07,1.109984700000000000e+07,1.109984800000000000e+07,1.109984900000000000e+07,1.109985000000000000e+07,1.109985100000000000e+07,1.109985200000000000e+07,1.109985300000000000e+07,1.109985400000000000e+07,1.109985500000000000e+07,1.109985600000000000e+07,1.109985700000000000e+07,1.109985800000000000e+07,-2.147483648000000000e+09,-2.147483648000000000e+09,-2.147483648000000000e+09,-2.147483648000000000e+09,1.109986300000000000e+07,1.109986400000000000e+07,1.109986500000000000e+07,1.109986600000000000e+07,-2.147483648000000000e+09,-2.147483648000000000e+09,-2.147483648000000000e+09
-2.147483648000000000e+09,-2.147483648000000000e+09,-2.147483648000000000e+09,-2.147483648000000000e+09,-2.147483648000000000e+09,-2.147483648000000000e+09,-2.147483648000000000e+09,-2.147483648000000000e+09,1.110702400000000000e+07,1.110702500000000000e+07,1.110702600000000000e+07,1.110702700000000000e+07,1.110702800000000000e+07,1.110702900000000000e+07,1.110703000000000000e+07,1.110703100000000000e+07,1.110703200000000000e+07,1.110703300000000000e+07,1.110703400000000000e+07,1.110703500000000000e+07,1.110703600000000000e+07,1.110703700000000000e+07,1.110703800000000000e+07,1.110703900000000000e+07,1.110704000000000000e+07,1.110704100000000000e+07,1.110704200000000000e+07,1.110704300000000000e+07,1.110704400000000000e+07,1.110704500000000000e+07,1.110704600000000000e+07,1.110704700000000000e+07,1.110704800000000000e+07,1.110704900000000000e+07,1.110705000000000000e+07,1.110705100000000000e+07,1.110705200000000000e+07,1.110705300000000000e+07,1.110705400000000000e+07,1.110705500000000000e+07,1.110705600000000000e+07,1.110705700000000000e+07,1.110705800000000000e+07,1.110705900000000000e+07,-2.147483648000000000e+09,1.110706100000000000e+07,1.110706200000000000e+07,1.110706300000000000e+07,1.110706400000000000e+07,1.110706500000000000e+07,-2.147483648000000000e+09,-2.147483648000000000e+09,-2.147483648000000000e+09,-2.147483648000000000e+09
-2.147483648000000000e+09,-2.147483648000000000e+09,-2.147483648000000000e+09,-2.147483648000000000e+09,-2.147483648000000000e+09,-2.147483648000000000e+09,1.111422200000000000e+07,1.111422300000000000e+07,1.111422400000000000e+07,1.111422500000000000e+07,1.111422600000000000e+07,1.111422700000000000e+07,1.111422800000000000e+07,1.111422900000000000e+07,1.111423000000000000e+07,1.111423100000000000e+07,1.111423200000000000e+07,1.111423300000000000e+07,1.111423400000000000e+07,1.111423500000000000e+07,1.111423600000000000e+07,1.111423700000000000e+07,1.111423800000000000e+07,1.111423900000000000e+07,1.111424000000000000e+07,1.111424100000000000e+07,1.111424200000000000e+07,1.111424300000000000e+07,1.111424400000000000e+07,1.111424500000000000e+07,1.111424600000000000e+07,1.111424700000000000e+07,1.111424800000000000e+07,1.111424900000000000e+07,1.111425000000000000e+07,1.111425100000000000e+07,1.111425200000000000e+07,1.111425300000000000e+07,1.111425400000000000e+07,1.111425500000000000e+07,1.111425600000000000e+07,1.111425700000000000e+07,1.111425800000000000e+07,1.111425900000000000e+07,1.111426000000000000e+07,1.111426100000000000e+07,1.111426200000000000e+07,1.111426300000000000e+07,1.111426400000000000e+07,-2.147483648000000000e+09,-2.147483648000000000e+09,-2.147483648000000000e+09,-2.147483648000000000e+09,-2.147483648000000000e+09
-2.147483648000000000e+09,-2.147483648000000000e+09,-2.147483648000000000e+09,-2.147483648000000000e+09,1.112142000000000000e+07,1.112142100000000000e+07,1.112142200000000000e+07,1.112142300000000000e+07,1.112142400000000000e+07,1.112142500000000000e+07,1.112142600000000000e+07,1.112142700000000000e+07,1.112142800000000000e+07,1.112142900000000000e+07,1.112143000000000000e+07,1.112143100000000000e+07,1.112143200000000000e+07,1.112143300000000000e+07,1.112143400000000000e+07,1.112143500000000000e+07,1.112143600000000000e+07,1.112143700000000000e+07,1.112143800000000000e+07,1.112143900000000000e+07,1.112144000000000000e+07,1.112144100000000000e+07,1.112144200000000000e+07,1.112144300000000000e+07,1.112144400000000000e+07,1.112144500000000000e+07,1.112144600000000000e+07,1.112144700000000000e+07,1.112144800000000000e+07,1.112144900000000000e+07,1.112145000000000000e+07,1.112145100000000000e+07,1.112145200000000000e+07,1.112145300000000000e+07,1.112145400000000000e+07,1.112145500000000000e+07,1.112145600000000000e+07,1.112145700000000000e+07,1.112145800000000000e+07,1.112145900000000000e+07,1.112146000000000000e+07,1.112146100000000000e+07,1.112146200000000000e+07,1.112146300000000000e+07,-2.147483648000000000e+09,-2.147483648000000000e+09,-2.147483648000000000e+09,-2.147483648000000000e+09,-2.147483648000000000e+09,-2.147483648000000000e+09
-2.147483648000000000e+09,-2.147483648000000000e+09,1.112861800000000000e+07,1.112861900000000000e+07,1.112862000000000000e+07,1.112862100000000000e+07,1.112862200000000000e+07,1.112862300000000000e+07,1.112862400000000000e+07,1.112862500000000000e+07,1.112862600000000000e+07,1.112862700000000000e+07,1.112862800000000000e+07,1.112862900000000000e+07,1.112863000000000000e+07,1.112863100000000000e+07,1.112863200000000000e+07,1.112863300000000000e+07,1.112863400000000000e+07,1.112863500000000000e+07,1.112863600000000000e+07,1.112863700000000000e+07,1.112863800000000000e+07,1.112863900000000000e+07,1.112864000000000000e+07,1.112864100000000000e+07,1.112864200000000000e+07,1.112864300000000000e+07,1.112864400000000000e+07,1.112864500000000000e+07,1.112864600000000000e+07,1.112864700000000000e+07,1.112864800000000000e+07,1.112864900000000000e+07,1.112865000000000000e+07,1.112865100000000000e+07,1.112865200000000000e+07,1.112865300000000000e+07,1.112865400000000000e+07,1.112865500000000000e+07,1.112865600000000000e+07,1.112865700000000000e+07,1.112865800000000000e+07,1.112865900000000000e+07,1.112866000000000000e+07,1.112866100000000000e+07,1.112866200000000000e+07,-2.147483648000000000e+09,-2.147483648000000000e+09,-2.147483648000000000e+09,-2.147483648000000000e+09,-2.147483648000000000e+09,-2.147483648000000000e+09,-2.147483648000000000e+09
-2.147483648000000000e+09,1.113581700000000000e+07,1.113581800000000000e+07,1.113581900000000000e+07,1.113582000000000000e+07,1.113582100000000000e+07,1.113582200000000000e+07,1.113582300000000000e+07,1.113582400000000000e+07,1.113582500000000000e+07,1.113582600000000000e+07,1.113582700000000000e+07,1.113582800000000000e+07,1.113582900000000000e+07,1.113583000000000000e+07,1.113583100000000000e+07,1.113583200000000000e+07,1.113583300000000000e+07,1.113583400000000000e+07,1.113583500000000000e+07,1.113583600000000000e+07,1.113583700000000000e+07,1.113583800000000000e+07,1.113583900000000000e+07,1.113584000000000000e+07,1.113584100000000000e+07,1.113584200000000000e+07,1.113584300000000000e+07,1.113584400000000000e+07,1.113584500000000000e+07,1.113584600000000000e+07,1.113584700000000000e+07,1.113584800000000000e+07,1.113584900000000000e+07,1.113585000000000000e+07,1.113585100000000000e+07,1.113585200000000000e+07,1.113585300000000000e+07,1.113585400000000000e+07,1.113585500000000000e+07,1.113585600000000000e+07,1.113585700000000000e+07,1.113585800000000000e+07,1.113585900000000000e+07,1.113586000000000000e+07,1.113586100000000000e+07,-2.147483648000000000e+09,-2.147483648000000000e+09,-2.147483648000000000e+09,-2.147483648000000000e+09,-2.147483648000000000e+09,-2.147483648000000000e+09,-2.147483648000000000e+09,-2.147483648000000000e+09
1.114301600000000000e+07,1.114301700000000000e+07,1.114301800000000000e+07,1.114301900000000000e+07,1.114302000000000000e+07,1.114302100000000000e+07,1.114302200000000000e+07,1.114302300000000000e+07,1.114302400000000000e+07,1.114302500000000000e+07,1.114302600000000000e+07,1.114302700000000000e+07,1.114302800000000000e+07,1.114302900000000000e+07,1.114303000000000000e+07,1.114303100000000000e+07,1.114303200000000000e+07,1.114303300000000000e+07,1.114303400000000000e+07,1.114303500000000000e+07,1.114303600000000000e+07,1.114303700000000000e+07,1.114303800000000000e+07,1.114303900000000000e+07,1.114304000000000000e+07,1.114304100000000000e+07,1.114304200000000000e+07,1.114304300000000000e+07,1.114304400000000000e+07,1.114304500000000000e+07,1.114304600000000000e+07,1.114304700000000000e+07,1.114304800000000000e+07,1.114304900000000000e+07,1.114305000000000000e+07,1.114305100000000000e+07,1.114305200000000000e+07,1.114305300000000000e+07,1.114305400000000000e+07,1.114305500000000000e+07,1.114305600000000000e+07,1.114305700000000000e+07,1.114305800000000000e+07,1.114305900000000000e+07,1.114306000000000000e+07,1.114306100000000000e+07,-2.147483648000000000e+09,-2.147483648000000000e+09,-2.147483648000000000e+09,-2.147483648000000000e+09,-2.147483648000000000e+09,-2.147483648000000000e+09,-2.147483648000000000e+09,-2.147483648000000000e+09
-2.147483648000000000e+09,-2.147483648000000000e+09,-2.147483648000000000e+09,1.115021900000000000e+07,1.115022000000000000e+07,1.115022100000000000e+07,1.115022200000000000e+07,1.115022300000000000e+07,1.115022400000000000e+07,1.115022500000000000e+07,1.115022600000000000e+07,1.115022700000000000e+07,1.115022800000000000e+07,1.115022900000000000e+07,1.115023000000000000e+07,1.115023100000000000e+07,1.115023200000000000e+07,1.115023300000000000e+07,1.115023400000000000e+07,1.115023500000000000e+07,1.115023600000000000e+07,1.115023700000000000e+07,1.115023800000000000e+07,1.115023900000000000e+07,1.115024000000000000e+07,1.115024100000000000e+07,1.115024200000000000e+07,1.115024300000000000e+07,1.115024400000000000e+07,1.115024500000000000e+07,1.115024600000000000e+07,1.115024700000000000e+07,1.115024800000000000e+07,1.115024900000000000e+07,1.115025000000000000e+07,1.115025100000000000e+07,1.115025200000000000e+07,1.115025300000000000e+07,1.115025400000000000e+07,1.115025500000000000e+07,1.115025600000000000e+07,1.115025700000000000e+07,1.115025800000000000e+07,1.115025900000000000e+07,-2.147483648000000000e+09,-2.147483648000000000e+09,-2.147483648000000000e+09,-2.147483648000000000e+09,-2.147483648000000000e+09,-2.147483648000000000e+09,-2.147483648000000000e+09,-2.147483648000000000e+09,-2.147483648000000000e+09,-2.147483648000000000e+09
-2.147483648000000000e+09,-2.147483648000000000e+09,-2.147483648000000000e+09,1.115741900000000000e+07,1.115742000000000000e+07,1.115742100000000000e+07,1.115742200000000000e+07,1.115742300000000000e+07,1.115742400000000000e+07,1.115742500000000000e+07,1.115742600000000000e+07,1.115742700000000000e+07,1.115742800000000000e+07,1.115742900000000000e+07,1.115743000000000000e+07,1.115743100000000000e+07,1.115743200000000000e+07,1.115743300000000000e+07,1.115743400000000000e+07,1.115743500000000000e+07,1.115743600000000000e+07,1.115743700000000000e+07,1.115743800000000000e+07,1.115743900000000000e+07,1.115744000000000000e+07,1.115744100000000000e+07,1.115744200000000000e+07,1.115744300000000000e+07,1.115744400000000000e+07,1.115744500000000000e+07,1.115744600000000000e+07,1.115744700000000000e+07,1.115744800000000000e+07,1.115744900000000000e+07,1.115745000000000000e+07,1.115745100000000000e+07,1.115745200000000000e+07,1.115745300000000000e+07,1.115745400000000000e+07,1.115745500000000000e+07,1.115745600000000000e+07,1.115745700000000000e+07,1.115745800000000000e+07,-2.147483648000000000e+09,-2.147483648000000000e+09,-2.147483648000000000e+09,-2.147483648000000000e+09,-2.147483648000000000e+09,-2.147483648000000000e+09,-2.147483648000000000e+09,-2.147483648000000000e+09,-2.147483648000000000e+09,-2.147483648000000000e+09,-2.147483648000000000e+09
-2.147483648000000000e+09,-2.147483648000000000e+09,-2.147483648000000000e+09,-2.147483648000000000e+09,-2.147483648000000000e+09,1.116462100000000000e+07,1.116462200000000000e+07,1.116462300000000000e+07,1.116462400000000000e+07,1.116462500000000000e+07,1.116462600000000000e+07,1.116462700000000000e+07,1.116462800000000000e+07,1.116462900000000000e+07,1.116463000000000000e+07,1.116463100000000000e+07,1.116463200000000000e+07,1.116463300000000000e+07,1.116463400000000000e+07,1.116463500000000000e+07,1.116463600000000000e+07,1.116463700000000000e+07,1.116463800000000000e+07,1.116463900000000000e+07,1.116464000000000000e+07,1.116464100000000000e+07,1.116464200000000000e+07,1.116464300000000000e+07,1.116464400000000000e+07,1.116464500000000000e+07,1.116464600000000000e+07,1.116464700000000000e+07,1.116464800000000000e+07,1.116464900000000000e+07,1.116465000000000000e+07,1.116465100000000000e+07,1.116465200000000000e+07,1.116465300000000000e+07,1.116465400000000000e+07,1.116465500000000000e+07,1.116465600000000000e+07,1.116465700000000000e+07,-2.147483648000000000e+09,-2.147483648000000000e+09,-2.147483648000000000e+09,-2.147483648000000000e+09,-2.147483648000000000e+09,-2.147483648000000000e+09,-2.147483648000000000e+09,-2.147483648000000000e+09,-2.147483648000000000e+09,-2.147483648000000000e+09,-2.147483648000000000e+09,-2.147483648000000000e+09
-2.147483648000000000e+09,-2.147483648000000000e+09,-2.147483648000000000e+09,-2.147483648000000000e+09,1.117182000000000000e+07,1.117182100000000000e+07,1.117182200000000000e+07,1.117182300000000000e+07,1.117182400000000000e+07,1.117182500000000000e+07,1.117182600000000000e+07,1.117182700000000000e+07,1.117182800000000000e+07,1.117182900000000000e+07,1.117183000000000000e+07,1.117183100000000000e+07,1.117183200000000000e+07,1.117183300000000000e+07,1.117183400000000000e+07,1.117183500000000000e+07,1.117183600000000000e+07,1.117183700000000000e+07,1.117183800000000000e+07,1.117183900000000000e+07,1.117184000000000000e+07,1.117184100000000000e+07,1.117184200000000000e+07,1.117184300000000000e+07,1.117184400000000000e+07,1.117184500000000000e+07,1.117184600000000000e+07,1.117184700000000000e+07,1.117184800000000000e+07,1.117184900000000000e+07,1.117185000000000000e+07,1.117185100000000000e+07,1.117185200000000000e+07,1.117185300000000000e+07,1.117185400000000000e+07,1.117185500000000000e+07,1.117185600000000000e+07,-2.147483648000000000e+09,-2.147483648000000000e+09,-2.147483648000000000e+09,-2.147483648000000000e+09,-2.147483648000000000e+09,-2.147483648000000000e+09,-2.147483648000000000e+09,-2.147483648000000000e+09,-2.147483648000000000e+09,-2.147483648000000000e+09,-2.147483648000000000e+09,-2.147483648000000000e+09,-2.147483648000000000e+09
-2.147483648000000000e+09,-2.147483648000000000e+09,-2.147483648000000000e+09,-2.147483648000000000e+09,-2.147483648000000000e+09,1.117902100000000000e+07,1.117902200000000000e+07,-2.147483648000000000e+09,1.117902400000000000e+07,1.117902500000000000e+07,1.117902600000000000e+07,1.117902700000000000e+07,1.117902800000000000e+07,1.117902900000000000e+07,1.117903000000000000e+07,1.117903100000000000e+07,1.117903200000000000e+07,1.117903300000000000e+07,1.117903400000000000e+07,1.117903500000000000e+07,1.117903600000000000e+07,1.117903700000000000e+07,1.117903800000000000e+07,1.117903900000000000e+07,1.117904000000000000e+07,1.117904100000000000e+07,1.117904200000000000e+07,1.117904300000000000e+07,1.117904400000000000e+07,1.117904500000000000e+07,1.117904600000000000e+07,1.117904700000000000e+07,1.117904800000000000e+07,1.117904900000000000e+07,1.117905000000000000e+07,1.117905100000000000e+07,1.117905200000000000e+07,1.117905300000000000e+07,1.117905400000000000e+07,-2.147483648000000000e+09,-2.147483648000000000e+09,-2.147483648000000000e+09,-2.147483648000000000e+09,-2.147483648000000000e+09,-2.147483648000000000e+09,-2.147483648000000000e+09,-2.147483648000000000e+09,-2.147483648000000000e+09,-2.147483648000000000e+09,-2.147483648000000000e+09,-2.147483648000000000e+09,-2.147483648000000000e+09,-2.147483648000000000e+09,-2.147483648000000000e+09
-2.147483648000000000e+09,-2.147483648000000000e+09,-2.147483648000000000e+09,-2.147483648000000000e+09,-2.147483648000000000e+09,-2.147483648000000000e+09,-2.147483648000000000e+09,-2.147483648000000000e+09,-2.147483648000000000e+09,1.118622500000000000e+07,1.118622600000000000e+07,1.118622700000000000e+07,1.118622800000000000e+07,1.118622900000000000e+07,1.118623000000000000e+07,1.118623100000000000e+07,1.118623200000000000e+07,1.118623300000000000e+07,1.118623400000000000e+07,1.118623500000000000e+07,1.118623600000000000e+07,1.118623700000000000e+07,1.118623800000000000e+07,1.118623900000000000e+07,1.118624000000000000e+07,1.118624100000000000e+07,1.118624200000000000e+07,1.118624300000000000e+07,1.118624400000000000e+07,1.118624500000000000e+07,1.118624600000000000e+07,1.118624700000000000e+07,1.118624800000000000e+07,1.118624900000000000e+07,1.118625000000000000e+07,1.118625100000000000e+07,1.118625200000000000e+07,1.118625300000000000e+07,-2.147483648000000000e+09,-2.147483648000000000e+09,-2.147483648000000000e+09,-2.147483648000000000e+09,-2.147483648000000000e+09,-2.147483648000000000e+09,-2.147483648000000000e+09,-2.147483648000000000e+09,-2.147483648000000000e+09,-2.147483648000000000e+09,-2.147483648000000000e+09,-2.147483648000000000e+09,-2.147483648000000000e+09,-2.147483648000000000e+09,-2.147483648000000000e+09,-2.147483648000000000e+09
-2.147483648000000000e+09,-2.147483648000000000e+09,-2.147483648000000000e+09,-2.147483648000000000e+09,-2.147483648000000000e+09,-2.147483648000000000e+09,-2.147483648000000000e+09,-2.147483648000000000e+09,-2.147483648000000000e+09,-2.147483648000000000e+09,-2.147483648000000000e+09,-2.147483648000000000e+09,-2.147483648000000000e+09,1.119342900000000000e+07,1.119343000000000000e+07,1.119343100000000000e+07,1.119343200000000000e+07,1.119343300000000000e+07,1.119343400000000000e+07,1.119343500000000000e+07,1.119343600000000000e+07,1.119343700000000000e+07,1.119343800000000000e+07,1.119343900000000000e+07,1.119344000000000000e+07,1.119344100000000000e+07,1.119344200000000000e+07,1.119344300000000000e+07,1.119344400000000000e+07,1.119344500000000000e+07,1.119344600000000000e+07,1.119344700000000000e+07,1.119344800000000000e+07,1.119344900000000000e+07,1.119345000000000000e+07,-2.147483648000000000e+09,-2.147483648000000000e+09,-2.147483648000000000e+09,-2.147483648000000000e+09,-2.147483648000000000e+09,-2.147483648000000000e+09,-2.147483648000000000e+09,-2.147483648000000000e+09,-2.147483648000000000e+09,-2.147483648000000000e+09,-2.147483648000000000e+09,-2.147483648000000000e+09,-2.147483648000000000e+09,-2.147483648000000000e+09,-2.147483648000000000e+09,-2.147483648000000000e+09,-2.147483648000000000e+09,-2.147483648000000000e+09,-2.147483648000000000e+09
-2.147483648000000000e+09,-2.147483648000000000e+09,-2.147483648000000000e+09,-2.147483648000000000e+09,-2.147483648000000000e+09,-2.147483648000000000e+09,-2.147483648000000000e+09,-2.147483648000000000e+09,-2.147483648000000000e+09,-2.147483648000000000e+09,-2.147483648000000000e+09,1.120062700000000000e+07,1.120062800000000000e+07,1.120062900000000000e+07,1.120063000000000000e+07,1.120063100000000000e+07,1.120063200000000000e+07,1.120063300000000000e+07,1.120063400000000000e+07,1.120063500000000000e+07,1.120063600000000000e+07,1.120063700000000000e+07,1.120063800000000000e+07,1.120063900000000000e+07,1.120064000000000000e+07,1.120064100000000000e+07,1.120064200000000000e+07,1.120064300000000000e+07,1.120064400000000000e+07,1.120064500000000000e+07,1.120064600000000000e+07,1.120064700000000000e+07,-2.147483648000000000e+09,-2.147483648000000000e+09,-2.147483648000000000e+09,-2.147483648000000000e+09,-2.147483648000000000e+09,-2.147483648000000000e+09,-2.147483648000000000e+09,-2.147483648000000000e+09,-2.147483648000000000e+09,-2.147483648000000000e+09,-2.147483648000000000e+09,-2.147483648000000000e+09,-2.147483648000000000e+09,-2.147483648000000000e+09,-2.147483648000000000e+09,-2.147483648000000000e+09,-2.147483648000000000e+09,-2.147483648000000000e+09,-2.147483648000000000e+09,-2.147483648000000000e+09,-2.147483648000000000e+09,-2.147483648000000000e+09
-2.147483648000000000e+09,-2.147483648000000000e+09,-2.147483648000000000e+09,-2.147483648000000000e+09,-2.147483648000000000e+09,-2.147483648000000000e+09,-2.147483648000000000e+09,-2.147483648000000000e+09,-2.147483648000000000e+09,-2.147483648000000000e+09,-2.147483648000000000e+09,1.120782700000000000e+07,1.120782800000000000e+07,1.120782900000000000e+07,1.120783000000000000e+07,1.120783100000000000e+07,1.120783200000000000e+07,1.120783300000000000e+07,1.120783400000000000e+07,1.120783500000000000e+07,1.120783600000000000e+07,1.120783700000000000e+07,1.120783800000000000e+07,1.120783900000000000e+07,1.120784000000000000e+07,1.120784100000000000e+07,1.120784200000000000e+07,1.120784300000000000e+07,1.120784400000000000e+07,-2.147483648000000000e+09,-2.147483648000000000e+09,-2.147483648000000000e+09,-2.147483648000000000e+09,-2.147483648000000000e+09,-2.147483648000000000e+09,-2.147483648000000000e+09,-2.147483648000000000e+09,-2.147483648000000000e+09,-2.147483648000000000e+09,-2.147483648000000000e+09,-2.147483648000000000e+09,-2.147483648000000000e+09,-2.147483648000000000e+09,-2.147483648000000000e+09,-2.147483648000000000e+09,-2.147483648000000000e+09,-2.147483648000000000e+09,-2.147483648000000000e+09,-2.147483648000000000e+09,-2.147483648000000000e+09,-2.147483648000000000e+09,-2.147483648000000000e+09,-2.147483648000000000e+09,-2.147483648000000000e+09
-2.147483648000000000e+09,-2.147483648000000000e+09,-2.147483648000000000e+09,-2.147483648000000000e+09,-2.147483648000000000e+09,-2.147483648000000000e+09,-2.147483648000000000e+09,-2.147483648000000000e+09,-2.147483648000000000e+09,-2.147483648000000000e+09,1.121502600000000000e+07,1.121502700000000000e+07,1.121502800000000000e+07,1.121502900000000000e+07,1.121503000000000000e+07,1.121503100000000000e+07,1.121503200000000000e+07,1.121503300000000000e+07,1.121503400000000000e+07,1.121503500000000000e+07,1.121503600000000000e+07,1.121503700000000000e+07,1.121503800000000000e+07,1.121503900000000000e+07,1.121504000000000000e+07,1.121504100000000000e+07,1.121504200000000000e+07,-2.147483648000000000e+09,-2.147483648000000000e+09,-2.147483648000000000e+09,-2.147483648000000000e+09,-2.147483648000000000e+09,-2.147483648000000000e+09,-2.147483648000000000e+09,-2.147483648000000000e+09,-2.147483648000000000e+09,-2.147483648000000000e+09,-2.147483648000000000e+09,-2.147483648000000000e+09,-2.147483648000000000e+09,-2.147483648000000000e+09,-2.147483648000000000e+09,-2.147483648000000000e+09,-2.147483648000000000e+09,-2.147483648000000000e+09,-2.147483648000000000e+09,-2.147483648000000000e+09,-2.147483648000000000e+09,-2.147483648000000000e+09,-2.147483648000000000e+09,-2.147483648000000000e+09,-2.147483648000000000e+09,-2.147483648000000000e+09,-2.147483648000000000e+09
-2.147483648000000000e+09,-2.147483648000000000e+09,-2.147483648000000000e+09,-2.147483648000000000e+09,-2.147483648000000000e+09,-2.147483648000000000e+09,-2.147483648000000000e+09,-2.147483648000000000e+09,-2.147483648000000000e+09,1.122222500000000000e+07,1.122222600000000000e+07,1.122222700000000000e+07,1.122222800000000000e+07,1.122222900000000000e+07,1.122223000000000000e+07,1.122223100000000000e+07,1.122223200000000000e+07,1.122223300000000000e+07,1.122223400000000000e+07,1.122223500000000000e+07,1.122223600000000000e+07,1.122223700000000000e+07,1.122223800000000000e+07,1.122223900000000000e+07,-2.147483648000000000e+09,-2.147483648000000000e+09,-2.147483648000000000e+09,-2.147483648000000000e+09,-2.147483648000000000e+09,-2.147483648000000000e+09,-2.147483648000000000e+09,-2.147483648000000000e+09,-2.147483648000000000e+09,-2.147483648000000000e+09,-2.147483648000000000e+09,-2.147483648000000000e+09,-2.147483648000000000e+09,-2.147483648000000000e+09,-2.147483648000000000e+09,-2.147483648000000000e+09,-2.147483648000000000e+09,-2.147483648000000000e+09,-2.147483648000000000e+09,-2.147483648000000000e+09,-2.147483648000000000e+09,-2.147483648000000000e+09,-2.147483648000000000e+09,-2.147483648000000000e+09,-2.147483648000000000e+09,-2.147483648000000000e+09,-2.147483648000000000e+09,-2.147483648000000000e+09,-2.147483648000000000e+09,-2.147483648000000000e+09
-2.147483648000000000e+09,-2.147483648000000000e+09,-2.147483648000000000e+09,-2.147483648000000000e+09,-2.147483648000000000e+09,-2.147483648000000000e+09,-2.147483648000000000e+09,-2.147483648000000000e+09,1.122942400000000000e+07,1.122942500000000000e+07,1.122942600000000000e+07,1.122942700000000000e+07,1.122942800000000000e+07,1.122942900000000000e+07,1.122943000000000000e+07,1.122943100000000000e+07,1.122943200000000000e+07,1.122943300000000000e+07,1.122943400000000000e+07,1.122943500000000000e+07,1.122943600000000000e+07,1.122943700000000000e+07,-2.147483648000000000e+09,-2.147483648000000000e+09,-2.147483648000000000e+09,-2.147483648000000000e+09,-2.147483648000000000e+09,-2.147483648000000000e+09,-2.147483648000000000e+09,-2.147483648000000000e+09,-2.147483648000000000e+09,-2.147483648000000000e+09,-2.147483648000000000e+09,-2.147483648000000000e+09,-2.147483648000000000e+09,-2.147483648000000000e+09,-2.147483648000000000e+09,-2.147483648000000000e+09,-2.147483648000000000e+09,-2.147483648000000000e+09,-2.147483648000000000e+09,-2.147483648000000000e+09,-2.147483648000000000e+09,-2.147483648000000000e+09,-2.147483648000000000e+09,-2.147483648000000000e+09,-2.147483648000000000e+09,-2.147483648000000000e+09,-2.147483648000000000e+09,-2.147483648000000000e+09,-2.147483648000000000e+09,-2.147483648000000000e+09,-2.147483648000000000e+09,-2.147483648000000000e+09
-2.147483648000000000e+09,-2.147483648000000000e+09,-2.147483648000000000e+09,-2.147483648000000000e+09,-2.147483648000000000e+09,-2.147483648000000000e+09,-2.147483648000000000e+09,-2.147483648000000000e+09,1.123662400000000000e+07,1.123662500000000000e+07,1.123662600000000000e+07,1.123662700000000000e+07,1.123662800000000000e+07,1.123662900000000000e+07,1.123663000000000000e+07,1.123663100000000000e+07,1.123663200000000000e+07,1.123663300000000000e+07,1.123663400000000000e+07,-2.147483648000000000e+09,-2.147483648000000000e+09,-2.147483648000000000e+09,-2.147483648000000000e+09,-2.147483648000000000e+09,-2.147483648000000000e+09,-2.147483648000000000e+09,-2.147483648000000000e+09,-2.147483648000000000e+09,-2.147483648000000000e+09,-2.147483648000000000e+09,-2.147483648000000000e+09,-2.147483648000000000e+09,-2.147483648000000000e+09,-2.147483648000000000e+09,-2.147483648000000000e+09,-2.147483648000000000e+09,-2.147483648000000000e+09,-2.147483648000000000e+09,-2.147483648000000000e+09,-2.147483648000000000e+09,-2.147483648000000000e+09,-2.147483648000000000e+09,-2.147483648000000000e+09,-2.147483648000000000e+09,-2.147483648000000000e+09,-2.147483648000000000e+09,-2.147483648000000000e+09,-2.147483648000000000e+09,-2.147483648000000000e+09,-2.147483648000000000e+09,-2.147483648000000000e+09,-2.147483648000000000e+09,-2.147483648000000000e+09,-2.147483648000000000e+09
-2.147483648000000000e+09,-2.147483648000000000e+09,-2.147483648000000000e+09,-2.147483648000000000e+09,-2.147483648000000000e+09,-2.147483648000000000e+09,-2.147483648000000000e+09,1.124382300000000000e+07,1.124382400000000000e+07,1.124382500000000000e+07,1.124382600000000000e+07,1.124382700000000000e+07,1.124382800000000000e+07,1.124382900000000000e+07,1.124383000000000000e+07,1.124383100000000000e+07,1.124383200000000000e+07,-2.147483648000000000e+09,-2.147483648000000000e+09,-2.147483648000000000e+09,-2.147483648000000000e+09,-2.147483648000000000e+09,-2.147483648000000000e+09,-2.147483648000000000e+09,-2.147483648000000000e+09,-2.147483648000000000e+09,-2.147483648000000000e+09,-2.147483648000000000e+09,-2.147483648000000000e+09,-2.147483648000000000e+09,-2.147483648000000000e+09,-2.147483648000000000e+09,-2.147483648000000000e+09,-2.147483648000000000e+09,-2.147483648000000000e+09,-2.147483648000000000e+09,-2.147483648000000000e+09,-2.147483648000000000e+09,-2.147483648000000000e+09,-2.147483648000000000e+09,-2.147483648000000000e+09,-2.147483648000000000e+09,-2.147483648000000000e+09,-2.147483648000000000e+09,-2.147483648000000000e+09,-2.147483648000000000e+09,-2.147483648000000000e+09,-2.147483648000000000e+09,-2.147483648000000000e+09,-2.147483648000000000e+09,-2.147483648000000000e+09,-2.147483648000000000e+09,-2.147483648000000000e+09,-2.147483648000000000e+09
-2.147483648000000000e+09,-2.147483648000000000e+09,-2.147483648000000000e+09,-2.147483648000000000e+09,-2.147483648000000000e+09,-2.147483648000000000e+09,1.125102200000000000e+07,1.125102300000000000e+07,1.125102400000000000e+07,1.125102500000000000e+07,1.125102600000000000e+07,1.125102700000000000e+07,1.125102800000000000e+07,1.125102900000000000e+07,-2.147483648000000000e+09,-2.147483648000000000e+09,-2.147483648000000000e+09,-2.147483648000000000e+09,-2.147483648000000000e+09,-2.147483648000000000e+09,-2.147483648000000000e+09,-2.147483648000000000e+09,-2.147483648000000000e+09,-2.147483648000000000e+09,-2.147483648000000000e+09,-2.147483648000000000e+09,-2.147483648000000000e+09,-2.147483648000000000e+09,-2.147483648000000000e+09,-2.147483648000000000e+09,-2.147483648000000000e+09,-2.147483648000000000e+09,-2.147483648000000000e+09,-2.147483648000000000e+09,-2.147483648000000000e+09,-2.147483648000000000e+09,-2.147483648000000000e+09,-2.147483648000000000e+09,-2.147483648000000000e+09,-2.147483648000000000e+09,-2.147483648000000000e+09,-2.147483648000000000e+09,-2.147483648000000000e+09,-2.147483648000000000e+09,-2.147483648000000000e+09,-2.147483648000000000e+09,-2.147483648000000000e+09,-2.147483648000000000e+09,-2.147483648000000000e+09,-2.147483648000000000e+09,-2.147483648000000000e+09,-2.147483648000000000e+09,-2.147483648000000000e+09,-2.147483648000000000e+09
-2.147483648000000000e+09,-2.147483648000000000e+09,-2.147483648000000000e+09,-2.147483648000000000e+09,-2.147483648000000000e+09,-2.147483648000000000e+09,1.125822200000000000e+07,1.125822300000000000e+07,1.125822400000000000e+07,1.125822500000000000e+07,1.125822600000000000e+07,1.125822700000000000e+07,-2.147483648000000000e+09,-2.147483648000000000e+09,-2.147483648000000000e+09,-2.147483648000000000e+09,-2.147483648000000000e+09,-2.147483648000000000e+09,-2.147483648000000000e+09,-2.147483648000000000e+09,-2.147483648000000000e+09,-2.147483648000000000e+09,-2.147483648000000000e+09,-2.147483648000000000e+09,-2.147483648000000000e+09,-2.147483648000000000e+09,-2.147483648000000000e+09,-2.147483648000000000e+09,-2.147483648000000000e+09,-2.147483648000000000e+09,-2.147483648000000000e+09,-2.147483648000000000e+09,-2.147483648000000000e+09,-2.147483648000000000e+09,-2.147483648000000000e+09,-2.147483648000000000e+09,-2.147483648000000000e+09,-2.147483648000000000e+09,-2.147483648000000000e+09,-2.147483648000000000e+09,-2.147483648000000000e+09,-2.147483648000000000e+09,-2.147483648000000000e+09,-2.147483648000000000e+09,-2.147483648000000000e+09,-2.147483648000000000e+09,-2.147483648000000000e+09,-2.147483648000000000e+09,-2.147483648000000000e+09,-2.147483648000000000e+09,-2.147483648000000000e+09,-2.147483648000000000e+09,-2.147483648000000000e+09,-2.147483648000000000e+09
-2.147483648000000000e+09,-2.147483648000000000e+09,-2.147483648000000000e+09,-2.147483648000000000e+09,-2.147483648000000000e+09,1.126542100000000000e+07,1.126542200000000000e+07,1.126542300000000000e+07,1.126542400000000000e+07,1.126542500000000000e+07,-2.147483648000000000e+09,-2.147483648000000000e+09,-2.147483648000000000e+09,-2.147483648000000000e+09,-2.147483648000000000e+09,-2.147483648000000000e+09,-2.147483648000000000e+09,-2.147483648000000000e+09,-2.147483648000000000e+09,-2.147483648000000000e+09,-2.147483648000000000e+09,-2.147483648000000000e+09,-2.147483648000000000e+09,-2.147483648000000000e+09,-2.147483648000000000e+09,-2.147483648000000000e+09,-2.147483648000000000e+09,-2.147483648000000000e+09,-2.147483648000000000e+09,-2.147483648000000000e+09,-2.147483648000000000e+09,-2.147483648000000000e+09,-2.147483648000000000e+09,-2.147483648000000000e+09,-2.147483648000000000e+09,-2.147483648000000000e+09,-2.147483648000000000e+09,-2.147483648000000000e+09,-2.147483648000000000e+09,-2.147483648000000000e+09,-2.147483648000000000e+09,-2.147483648000000000e+09,-2.147483648000000000e+09,-2.147483648000000000e+09,-2.147483648000000000e+09,-2.147483648000000000e+09,-2.147483648000000000e+09,-2.147483648000000000e+09,-2.147483648000000000e+09,-2.147483648000000000e+09,-2.147483648000000000e+09,-2.147483648000000000e+09,-2.147483648000000000e+09,-2.147483648000000000e+09
-2.147483648000000000e+09,-2.147483648000000000e+09,-2.147483648000000000e+09,-2.147483648000000000e+09,-2.147483648000000000e+09,1.127262100000000000e+07,1.127262200000000000e+07,-2.147483648000000000e+09,-2.147483648000000000e+09,-2.147483648000000000e+09,-2.147483648000000000e+09,-2.147483648000000000e+09,-2.147483648000000000e+09,-2.147483648000000000e+09,-2.147483648000000000e+09,-2.147483648000000000e+09,-2.147483648000000000e+09,-2.147483648000000000e+09,-2.147483648000000000e+09,-2.147483648000000000e+09,-2.147483648000000000e+09,-2.147483648000000000e+09,-2.147483648000000000e+09,-2.147483648000000000e+09,-2.147483648000000000e+09,-2.147483648000000000e+09,-2.147483648000000000e+09,-2.147483648000000000e+09,-2.147483648000000000e+09,-2.147483648000000000e+09,-2.147483648000000000e+09,-2.147483648000000000e+09,-2.147483648000000000e+09,-2.147483648000000000e+09,-2.147483648000000000e+09,-2.147483648000000000e+09,-2.147483648000000000e+09,-2.147483648000000000e+09,-2.147483648000000000e+09,-2.147483648000000000e+09,-2.147483648000000000e+09,-2.147483648000000000e+09,-2.147483648000000000e+09,-2.147483648000000000e+09,-2.147483648000000000e+09,-2.147483648000000000e+09,-2.147483648000000000e+09,-2.147483648000000000e+09,-2.147483648000000000e+09,-2.147483648000000000e+09,-2.147483648000000000e+09,-2.147483648000000000e+09,-2.147483648000000000e+09,-2.147483648000000000e+09
-2.147483648000000000e+09,-2.147483648000000000e+09,-2.147483648000000000e+09,-2.147483648000000000e+09,1.127982000000000000e+07,-2.147483648000000000e+09,-2.147483648000000000e+09,-2.147483648000000000e+09,-2.147483648000000000e+09,-2.147483648000000000e+09,-2.147483648000000000e+09,-2.147483648000000000e+09,-2.147483648000000000e+09,-2.147483648000000000e+09,-2.147483648000000000e+09,-2.147483648000000000e+09,-2.147483648000000000e+09,-2.147483648000000000e+09,-2.147483648000000000e+09,-2.147483648000000000e+09,-2.147483648000000000e+09,-2.147483648000000000e+09,-2.147483648000000000e+09,-2.147483648000000000e+09,-2.147483648000000000e+09,-2.147483648000000000e+09,-2.147483648000000000e+09,-2.147483648000000000e+09,-2.147483648000000000e+09,-2.147483648000000000e+09,-2.147483648000000000e+09,-2.147483648000000000e+09,-2.147483648000000000e+09,-2.147483648000000000e+09,-2.147483648000000000e+09,-2.147483648000000000e+09,-2.147483648000000000e+09,-2.147483648000000000e+09,-2.147483648000000000e+09,-2.147483648000000000e+09,-2.147483648000000000e+09,-2.147483648000000000e+09,-2.147483648000000000e+09,-2.147483648000000000e+09,-2.147483648000000000e+09,-2.147483648000000000e+09,-2.147483648000000000e+09,-2.147483648000000000e+09,-2.147483648000000000e+09,-2.147483648000000000e+09,-2.147483648000000000e+09,-2.147483648000000000e+09,-2.147483648000000000e+09,-2.147483648000000000e+09
