-2.147483648000000000e+09,-2.147483648000000000e+09,-2.147483648000000000e+09,-2.147483648000000000e+09,-2.147483648000000000e+09,-2.147483648000000000e+09,-2.147483648000000000e+09,-2.147483648000000000e+09,-2.147483648000000000e+09,-2.147483648000000000e+09,-2.147483648000000000e+09,-2.147483648000000000e+09,-2.147483648000000000e+09,-2.147483648000000000e+09,-2.147483648000000000e+09,-2.147483648000000000e+09,-2.147483648000000000e+09,-2.147483648000000000e+09,-2.147483648000000000e+09,-2.147483648000000000e+09,-2.147483648000000000e+09,-2.147483648000000000e+09,-2.147483648000000000e+09,-2.147483648000000000e+09,-2.147483648000000000e+09,-2.147483648000000000e+09,-2.147483648000000000e+09,-2.147483648000000000e+09,-2.147483648000000000e+09,-2.147483648000000000e+09,7.787518000000000000e+06,7.787519000000000000e+06,7.787520000000000000e+06,7.787521000000000000e+06,7.787522000000000000e+06,7.787523000000000000e+06,7.787524000000000000e+06,7.787525000000000000e+06,7.787526000000000000e+06,7.787527000000000000e+06,7.787528000000000000e+06,7.787529000000000000e+06,7.787530000000000000e+06,7.787531000000000000e+06,7.787532000000000000e+06,7.787533000000000000e+06,7.787534000000000000e+06,7.787535000000000000e+06,7.787536000000000000e+06,7.787537000000000000e+06,7.787538000000000000e+06,7.787539000000000000e+06,7.787540000000000000e+06,7.787541000000000000e+06,7.787542000000000000e+06,7.787543000000000000e+06,7.787544000000000000e+06,7.787545000000000000e+06,7.787546000000000000e+06,7.787547000000000000e+06,7.787548000000000000e+06,7.787549000000000000e+06,7.787550000000000000e+06,7.787551000000000000e+06,7.787552000000000000e+06,7.787553000000000000e+06,7.787554000000000000e+06
-2.147483648000000000e+09,-2.147483648000000000e+09,-2.147483648000000000e+09,-2.147483648000000000e+09,-2.147483648000000000e+09,-2.147483648000000000e+09,-2.147483648000000000e+09,-2.147483648000000000e+09,-2.147483648000000000e+09,-2.147483648000000000e+09,-2.147483648000000000e+09,-2.147483648000000000e+09,-2.147483648000000000e+09,-2.147483648000000000e+09,-2.147483648000000000e+09,-2.147483648000000000e+09,-2.147483648000000000e+09,-2.147483648000000000e+09,-2.147483648000000000e+09,-2.147483648000000000e+09,-2.147483648000000000e+09,-2.147483648000000000e+09,-2.147483648000000000e+09,-2.147483648000000000e+09,-2.147483648000000000e+09,-2.147483648000000000e+09,-2.147483648000000000e+09,-2.147483648000000000e+09,-2.147483648000000000e+09,7.794717000000000000e+06,7.794718000000000000e+06,7.794719000000000000e+06,7.794720000000000000e+06,7.794721000000000000e+06,7.794722000000000000e+06,7.794723000000000000e+06,7.794724000000000000e+06,7.794725000000000000e+06,7.794726000000000000e+06,7.794727000000000000e+06,7.794728000000000000e+06,7.794729000000000000e+06,7.794730000000000000e+06,7.794731000000000000e+06,7.794732000000000000e+06,7.794733000000000000e+06,7.794734000000000000e+06,7.794735000000000000e+06,7.794736000000000000e+06,7.794737000000000000e+06,7.794738000000000000e+06,7.794739000000000000e+06,7.794740000000000000e+06,7.794741000000000000e+06,7.794742000000000000e+06,7.794743000000000000e+06,7.794744000000000000e+06,7.794745000000000000e+06,7.794746000000000000e+06,7.794747000000000000e+06,7.794748000000000000e+06,7.794749000000000000e+06,7.794750000000000000e+06,7.794751000000000000e+06,7.794752000000000000e+06,7.794753000000000000e+06,-2.147483648000000000e+09
-2.147483648000000000e+09,-2.147483648000000000e+09,-2.147483648000000000e+09,-2.147483648000000000e+09,-2.147483648000000000e+09,-2.147483648000000000e+09,-2.147483648000000000e+09,-2.147483648000000000e+09,-2.147483648000000000e+09,-2.147483648000000000e+09,-2.147483648000000000e+09,-2.147483648000000000e+09,-2.147483648000000000e+09,-2.147483648000000000e+09,-2.147483648000000000e+09,-2.147483648000000000e+09,-2.147483648000000000e+09,-2.147483648000000000e+09,-2.147483648000000000e+09,-2.147483648000000000e+09,-2.147483648000000000e+09,-2.147483648000000000e+09,-2.147483648000000000e+09,-2.147483648000000000e+09,-2.147483648000000000e+09,-2.147483648000000000e+09,-2.147483648000000000e+09,-2.147483648000000000e+09,7.801916000000000000e+06,7.801917000000000000e+06,7.801918000000000000e+06,7.801919000000000000e+06,7.801920000000000000e+06,7.801921000000000000e+06,7.801922000000000000e+06,7.801923000000000000e+06,7.801924000000000000e+06,7.801925000000000000e+06,7.801926000000000000e+06,7.801927000000000000e+06,7.801928000000000000e+06,7.801929000000000000e+06,7.801930000000000000e+06,7.801931000000000000e+06,7.801932000000000000e+06,7.801933000000000000e+06,7.801934000000000000e+06,7.801935000000000000e+06,7.801936000000000000e+06,7.801937000000000000e+06,7.801938000000000000e+06,7.801939000000000000e+06,7.801940000000000000e+06,7.801941000000000000e+06,7.801942000000000000e+06,7.801943000000000000e+06,7.801944000000000000e+06,7.801945000000000000e+06,7.801946000000000000e+06,7.801947000000000000e+06,7.801948000000000000e+06,7.801949000000000000e+06,7.801950000000000000e+06,7.801951000000000000e+06,7.801952000000000000e+06,-2.147483648000000000e+09,-2.147483648000000000e+09
-2.147483648000000000e+09,-2.147483648000000000e+09,-2.147483648000000000e+09,-2.147483648000000000e+09,-2.147483648000000000e+09,-2.147483648000000000e+09,-2.147483648000000000e+09,-2.147483648000000000e+09,-2.147483648000000000e+09,-2.147483648000000000e+09,-2.147483648000000000e+09,-2.147483648000000000e+09,-2.147483648000000000e+09,-2.147483648000000000e+09,-2.147483648000000000e+09,-2.147483648000000000e+09,-2.147483648000000000e+09,-2.147483648000000000e+09,-2.147483648000000000e+09,-2.147483648000000000e+09,-2.147483648000000000e+09,-2.147483648000000000e+09,-2.147483648000000000e+09,-2.147483648000000000e+09,-2.147483648000000000e+09,-2.147483648000000000e+09,-2.147483648000000000e+09,7.809115000000000000e+06,7.809116000000000000e+06,7.809117000000000000e+06,7.809118000000000000e+06,7.809119000000000000e+06,7.809120000000000000e+06,7.809121000000000000e+06,7.809122000000000000e+06,7.809123000000000000e+06,7.809124000000000000e+06,7.809125000000000000e+06,7.809126000000000000e+06,7.809127000000000000e+06,7.809128000000000000e+06,7.809129000000000000e+06,7.809130000000000000e+06,7.809131000000000000e+06,7.809132000000000000e+06,7.809133000000000000e+06,7.809134000000000000e+06,7.809135000000000000e+06,7.809136000000000000e+06,7.809137000000000000e+06,7.809138000000000000e+06,7.809139000000000000e+06,7.809140000000000000e+06,7.809141000000000000e+06,7.809142000000000000e+06,7.809143000000000000e+06,7.809144000000000000e+06,7.809145000000000000e+06,7.809146000000000000e+06,7.809147000000000000e+06,7.809148000000000000e+06,7.809149000000000000e+06,7.809150000000000000e+06,7.809151000000000000e+06,-2.147483648000000000e+09,-2.147483648000000000e+09,-2.147483648000000000e+09
-2.147483648000000000e+09,-2.147483648000000000e+09,-2.147483648000000000e+09,-2.147483648000000000e+09,-2.147483648000000000e+09,-2.147483648000000000e+09,-2.147483648000000000e+09,-2.147483648000000000e+09,-2.147483648000000000e+09,-2.147483648000000000e+09,-2.147483648000000000e+09,-2.147483648000000000e+09,-2.147483648000000000e+09,-2.147483648000000000e+09,-2.147483648000000000e+09,-2.147483648000000000e+09,-2.147483648000000000e+09,-2.147483648000000000e+09,-2.147483648000000000e+09,-2.147483648000000000e+09,-2.147483648000000000e+09,-2.147483648000000000e+09,-2.147483648000000000e+09,-2.147483648000000000e+09,-2.147483648000000000e+09,-2.147483648000000000e+09,7.816314000000000000e+06,7.816315000000000000e+06,7.816316000000000000e+06,7.816317000000000000e+06,7.816318000000000000e+06,7.816319000000000000e+06,7.816320000000000000e+06,7.816321000000000000e+06,7.816322000000000000e+06,7.816323000000000000e+06,7.816324000000000000e+06,7.816325000000000000e+06,7.816326000000000000e+06,7.816327000000000000e+06,7.816328000000000000e+06,7.816329000000000000e+06,7.816330000000000000e+06,7.816331000000000000e+06,7.816332000000000000e+06,7.816333000000000000e+06,7.816334000000000000e+06,7.816335000000000000e+06,7.816336000000000000e+06,7.816337000000000000e+06,7.816338000000000000e+06,7.816339000000000000e+06,7.816340000000000000e+06,7.816341000000000000e+06,7.816342000000000000e+06,7.816343000000000000e+06,7.816344000000000000e+06,7.816345000000000000e+06,7.816346000000000000e+06,7.816347000000000000e+06,7.816348000000000000e+06,7.816349000000000000e+06,7.816350000000000000e+06,-2.147483648000000000e+09,-2.147483648000000000e+09,-2.147483648000000000e+09,-2.147483648000000000e+09
-2.147483648000000000e+09,-2.147483648000000000e+09,-2.147483648000000000e+09,-2.147483648000000000e+09,-2.147483648000000000e+09,-2.147483648000000000e+09,-2.147483648000000000e+09,-2.147483648000000000e+09,-2.147483648000000000e+09,-2.147483648000000000e+09,-2.147483648000000000e+09,-2.147483648000000000e+09,-2.147483648000000000e+09,-2.147483648000000000e+09,-2.147483648000000000e+09,-2.147483648000000000e+09,-2.147483648000000000e+09,-2.147483648000000000e+09,-2.147483648000000000e+09,-2.147483648000000000e+09,-2.147483648000000000e+09,-2.147483648000000000e+09,-2.147483648000000000e+09,-2.147483648000000000e+09,-2.147483648000000000e+09,7.823513000000000000e+06,7.823514000000000000e+06,7.823515000000000000e+06,7.823516000000000000e+06,7.823517000000000000e+06,7.823518000000000000e+06,7.823519000000000000e+06,7.823520000000000000e+06,7.823521000000000000e+06,7.823522000000000000e+06,7.823523000000000000e+06,7.823524000000000000e+06,7.823525000000000000e+06,7.823526000000000000e+06,7.823527000000000000e+06,7.823528000000000000e+06,7.823529000000000000e+06,7.823530000000000000e+06,7.823531000000000000e+06,7.823532000000000000e+06,7.823533000000000000e+06,7.823534000000000000e+06,7.823535000000000000e+06,7.823536000000000000e+06,7.823537000000000000e+06,7.823538000000000000e+06,7.823539000000000000e+06,7.823540000000000000e+06,7.823541000000000000e+06,7.823542000000000000e+06,7.823543000000000000e+06,7.823544000000000000e+06,7.823545000000000000e+06,7.823546000000000000e+06,7.823547000000000000e+06,7.823548000000000000e+06,7.823549000000000000e+06,-2.147483648000000000e+09,-2.147483648000000000e+09,-2.147483648000000000e+09,-2.147483648000000000e+09,-2.147483648000000000e+09
-2.147483648000000000e+09,-2.147483648000000000e+09,-2.147483648000000000e+09,-2.147483648000000000e+09,-2.147483648000000000e+09,-2.147483648000000000e+09,-2.147483648000000000e+09,-2.147483648000000000e+09,-2.147483648000000000e+09,-2.147483648000000000e+09,-2.147483648000000000e+09,-2.147483648000000000e+09,-2.147483648000000000e+09,-2.147483648000000000e+09,-2.147483648000000000e+09,-2.147483648000000000e+09,-2.147483648000000000e+09,-2.147483648000000000e+09,-2.147483648000000000e+09,-2.147483648000000000e+09,-2.147483648000000000e+09,-2.147483648000000000e+09,-2.147483648000000000e+09,-2.147483648000000000e+09,7.830712000000000000e+06,7.830713000000000000e+06,7.830714000000000000e+06,7.830715000000000000e+06,7.830716000000000000e+06,7.830717000000000000e+06,7.830718000000000000e+06,7.830719000000000000e+06,7.830720000000000000e+06,7.830721000000000000e+06,7.830722000000000000e+06,7.830723000000000000e+06,7.830724000000000000e+06,7.830725000000000000e+06,7.830726000000000000e+06,7.830727000000000000e+06,7.830728000000000000e+06,7.830729000000000000e+06,7.830730000000000000e+06,7.830731000000000000e+06,7.830732000000000000e+06,7.830733000000000000e+06,7.830734000000000000e+06,7.830735000000000000e+06,7.830736000000000000e+06,7.830737000000000000e+06,7.830738000000000000e+06,7.830739000000000000e+06,7.830740000000000000e+06,7.830741000000000000e+06,7.830742000000000000e+06,7.830743000000000000e+06,7.830744000000000000e+06,7.830745000000000000e+06,7.830746000000000000e+06,7.830747000000000000e+06,7.830748000000000000e+06,-2.147483648000000000e+09,-2.147483648000000000e+09,-2.147483648000000000e+09,-2.147483648000000000e+09,-2.147483648000000000e+09,-2.147483648000000000e+09
-2.147483648000000000e+09,-2.147483648000000000e+09,-2.147483648000000000e+09,-2.147483648000000000e+09,-2.147483648000000000e+09,-2.147483648000000000e+09,-2.147483648000000000e+09,-2.147483648000000000e+09,-2.147483648000000000e+09,-2.147483648000000000e+09,-2.147483648000000000e+09,-2.147483648000000000e+09,-2.147483648000000000e+09,-2.147483648000000000e+09,-2.147483648000000000e+09,-2.147483648000000000e+09,-2.147483648000000000e+09,-2.147483648000000000e+09,-2.147483648000000000e+09,-2.147483648000000000e+09,-2.147483648000000000e+09,-2.147483648000000000e+09,-2.147483648000000000e+09,7.837911000000000000e+06,7.837912000000000000e+06,7.837913000000000000e+06,7.837914000000000000e+06,7.837915000000000000e+06,7.837916000000000000e+06,7.837917000000000000e+06,7.837918000000000000e+06,7.837919000000000000e+06,7.837920000000000000e+06,7.837921000000000000e+06,7.837922000000000000e+06,7.837923000000000000e+06,7.837924000000000000e+06,7.837925000000000000e+06,7.837926000000000000e+06,7.837927000000000000e+06,7.837928000000000000e+06,7.837929000000000000e+06,7.837930000000000000e+06,7.837931000000000000e+06,7.837932000000000000e+06,7.837933000000000000e+06,7.837934000000000000e+06,7.837935000000000000e+06,7.837936000000000000e+06,7.837937000000000000e+06,7.837938000000000000e+06,7.837939000000000000e+06,7.837940000000000000e+06,7.837941000000000000e+06,7.837942000000000000e+06,7.837943000000000000e+06,7.837944000000000000e+06,7.837945000000000000e+06,7.837946000000000000e+06,7.837947000000000000e+06,-2.147483648000000000e+09,-2.147483648000000000e+09,-2.147483648000000000e+09,-2.147483648000000000e+09,-2.147483648000000000e+09,-2.147483648000000000e+09,-2.147483648000000000e+09
-2.147483648000000000e+09,-2.147483648000000000e+09,-2.147483648000000000e+09,-2.147483648000000000e+09,-2.147483648000000000e+09,-2.147483648000000000e+09,-2.147483648000000000e+09,-2.147483648000000000e+09,-2.147483648000000000e+09,-2.147483648000000000e+09,-2.147483648000000000e+09,-2.147483648000000000e+09,-2.147483648000000000e+09,-2.147483648000000000e+09,-2.147483648000000000e+09,-2.147483648000000000e+09,-2.147483648000000000e+09,-2.147483648000000000e+09,-2.147483648000000000e+09,-2.147483648000000000e+09,-2.147483648000000000e+09,-2.147483648000000000e+09,7.845110000000000000e+06,7.845111000000000000e+06,7.845112000000000000e+06,7.845113000000000000e+06,7.845114000000000000e+06,7.845115000000000000e+06,7.845116000000000000e+06,7.845117000000000000e+06,7.845118000000000000e+06,7.845119000000000000e+06,7.845120000000000000e+06,7.845121000000000000e+06,7.845122000000000000e+06,7.845123000000000000e+06,7.845124000000000000e+06,7.845125000000000000e+06,7.845126000000000000e+06,7.845127000000000000e+06,7.845128000000000000e+06,7.845129000000000000e+06,7.845130000000000000e+06,7.845131000000000000e+06,7.845132000000000000e+06,7.845133000000000000e+06,7.845134000000000000e+06,7.845135000000000000e+06,7.845136000000000000e+06,7.845137000000000000e+06,7.845138000000000000e+06,7.845139000000000000e+06,7.845140000000000000e+06,7.845141000000000000e+06,7.845142000000000000e+06,7.845143000000000000e+06,7.845144000000000000e+06,7.845145000000000000e+06,7.845146000000000000e+06,-2.147483648000000000e+09,-2.147483648000000000e+09,-2.147483648000000000e+09,-2.147483648000000000e+09,-2.147483648000000000e+09,-2.147483648000000000e+09,-2.147483648000000000e+09,-2.147483648000000000e+09
-2.147483648000000000e+09,-2.147483648000000000e+09,-2.147483648000000000e+09,-2.147483648000000000e+09,-2.147483648000000000e+09,-2.147483648000000000e+09,-2.147483648000000000e+09,-2.147483648000000000e+09,-2.147483648000000000e+09,-2.147483648000000000e+09,-2.147483648000000000e+09,-2.147483648000000000e+09,-2.147483648000000000e+09,-2.147483648000000000e+09,-2.147483648000000000e+09,-2.147483648000000000e+09,-2.147483648000000000e+09,-2.147483648000000000e+09,-2.147483648000000000e+09,-2.147483648000000000e+09,-2.147483648000000000e+09,7.852309000000000000e+06,7.852310000000000000e+06,7.852311000000000000e+06,7.852312000000000000e+06,7.852313000000000000e+06,7.852314000000000000e+06,7.852315000000000000e+06,7.852316000000000000e+06,7.852317000000000000e+06,7.852318000000000000e+06,7.852319000000000000e+06,7.852320000000000000e+06,7.852321000000000000e+06,7.852322000000000000e+06,7.852323000000000000e+06,7.852324000000000000e+06,7.852325000000000000e+06,7.852326000000000000e+06,7.852327000000000000e+06,7.852328000000000000e+06,7.852329000000000000e+06,7.852330000000000000e+06,7.852331000000000000e+06,7.852332000000000000e+06,7.852333000000000000e+06,7.852334000000000000e+06,7.852335000000000000e+06,7.852336000000000000e+06,7.852337000000000000e+06,7.852338000000000000e+06,7.852339000000000000e+06,7.852340000000000000e+06,7.852341000000000000e+06,7.852342000000000000e+06,7.852343000000000000e+06,7.852344000000000000e+06,7.852345000000000000e+06,-2.147483648000000000e+09,-2.147483648000000000e+09,-2.147483648000000000e+09,-2.147483648000000000e+09,-2.147483648000000000e+09,-2.147483648000000000e+09,-2.147483648000000000e+09,-2.147483648000000000e+09,-2.147483648000000000e+09
-2.147483648000000000e+09,-2.147483648000000000e+09,-2.147483648000000000e+09,-2.147483648000000000e+09,-2.147483648000000000e+09,-2.147483648000000000e+09,-2.147483648000000000e+09,-2.147483648000000000e+09,-2.147483648000000000e+09,-2.147483648000000000e+09,-2.147483648000000000e+09,-2.147483648000000000e+09,-2.147483648000000000e+09,-2.147483648000000000e+09,-2.147483648000000000e+09,-2.147483648000000000e+09,-2.147483648000000000e+09,-2.147483648000000000e+09,-2.147483648000000000e+09,-2.147483648000000000e+09,7.859508000000000000e+06,7.859509000000000000e+06,7.859510000000000000e+06,7.859511000000000000e+06,7.859512000000000000e+06,7.859513000000000000e+06,7.859514000000000000e+06,7.859515000000000000e+06,7.859516000000000000e+06,7.859517000000000000e+06,7.859518000000000000e+06,7.859519000000000000e+06,7.859520000000000000e+06,7.859521000000000000e+06,7.859522000000000000e+06,7.859523000000000000e+06,7.859524000000000000e+06,7.859525000000000000e+06,7.859526000000000000e+06,7.859527000000000000e+06,7.859528000000000000e+06,7.859529000000000000e+06,7.859530000000000000e+06,7.859531000000000000e+06,7.859532000000000000e+06,7.859533000000000000e+06,7.859534000000000000e+06,7.859535000000000000e+06,7.859536000000000000e+06,7.859537000000000000e+06,7.859538000000000000e+06,7.859539000000000000e+06,7.859540000000000000e+06,7.859541000000000000e+06,7.859542000000000000e+06,7.859543000000000000e+06,7.859544000000000000e+06,-2.147483648000000000e+09,-2.147483648000000000e+09,-2.147483648000000000e+09,-2.147483648000000000e+09,-2.147483648000000000e+09,-2.147483648000000000e+09,-2.147483648000000000e+09,-2.147483648000000000e+09,-2.147483648000000000e+09,-2.147483648000000000e+09
-2.147483648000000000e+09,-2.147483648000000000e+09,-2.147483648000000000e+09,-2.147483648000000000e+09,-2.147483648000000000e+09,-2.147483648000000000e+09,-2.147483648000000000e+09,-2.147483648000000000e+09,-2.147483648000000000e+09,-2.147483648000000000e+09,-2.147483648000000000e+09,-2.147483648000000000e+09,-2.147483648000000000e+09,-2.147483648000000000e+09,-2.147483648000000000e+09,-2.147483648000000000e+09,-2.147483648000000000e+09,-2.147483648000000000e+09,-2.147483648000000000e+09,7.866707000000000000e+06,7.866708000000000000e+06,7.866709000000000000e+06,7.866710000000000000e+06,7.866711000000000000e+06,7.866712000000000000e+06,7.866713000000000000e+06,7.866714000000000000e+06,7.866715000000000000e+06,7.866716000000000000e+06,7.866717000000000000e+06,7.866718000000000000e+06,7.866719000000000000e+06,7.866720000000000000e+06,7.866721000000000000e+06,7.866722000000000000e+06,7.866723000000000000e+06,7.866724000000000000e+06,7.866725000000000000e+06,7.866726000000000000e+06,7.866727000000000000e+06,7.866728000000000000e+06,7.866729000000000000e+06,7.866730000000000000e+06,7.866731000000000000e+06,7.866732000000000000e+06,7.866733000000000000e+06,7.866734000000000000e+06,7.866735000000000000e+06,7.866736000000000000e+06,7.866737000000000000e+06,7.866738000000000000e+06,7.866739000000000000e+06,7.866740000000000000e+06,7.866741000000000000e+06,7.866742000000000000e+06,7.866743000000000000e+06,7.866744000000000000e+06,7.866745000000000000e+06,7.866746000000000000e+06,7.866747000000000000e+06,7.866748000000000000e+06,-2.147483648000000000e+09,-2.147483648000000000e+09,-2.147483648000000000e+09,-2.147483648000000000e+09,-2.147483648000000000e+09,-2.147483648000000000e+09
-2.147483648000000000e+09,-2.147483648000000000e+09,-2.147483648000000000e+09,-2.147483648000000000e+09,-2.147483648000000000e+09,-2.147483648000000000e+09,-2.147483648000000000e+09,-2.147483648000000000e+09,-2.147483648000000000e+09,-2.147483648000000000e+09,-2.147483648000000000e+09,-2.147483648000000000e+09,-2.147483648000000000e+09,-2.147483648000000000e+09,-2.147483648000000000e+09,-2.147483648000000000e+09,-2.147483648000000000e+09,-2.147483648000000000e+09,7.873906000000000000e+06,7.873907000000000000e+06,7.873908000000000000e+06,7.873909000000000000e+06,7.873910000000000000e+06,7.873911000000000000e+06,7.873912000000000000e+06,7.873913000000000000e+06,7.873914000000000000e+06,7.873915000000000000e+06,7.873916000000000000e+06,7.873917000000000000e+06,7.873918000000000000e+06,7.873919000000000000e+06,7.873920000000000000e+06,7.873921000000000000e+06,7.873922000000000000e+06,7.873923000000000000e+06,7.873924000000000000e+06,7.873925000000000000e+06,7.873926000000000000e+06,7.873927000000000000e+06,7.873928000000000000e+06,7.873929000000000000e+06,7.873930000000000000e+06,7.873931000000000000e+06,7.873932000000000000e+06,7.873933000000000000e+06,7.873934000000000000e+06,7.873935000000000000e+06,7.873936000000000000e+06,7.873937000000000000e+06,7.873938000000000000e+06,7.873939000000000000e+06,7.873940000000000000e+06,7.873941000000000000e+06,7.873942000000000000e+06,7.873943000000000000e+06,7.873944000000000000e+06,7.873945000000000000e+06,7.873946000000000000e+06,7.873947000000000000e+06,-2.147483648000000000e+09,-2.147483648000000000e+09,-2.147483648000000000e+09,-2.147483648000000000e+09,-2.147483648000000000e+09,-2.147483648000000000e+09,-2.147483648000000000e+09
-2.147483648000000000e+09,-2.147483648000000000e+09,-2.147483648000000000e+09,-2.147483648000000000e+09,-2.147483648000000000e+09,-2.147483648000000000e+09,-2.147483648000000000e+09,-2.147483648000000000e+09,-2.147483648000000000e+09,-2.147483648000000000e+09,-2.147483648000000000e+09,-2.147483648000000000e+09,-2.147483648000000000e+09,-2.147483648000000000e+09,-2.147483648000000000e+09,-2.147483648000000000e+09,-2.147483648000000000e+09,7.881105000000000000e+06,7.881106000000000000e+06,7.881107000000000000e+06,7.881108000000000000e+06,7.881109000000000000e+06,7.881110000000000000e+06,7.881111000000000000e+06,7.881112000000000000e+06,7.881113000000000000e+06,7.881114000000000000e+06,7.881115000000000000e+06,7.881116000000000000e+06,7.881117000000000000e+06,7.881118000000000000e+06,7.881119000000000000e+06,7.881120000000000000e+06,7.881121000000000000e+06,7.881122000000000000e+06,7.881123000000000000e+06,7.881124000000000000e+06,7.881125000000000000e+06,7.881126000000000000e+06,7.881127000000000000e+06,7.881128000000000000e+06,7.881129000000000000e+06,7.881130000000000000e+06,7.881131000000000000e+06,7.881132000000000000e+06,7.881133000000000000e+06,7.881134000000000000e+06,7.881135000000000000e+06,7.881136000000000000e+06,7.881137000000000000e+06,7.881138000000000000e+06,7.881139000000000000e+06,7.881140000000000000e+06,7.881141000000000000e+06,7.881142000000000000e+06,7.881143000000000000e+06,7.881144000000000000e+06,7.881145000000000000e+06,7.881146000000000000e+06,-2.147483648000000000e+09,-2.147483648000000000e+09,-2.147483648000000000e+09,-2.147483648000000000e+09,-2.147483648000000000e+09,-2.147483648000000000e+09,-2.147483648000000000e+09,-2.147483648000000000e+09
-2.147483648000000000e+09,-2.147483648000000000e+09,-2.147483648000000000e+09,-2.147483648000000000e+09,-2.147483648000000000e+09,-2.147483648000000000e+09,-2.147483648000000000e+09,-2.147483648000000000e+09,-2.147483648000000000e+09,-2.147483648000000000e+09,-2.147483648000000000e+09,-2.147483648000000000e+09,-2.147483648000000000e+09,-2.147483648000000000e+09,-2.147483648000000000e+09,-2.147483648000000000e+09,-2.147483648000000000e+09,7.888305000000000000e+06,7.888306000000000000e+06,7.888307000000000000e+06,7.888308000000000000e+06,7.888309000000000000e+06,7.888310000000000000e+06,7.888311000000000000e+06,7.888312000000000000e+06,7.888313000000000000e+06,7.888314000000000000e+06,7.888315000000000000e+06,7.888316000000000000e+06,7.888317000000000000e+06,7.888318000000000000e+06,7.888319000000000000e+06,7.888320000000000000e+06,7.888321000000000000e+06,7.888322000000000000e+06,7.888323000000000000e+06,7.888324000000000000e+06,7.888325000000000000e+06,7.888326000000000000e+06,7.888327000000000000e+06,7.888328000000000000e+06,7.888329000000000000e+06,7.888330000000000000e+06,7.888331000000000000e+06,7.888332000000000000e+06,7.888333000000000000e+06,7.888334000000000000e+06,7.888335000000000000e+06,7.888336000000000000e+06,7.888337000000000000e+06,7.888338000000000000e+06,7.888339000000000000e+06,7.888340000000000000e+06,7.888341000000000000e+06,7.888342000000000000e+06,7.888343000000000000e+06,7.888344000000000000e+06,7.888345000000000000e+06,-2.147483648000000000e+09,-2.147483648000000000e+09,-2.147483648000000000e+09,-2.147483648000000000e+09,-2.147483648000000000e+09,-2.147483648000000000e+09,-2.147483648000000000e+09,-2.147483648000000000e+09,-2.147483648000000000e+09
-2.147483648000000000e+09,-2.147483648000000000e+09,-2.147483648000000000e+09,-2.147483648000000000e+09,-2.147483648000000000e+09,-2.147483648000000000e+09,-2.147483648000000000e+09,-2.147483648000000000e+09,-2.147483648000000000e+09,-2.147483648000000000e+09,-2.147483648000000000e+09,-2.147483648000000000e+09,-2.147483648000000000e+09,-2.147483648000000000e+09,-2.147483648000000000e+09,-2.147483648000000000e+09,7.895504000000000000e+06,7.895505000000000000e+06,7.895506000000000000e+06,7.895507000000000000e+06,7.895508000000000000e+06,7.895509000000000000e+06,7.895510000000000000e+06,7.895511000000000000e+06,7.895512000000000000e+06,7.895513000000000000e+06,7.895514000000000000e+06,7.895515000000000000e+06,7.895516000000000000e+06,7.895517000000000000e+06,7.895518000000000000e+06,7.895519000000000000e+06,7.895520000000000000e+06,7.895521000000000000e+06,7.895522000000000000e+06,7.895523000000000000e+06,7.895524000000000000e+06,7.895525000000000000e+06,7.895526000000000000e+06,7.895527000000000000e+06,7.895528000000000000e+06,7.895529000000000000e+06,7.895530000000000000e+06,7.895531000000000000e+06,7.895532000000000000e+06,7.895533000000000000e+06,7.895534000000000000e+06,7.895535000000000000e+06,7.895536000000000000e+06,7.895537000000000000e+06,7.895538000000000000e+06,7.895539000000000000e+06,7.895540000000000000e+06,7.895541000000000000e+06,7.895542000000000000e+06,7.895543000000000000e+06,7.895544000000000000e+06,7.895545000000000000e+06,-2.147483648000000000e+09,-2.147483648000000000e+09,-2.147483648000000000e+09,-2.147483648000000000e+09,-2.147483648000000000e+09,-2.147483648000000000e+09,-2.147483648000000000e+09,-2.147483648000000000e+09,-2.147483648000000000e+09
-2.147483648000000000e+09,-2.147483648000000000e+09,-2.147483648000000000e+09,-2.147483648000000000e+09,-2.147483648000000000e+09,-2.147483648000000000e+09,-2.147483648000000000e+09,-2.147483648000000000e+09,-2.147483648000000000e+09,-2.147483648000000000e+09,-2.147483648000000000e+09,-2.147483648000000000e+09,-2.147483648000000000e+09,-2.147483648000000000e+09,-2.147483648000000000e+09,7.902703000000000000e+06,7.902704000000000000e+06,7.902705000000000000e+06,7.902706000000000000e+06,7.902707000000000000e+06,7.902708000000000000e+06,7.902709000000000000e+06,7.902710000000000000e+06,7.902711000000000000e+06,7.902712000000000000e+06,7.902713000000000000e+06,7.902714000000000000e+06,7.902715000000000000e+06,7.902716000000000000e+06,7.902717000000000000e+06,7.902718000000000000e+06,7.902719000000000000e+06,7.902720000000000000e+06,7.902721000000000000e+06,7.902722000000000000e+06,7.902723000000000000e+06,7.902724000000000000e+06,7.902725000000000000e+06,7.902726000000000000e+06,7.902727000000000000e+06,7.902728000000000000e+06,7.902729000000000000e+06,7.902730000000000000e+06,7.902731000000000000e+06,7.902732000000000000e+06,7.902733000000000000e+06,7.902734000000000000e+06,7.902735000000000000e+06,7.902736000000000000e+06,7.902737000000000000e+06,7.902738000000000000e+06,7.902739000000000000e+06,7.902740000000000000e+06,7.902741000000000000e+06,7.902742000000000000e+06,7.902743000000000000e+06,7.902744000000000000e+06,-2.147483648000000000e+09,-2.147483648000000000e+09,-2.147483648000000000e+09,-2.147483648000000000e+09,-2.147483648000000000e+09,-2.147483648000000000e+09,-2.147483648000000000e+09,-2.147483648000000000e+09,-2.147483648000000000e+09,-2.147483648000000000e+09
-2.147483648000000000e+09,-2.147483648000000000e+09,-2.147483648000000000e+09,-2.147483648000000000e+09,-2.147483648000000000e+09,-2.147483648000000000e+09,-2.147483648000000000e+09,-2.147483648000000000e+09,-2.147483648000000000e+09,-2.147483648000000000e+09,-2.147483648000000000e+09,-2.147483648000000000e+09,-2.147483648000000000e+09,-2.147483648000000000e+09,7.909902000000000000e+06,7.909903000000000000e+06,7.909904000000000000e+06,7.909905000000000000e+06,7.909906000000000000e+06,7.909907000000000000e+06,7.909908000000000000e+06,7.909909000000000000e+06,7.909910000000000000e+06,7.909911000000000000e+06,7.909912000000000000e+06,7.909913000000000000e+06,7.909914000000000000e+06,7.909915000000000000e+06,7.909916000000000000e+06,7.909917000000000000e+06,7.909918000000000000e+06,7.909919000000000000e+06,7.909920000000000000e+06,7.909921000000000000e+06,7.909922000000000000e+06,7.909923000000000000e+06,7.909924000000000000e+06,7.909925000000000000e+06,7.909926000000000000e+06,7.909927000000000000e+06,7.909928000000000000e+06,7.909929000000000000e+06,7.909930000000000000e+06,7.909931000000000000e+06,7.909932000000000000e+06,7.909933000000000000e+06,7.909934000000000000e+06,7.909935000000000000e+06,7.909936000000000000e+06,7.909937000000000000e+06,7.909938000000000000e+06,7.909939000000000000e+06,7.909940000000000000e+06,7.909941000000000000e+06,7.909942000000000000e+06,7.909943000000000000e+06,-2.147483648000000000e+09,-2.147483648000000000e+09,-2.147483648000000000e+09,-2.147483648000000000e+09,-2.147483648000000000e+09,-2.147483648000000000e+09,-2.147483648000000000e+09,-2.147483648000000000e+09,-2.147483648000000000e+09,-2.147483648000000000e+09,-2.147483648000000000e+09
-2.147483648000000000e+09,-2.147483648000000000e+09,-2.147483648000000000e+09,-2.147483648000000000e+09,-2.147483648000000000e+09,-2.147483648000000000e+09,-2.147483648000000000e+09,-2.147483648000000000e+09,-2.147483648000000000e+09,-2.147483648000000000e+09,-2.147483648000000000e+09,-2.147483648000000000e+09,-2.147483648000000000e+09,7.917101000000000000e+06,7.917102000000000000e+06,7.917103000000000000e+06,7.917104000000000000e+06,7.917105000000000000e+06,7.917106000000000000e+06,7.917107000000000000e+06,7.917108000000000000e+06,7.917109000000000000e+06,7.917110000000000000e+06,7.917111000000000000e+06,7.917112000000000000e+06,7.917113000000000000e+06,7.917114000000000000e+06,7.917115000000000000e+06,7.917116000000000000e+06,7.917117000000000000e+06,7.917118000000000000e+06,7.917119000000000000e+06,7.917120000000000000e+06,7.917121000000000000e+06,7.917122000000000000e+06,7.917123000000000000e+06,7.917124000000000000e+06,7.917125000000000000e+06,7.917126000000000000e+06,7.917127000000000000e+06,7.917128000000000000e+06,7.917129000000000000e+06,7.917130000000000000e+06,7.917131000000000000e+06,7.917132000000000000e+06,7.917133000000000000e+06,7.917134000000000000e+06,7.917135000000000000e+06,7.917136000000000000e+06,7.917137000000000000e+06,7.917138000000000000e+06,7.917139000000000000e+06,7.917140000000000000e+06,7.917141000000000000e+06,7.917142000000000000e+06,-2.147483648000000000e+09,-2.147483648000000000e+09,-2.147483648000000000e+09,-2.147483648000000000e+09,-2.147483648000000000e+09,-2.147483648000000000e+09,-2.147483648000000000e+09,-2.147483648000000000e+09,-2.147483648000000000e+09,-2.147483648000000000e+09,-2.147483648000000000e+09,-2.147483648000000000e+09
-2.147483648000000000e+09,-2.147483648000000000e+09,-2.147483648000000000e+09,-2.147483648000000000e+09,-2.147483648000000000e+09,-2.147483648000000000e+09,-2.147483648000000000e+09,-2.147483648000000000e+09,-2.147483648000000000e+09,-2.147483648000000000e+09,-2.147483648000000000e+09,-2.147483648000000000e+09,7.924300000000000000e+06,7.924301000000000000e+06,7.924302000000000000e+06,7.924303000000000000e+06,7.924304000000000000e+06,7.924305000000000000e+06,7.924306000000000000e+06,7.924307000000000000e+06,7.924308000000000000e+06,7.924309000000000000e+06,7.924310000000000000e+06,7.924311000000000000e+06,7.924312000000000000e+06,7.924313000000000000e+06,7.924314000000000000e+06,7.924315000000000000e+06,7.924316000000000000e+06,7.924317000000000000e+06,7.924318000000000000e+06,7.924319000000000000e+06,7.924320000000000000e+06,7.924321000000000000e+06,7.924322000000000000e+06,7.924323000000000000e+06,7.924324000000000000e+06,7.924325000000000000e+06,7.924326000000000000e+06,7.924327000000000000e+06,7.924328000000000000e+06,7.924329000000000000e+06,7.924330000000000000e+06,7.924331000000000000e+06,7.924332000000000000e+06,7.924333000000000000e+06,7.924334000000000000e+06,7.924335000000000000e+06,7.924336000000000000e+06,7.924337000000000000e+06,7.924338000000000000e+06,7.924339000000000000e+06,7.924340000000000000e+06,7.924341000000000000e+06,-2.147483648000000000e+09,-2.147483648000000000e+09,-2.147483648000000000e+09,-2.147483648000000000e+09,-2.147483648000000000e+09,-2.147483648000000000e+09,-2.147483648000000000e+09,-2.147483648000000000e+09,-2.147483648000000000e+09,-2.147483648000000000e+09,-2.147483648000000000e+09,-2.147483648000000000e+09,-2.147483648000000000e+09
-2.147483648000000000e+09,-2.147483648000000000e+09,-2.147483648000000000e+09,-2.147483648000000000e+09,-2.147483648000000000e+09,-2.147483648000000000e+09,-2.147483648000000000e+09,-2.147483648000000000e+09,-2.147483648000000000e+09,-2.147483648000000000e+09,-2.147483648000000000e+09,7.931499000000000000e+06,7.931500000000000000e+06,7.931501000000000000e+06,7.931502000000000000e+06,7.931503000000000000e+06,7.931504000000000000e+06,7.931505000000000000e+06,7.931506000000000000e+06,7.931507000000000000e+06,7.931508000000000000e+06,7.931509000000000000e+06,7.931510000000000000e+06,7.931511000000000000e+06,7.931512000000000000e+06,7.931513000000000000e+06,7.931514000000000000e+06,7.931515000000000000e+06,7.931516000000000000e+06,7.931517000000000000e+06,7.931518000000000000e+06,7.931519000000000000e+06,7.931520000000000000e+06,7.931521000000000000e+06,7.931522000000000000e+06,7.931523000000000000e+06,7.931524000000000000e+06,7.931525000000000000e+06,7.931526000000000000e+06,7.931527000000000000e+06,7.931528000000000000e+06,7.931529000000000000e+06,7.931530000000000000e+06,7.931531000000000000e+06,7.931532000000000000e+06,7.931533000000000000e+06,7.931534000000000000e+06,7.931535000000000000e+06,7.931536000000000000e+06,7.931537000000000000e+06,7.931538000000000000e+06,7.931539000000000000e+06,7.931540000000000000e+06,-2.147483648000000000e+09,-2.147483648000000000e+09,-2.147483648000000000e+09,-2.147483648000000000e+09,-2.147483648000000000e+09,-2.147483648000000000e+09,-2.147483648000000000e+09,-2.147483648000000000e+09,-2.147483648000000000e+09,-2.147483648000000000e+09,-2.147483648000000000e+09,-2.147483648000000000e+09,-2.147483648000000000e+09,-2.147483648000000000e+09
-2.147483648000000000e+09,-2.147483648000000000e+09,-2.147483648000000000e+09,-2.147483648000000000e+09,-2.147483648000000000e+09,-2.147483648000000000e+09,-2.147483648000000000e+09,-2.147483648000000000e+09,-2.147483648000000000e+09,-2.147483648000000000e+09,7.938698000000000000e+06,7.938699000000000000e+06,7.938700000000000000e+06,7.938701000000000000e+06,7.938702000000000000e+06,7.938703000000000000e+06,7.938704000000000000e+06,7.938705000000000000e+06,7.938706000000000000e+06,7.938707000000000000e+06,7.938708000000000000e+06,7.938709000000000000e+06,7.938710000000000000e+06,7.938711000000000000e+06,7.938712000000000000e+06,7.938713000000000000e+06,7.938714000000000000e+06,7.938715000000000000e+06,7.938716000000000000e+06,7.938717000000000000e+06,7.938718000000000000e+06,7.938719000000000000e+06,7.938720000000000000e+06,7.938721000000000000e+06,7.938722000000000000e+06,7.938723000000000000e+06,7.938724000000000000e+06,7.938725000000000000e+06,7.938726000000000000e+06,7.938727000000000000e+06,7.938728000000000000e+06,7.938729000000000000e+06,7.938730000000000000e+06,7.938731000000000000e+06,7.938732000000000000e+06,7.938733000000000000e+06,7.938734000000000000e+06,-2.147483648000000000e+09,-2.147483648000000000e+09,-2.147483648000000000e+09,-2.147483648000000000e+09,-2.147483648000000000e+09,-2.147483648000000000e+09,-2.147483648000000000e+09,-2.147483648000000000e+09,-2.147483648000000000e+09,-2.147483648000000000e+09,-2.147483648000000000e+09,-2.147483648000000000e+09,-2.147483648000000000e+09,-2.147483648000000000e+09,-2.147483648000000000e+09,-2.147483648000000000e+09,-2.147483648000000000e+09,-2.147483648000000000e+09,-2.147483648000000000e+09,-2.147483648000000000e+09
-2.147483648000000000e+09,-2.147483648000000000e+09,-2.147483648000000000e+09,-2.147483648000000000e+09,-2.147483648000000000e+09,-2.147483648000000000e+09,-2.147483648000000000e+09,-2.147483648000000000e+09,-2.147483648000000000e+09,7.945897000000000000e+06,7.945898000000000000e+06,7.945899000000000000e+06,7.945900000000000000e+06,7.945901000000000000e+06,7.945902000000000000e+06,7.945903000000000000e+06,7.945904000000000000e+06,7.945905000000000000e+06,7.945906000000000000e+06,7.945907000000000000e+06,7.945908000000000000e+06,7.945909000000000000e+06,7.945910000000000000e+06,7.945911000000000000e+06,7.945912000000000000e+06,7.945913000000000000e+06,7.945914000000000000e+06,7.945915000000000000e+06,7.945916000000000000e+06,7.945917000000000000e+06,7.945918000000000000e+06,7.945919000000000000e+06,7.945920000000000000e+06,7.945921000000000000e+06,7.945922000000000000e+06,7.945923000000000000e+06,7.945924000000000000e+06,7.945925000000000000e+06,7.945926000000000000e+06,7.945927000000000000e+06,7.945928000000000000e+06,7.945929000000000000e+06,7.945930000000000000e+06,7.945931000000000000e+06,7.945932000000000000e+06,7.945933000000000000e+06,-2.147483648000000000e+09,-2.147483648000000000e+09,-2.147483648000000000e+09,-2.147483648000000000e+09,-2.147483648000000000e+09,-2.147483648000000000e+09,-2.147483648000000000e+09,-2.147483648000000000e+09,-2.147483648000000000e+09,-2.147483648000000000e+09,-2.147483648000000000e+09,-2.147483648000000000e+09,-2.147483648000000000e+09,-2.147483648000000000e+09,-2.147483648000000000e+09,-2.147483648000000000e+09,-2.147483648000000000e+09,-2.147483648000000000e+09,-2.147483648000000000e+09,-2.147483648000000000e+09,-2.147483648000000000e+09
-2.147483648000000000e+09,-2.147483648000000000e+09,-2.147483648000000000e+09,-2.147483648000000000e+09,-2.147483648000000000e+09,-2.147483648000000000e+09,-2.147483648000000000e+09,-2.147483648000000000e+09,7.953096000000000000e+06,7.953097000000000000e+06,7.953098000000000000e+06,7.953099000000000000e+06,7.953100000000000000e+06,7.953101000000000000e+06,7.953102000000000000e+06,7.953103000000000000e+06,7.953104000000000000e+06,7.953105000000000000e+06,7.953106000000000000e+06,7.953107000000000000e+06,7.953108000000000000e+06,7.953109000000000000e+06,7.953110000000000000e+06,7.953111000000000000e+06,7.953112000000000000e+06,7.953113000000000000e+06,7.953114000000000000e+06,7.953115000000000000e+06,7.953116000000000000e+06,7.953117000000000000e+06,7.953118000000000000e+06,7.953119000000000000e+06,7.953120000000000000e+06,7.953121000000000000e+06,7.953122000000000000e+06,7.953123000000000000e+06,7.953124000000000000e+06,7.953125000000000000e+06,7.953126000000000000e+06,7.953127000000000000e+06,7.953128000000000000e+06,7.953129000000000000e+06,7.953130000000000000e+06,7.953131000000000000e+06,7.953132000000000000e+06,-2.147483648000000000e+09,-2.147483648000000000e+09,-2.147483648000000000e+09,-2.147483648000000000e+09,-2.147483648000000000e+09,-2.147483648000000000e+09,-2.147483648000000000e+09,-2.147483648000000000e+09,-2.147483648000000000e+09,-2.147483648000000000e+09,-2.147483648000000000e+09,-2.147483648000000000e+09,-2.147483648000000000e+09,-2.147483648000000000e+09,-2.147483648000000000e+09,-2.147483648000000000e+09,-2.147483648000000000e+09,-2.147483648000000000e+09,-2.147483648000000000e+09,-2.147483648000000000e+09,-2.147483648000000000e+09,-2.147483648000000000e+09
-2.147483648000000000e+09,-2.147483648000000000e+09,-2.147483648000000000e+09,-2.147483648000000000e+09,-2.147483648000000000e+09,-2.147483648000000000e+09,-2.147483648000000000e+09,7.960295000000000000e+06,7.960296000000000000e+06,7.960297000000000000e+06,7.960298000000000000e+06,7.960299000000000000e+06,7.960300000000000000e+06,7.960301000000000000e+06,7.960302000000000000e+06,7.960303000000000000e+06,7.960304000000000000e+06,7.960305000000000000e+06,7.960306000000000000e+06,7.960307000000000000e+06,7.960308000000000000e+06,7.960309000000000000e+06,7.960310000000000000e+06,7.960311000000000000e+06,7.960312000000000000e+06,7.960313000000000000e+06,7.960314000000000000e+06,7.960315000000000000e+06,7.960316000000000000e+06,7.960317000000000000e+06,7.960318000000000000e+06,7.960319000000000000e+06,7.960320000000000000e+06,7.960321000000000000e+06,7.960322000000000000e+06,7.960323000000000000e+06,7.960324000000000000e+06,7.960325000000000000e+06,7.960326000000000000e+06,7.960327000000000000e+06,7.960328000000000000e+06,7.960329000000000000e+06,7.960330000000000000e+06,7.960331000000000000e+06,-2.147483648000000000e+09,-2.147483648000000000e+09,-2.147483648000000000e+09,-2.147483648000000000e+09,-2.147483648000000000e+09,-2.147483648000000000e+09,-2.147483648000000000e+09,-2.147483648000000000e+09,-2.147483648000000000e+09,-2.147483648000000000e+09,-2.147483648000000000e+09,-2.147483648000000000e+09,-2.147483648000000000e+09,-2.147483648000000000e+09,-2.147483648000000000e+09,-2.147483648000000000e+09,-2.147483648000000000e+09,-2.147483648000000000e+09,-2.147483648000000000e+09,-2.147483648000000000e+09,-2.147483648000000000e+09,-2.147483648000000000e+09,-2.147483648000000000e+09
-2.147483648000000000e+09,-2.147483648000000000e+09,-2.147483648000000000e+09,-2.147483648000000000e+09,-2.147483648000000000e+09,-2.147483648000000000e+09,7.967494000000000000e+06,7.967495000000000000e+06,7.967496000000000000e+06,7.967497000000000000e+06,7.967498000000000000e+06,7.967499000000000000e+06,7.967500000000000000e+06,7.967501000000000000e+06,7.967502000000000000e+06,7.967503000000000000e+06,7.967504000000000000e+06,7.967505000000000000e+06,7.967506000000000000e+06,7.967507000000000000e+06,7.967508000000000000e+06,7.967509000000000000e+06,7.967510000000000000e+06,7.967511000000000000e+06,7.967512000000000000e+06,7.967513000000000000e+06,7.967514000000000000e+06,7.967515000000000000e+06,7.967516000000000000e+06,7.967517000000000000e+06,7.967518000000000000e+06,7.967519000000000000e+06,7.967520000000000000e+06,7.967521000000000000e+06,7.967522000000000000e+06,7.967523000000000000e+06,7.967524000000000000e+06,7.967525000000000000e+06,7.967526000000000000e+06,7.967527000000000000e+06,7.967528000000000000e+06,7.967529000000000000e+06,7.967530000000000000e+06,-2.147483648000000000e+09,-2.147483648000000000e+09,-2.147483648000000000e+09,-2.147483648000000000e+09,-2.147483648000000000e+09,-2.147483648000000000e+09,-2.147483648000000000e+09,-2.147483648000000000e+09,-2.147483648000000000e+09,-2.147483648000000000e+09,-2.147483648000000000e+09,-2.147483648000000000e+09,-2.147483648000000000e+09,-2.147483648000000000e+09,-2.147483648000000000e+09,-2.147483648000000000e+09,-2.147483648000000000e+09,-2.147483648000000000e+09,-2.147483648000000000e+09,-2.147483648000000000e+09,-2.147483648000000000e+09,-2.147483648000000000e+09,-2.147483648000000000e+09,-2.147483648000000000e+09
-2.147483648000000000e+09,-2.147483648000000000e+09,-2.147483648000000000e+09,-2.147483648000000000e+09,-2.147483648000000000e+09,7.974693000000000000e+06,7.974694000000000000e+06,7.974695000000000000e+06,7.974696000000000000e+06,7.974697000000000000e+06,7.974698000000000000e+06,7.974699000000000000e+06,7.974700000000000000e+06,7.974701000000000000e+06,7.974702000000000000e+06,7.974703000000000000e+06,7.974704000000000000e+06,7.974705000000000000e+06,7.974706000000000000e+06,7.974707000000000000e+06,7.974708000000000000e+06,7.974709000000000000e+06,7.974710000000000000e+06,7.974711000000000000e+06,7.974712000000000000e+06,7.974713000000000000e+06,7.974714000000000000e+06,7.974715000000000000e+06,7.974716000000000000e+06,7.974717000000000000e+06,7.974718000000000000e+06,7.974719000000000000e+06,7.974720000000000000e+06,7.974721000000000000e+06,7.974722000000000000e+06,7.974723000000000000e+06,7.974724000000000000e+06,7.974725000000000000e+06,7.974726000000000000e+06,7.974727000000000000e+06,7.974728000000000000e+06,7.974729000000000000e+06,-2.147483648000000000e+09,-2.147483648000000000e+09,-2.147483648000000000e+09,-2.147483648000000000e+09,-2.147483648000000000e+09,-2.147483648000000000e+09,-2.147483648000000000e+09,-2.147483648000000000e+09,-2.147483648000000000e+09,-2.147483648000000000e+09,-2.147483648000000000e+09,-2.147483648000000000e+09,-2.147483648000000000e+09,-2.147483648000000000e+09,-2.147483648000000000e+09,-2.147483648000000000e+09,-2.147483648000000000e+09,-2.147483648000000000e+09,-2.147483648000000000e+09,-2.147483648000000000e+09,-2.147483648000000000e+09,-2.147483648000000000e+09,-2.147483648000000000e+09,-2.147483648000000000e+09,-2.147483648000000000e+09
-2.147483648000000000e+09,-2.147483648000000000e+09,-2.147483648000000000e+09,-2.147483648000000000e+09,7.981892000000000000e+06,7.981893000000000000e+06,7.981894000000000000e+06,7.981895000000000000e+06,7.981896000000000000e+06,7.981897000000000000e+06,7.981898000000000000e+06,7.981899000000000000e+06,7.981900000000000000e+06,7.981901000000000000e+06,7.981902000000000000e+06,7.981903000000000000e+06,7.981904000000000000e+06,7.981905000000000000e+06,7.981906000000000000e+06,7.981907000000000000e+06,7.981908000000000000e+06,7.981909000000000000e+06,7.981910000000000000e+06,7.981911000000000000e+06,7.981912000000000000e+06,7.981913000000000000e+06,7.981914000000000000e+06,7.981915000000000000e+06,7.981916000000000000e+06,7.981917000000000000e+06,7.981918000000000000e+06,7.981919000000000000e+06,7.981920000000000000e+06,7.981921000000000000e+06,7.981922000000000000e+06,7.981923000000000000e+06,7.981924000000000000e+06,7.981925000000000000e+06,7.981926000000000000e+06,7.981927000000000000e+06,7.981928000000000000e+06,-2.147483648000000000e+09,-2.147483648000000000e+09,-2.147483648000000000e+09,-2.147483648000000000e+09,-2.147483648000000000e+09,-2.147483648000000000e+09,-2.147483648000000000e+09,-2.147483648000000000e+09,-2.147483648000000000e+09,-2.147483648000000000e+09,-2.147483648000000000e+09,-2.147483648000000000e+09,-2.147483648000000000e+09,-2.147483648000000000e+09,-2.147483648000000000e+09,-2.147483648000000000e+09,-2.147483648000000000e+09,-2.147483648000000000e+09,-2.147483648000000000e+09,-2.147483648000000000e+09,-2.147483648000000000e+09,-2.147483648000000000e+09,-2.147483648000000000e+09,-2.147483648000000000e+09,-2.147483648000000000e+09,-2.147483648000000000e+09
-2.147483648000000000e+09,-2.147483648000000000e+09,-2.147483648000000000e+09,7.989091000000000000e+06,7.989092000000000000e+06,7.989093000000000000e+06,7.989094000000000000e+06,7.989095000000000000e+06,7.989096000000000000e+06,7.989097000000000000e+06,7.989098000000000000e+06,7.989099000000000000e+06,7.989100000000000000e+06,7.989101000000000000e+06,7.989102000000000000e+06,7.989103000000000000e+06,7.989104000000000000e+06,7.989105000000000000e+06,7.989106000000000000e+06,7.989107000000000000e+06,7.989108000000000000e+06,7.989109000000000000e+06,7.989110000000000000e+06,7.989111000000000000e+06,7.989112000000000000e+06,7.989113000000000000e+06,7.989114000000000000e+06,7.989115000000000000e+06,7.989116000000000000e+06,7.989117000000000000e+06,7.989118000000000000e+06,7.989119000000000000e+06,7.989120000000000000e+06,7.989121000000000000e+06,7.989122000000000000e+06,7.989123000000000000e+06,7.989124000000000000e+06,7.989125000000000000e+06,7.989126000000000000e+06,7.989127000000000000e+06,-2.147483648000000000e+09,-2.147483648000000000e+09,-2.147483648000000000e+09,-2.147483648000000000e+09,-2.147483648000000000e+09,-2.147483648000000000e+09,-2.147483648000000000e+09,-2.147483648000000000e+09,-2.147483648000000000e+09,-2.147483648000000000e+09,-2.147483648000000000e+09,-2.147483648000000000e+09,-2.147483648000000000e+09,-2.147483648000000000e+09,-2.147483648000000000e+09,-2.147483648000000000e+09,-2.147483648000000000e+09,-2.147483648000000000e+09,-2.147483648000000000e+09,-2.147483648000000000e+09,-2.147483648000000000e+09,-2.147483648000000000e+09,-2.147483648000000000e+09,-2.147483648000000000e+09,-2.147483648000000000e+09,-2.147483648000000000e+09,-2.147483648000000000e+09
-2.147483648000000000e+09,-2.147483648000000000e+09,7.996290000000000000e+06,7.996291000000000000e+06,7.996292000000000000e+06,7.996293000000000000e+06,7.996294000000000000e+06,7.996295000000000000e+06,7.996296000000000000e+06,7.996297000000000000e+06,7.996298000000000000e+06,7.996299000000000000e+06,7.996300000000000000e+06,7.996301000000000000e+06,7.996302000000000000e+06,7.996303000000000000e+06,7.996304000000000000e+06,7.996305000000000000e+06,7.996306000000000000e+06,7.996307000000000000e+06,7.996308000000000000e+06,7.996309000000000000e+06,7.996310000000000000e+06,7.996311000000000000e+06,7.996312000000000000e+06,7.996313000000000000e+06,7.996314000000000000e+06,7.996315000000000000e+06,7.996316000000000000e+06,7.996317000000000000e+06,7.996318000000000000e+06,7.996319000000000000e+06,7.996320000000000000e+06,7.996321000000000000e+06,7.996322000000000000e+06,7.996323000000000000e+06,7.996324000000000000e+06,7.996325000000000000e+06,7.996326000000000000e+06,-2.147483648000000000e+09,-2.147483648000000000e+09,-2.147483648000000000e+09,-2.147483648000000000e+09,-2.147483648000000000e+09,-2.147483648000000000e+09,-2.147483648000000000e+09,-2.147483648000000000e+09,-2.147483648000000000e+09,-2.147483648000000000e+09,-2.147483648000000000e+09,-2.147483648000000000e+09,-2.147483648000000000e+09,-2.147483648000000000e+09,-2.147483648000000000e+09,-2.147483648000000000e+09,-2.147483648000000000e+09,-2.147483648000000000e+09,-2.147483648000000000e+09,-2.147483648000000000e+09,-2.147483648000000000e+09,-2.147483648000000000e+09,-2.147483648000000000e+09,-2.147483648000000000e+09,-2.147483648000000000e+09,-2.147483648000000000e+09,-2.147483648000000000e+09,-2.147483648000000000e+09
-2.147483648000000000e+09,8.003489000000000000e+06,8.003490000000000000e+06,8.003491000000000000e+06,8.003492000000000000e+06,8.003493000000000000e+06,8.003494000000000000e+06,8.003495000000000000e+06,8.003496000000000000e+06,8.003497000000000000e+06,8.003498000000000000e+06,8.003499000000000000e+06,8.003500000000000000e+06,8.003501000000000000e+06,8.003502000000000000e+06,8.003503000000000000e+06,8.003504000000000000e+06,8.003505000000000000e+06,8.003506000000000000e+06,8.003507000000000000e+06,8.003508000000000000e+06,8.003509000000000000e+06,8.003510000000000000e+06,8.003511000000000000e+06,8.003512000000000000e+06,8.003513000000000000e+06,8.003514000000000000e+06,8.003515000000000000e+06,8.003516000000000000e+06,8.003517000000000000e+06,8.003518000000000000e+06,8.003519000000000000e+06,8.003520000000000000e+06,8.003521000000000000e+06,8.003522000000000000e+06,8.003523000000000000e+06,8.003524000000000000e+06,8.003525000000000000e+06,-2.147483648000000000e+09,-2.147483648000000000e+09,-2.147483648000000000e+09,-2.147483648000000000e+09,-2.147483648000000000e+09,-2.147483648000000000e+09,-2.147483648000000000e+09,-2.147483648000000000e+09,-2.147483648000000000e+09,-2.147483648000000000e+09,-2.147483648000000000e+09,-2.147483648000000000e+09,-2.147483648000000000e+09,-2.147483648000000000e+09,-2.147483648000000000e+09,-2.147483648000000000e+09,-2.147483648000000000e+09,-2.147483648000000000e+09,-2.147483648000000000e+09,-2.147483648000000000e+09,-2.147483648000000000e+09,-2.147483648000000000e+09,-2.147483648000000000e+09,-2.147483648000000000e+09,-2.147483648000000000e+09,-2.147483648000000000e+09,-2.147483648000000000e+09,-2.147483648000000000e+09,-2.147483648000000000e+09
8.010688000000000000e+06,8.010689000000000000e+06,8.010690000000000000e+06,8.010691000000000000e+06,8.010692000000000000e+06,8.010693000000000000e+06,8.010694000000000000e+06,8.010695000000000000e+06,8.010696000000000000e+06,8.010697000000000000e+06,8.010698000000000000e+06,8.010699000000000000e+06,8.010700000000000000e+06,8.010701000000000000e+06,8.010702000000000000e+06,8.010703000000000000e+06,8.010704000000000000e+06,8.010705000000000000e+06,8.010706000000000000e+06,8.010707000000000000e+06,8.010708000000000000e+06,8.010709000000000000e+06,8.010710000000000000e+06,8.010711000000000000e+06,8.010712000000000000e+06,8.010713000000000000e+06,8.010714000000000000e+06,8.010715000000000000e+06,8.010716000000000000e+06,8.010717000000000000e+06,8.010718000000000000e+06,8.010719000000000000e+06,8.010720000000000000e+06,8.010721000000000000e+06,8.010722000000000000e+06,8.010723000000000000e+06,8.010724000000000000e+06,-2.147483648000000000e+09,-2.147483648000000000e+09,-2.147483648000000000e+09,-2.147483648000000000e+09,-2.147483648000000000e+09,-2.147483648000000000e+09,-2.147483648000000000e+09,-2.147483648000000000e+09,-2.147483648000000000e+09,-2.147483648000000000e+09,-2.147483648000000000e+09,-2.147483648000000000e+09,-2.147483648000000000e+09,-2.147483648000000000e+09,-2.147483648000000000e+09,-2.147483648000000000e+09,-2.147483648000000000e+09,-2.147483648000000000e+09,-2.147483648000000000e+09,-2.147483648000000000e+09,-2.147483648000000000e+09,-2.147483648000000000e+09,-2.147483648000000000e+09,-2.147483648000000000e+09,-2.147483648000000000e+09,-2.147483648000000000e+09,-2.147483648000000000e+09,-2.147483648000000000e+09,-2.147483648000000000e+09,-2.147483648000000000e+09
-2.147483648000000000e+09,-2.147483648000000000e+09,-2.147483648000000000e+09,-2.147483648000000000e+09,-2.147483648000000000e+09,-2.147483648000000000e+09,-2.147483648000000000e+09,-2.147483648000000000e+09,-2.147483648000000000e+09,-2.147483648000000000e+09,-2.147483648000000000e+09,-2.147483648000000000e+09,-2.147483648000000000e+09,-2.147483648000000000e+09,-2.147483648000000000e+09,-2.147483648000000000e+09,-2.147483648000000000e+09,-2.147483648000000000e+09,-2.147483648000000000e+09,-2.147483648000000000e+09,-2.147483648000000000e+09,-2.147483648000000000e+09,-2.147483648000000000e+09,-2.147483648000000000e+09,-2.147483648000000000e+09,-2.147483648000000000e+09,-2.147483648000000000e+09,-2.147483648000000000e+09,-2.147483648000000000e+09,-2.147483648000000000e+09,-2.147483648000000000e+09,8.017919000000000000e+06,8.017920000000000000e+06,8.017921000000000000e+06,8.017922000000000000e+06,8.017923000000000000e+06,-2.147483648000000000e+09,-2.147483648000000000e+09,-2.147483648000000000e+09,-2.147483648000000000e+09,-2.147483648000000000e+09,-2.147483648000000000e+09,-2.147483648000000000e+09,-2.147483648000000000e+09,-2.147483648000000000e+09,-2.147483648000000000e+09,-2.147483648000000000e+09,-2.147483648000000000e+09,-2.147483648000000000e+09,-2.147483648000000000e+09,-2.147483648000000000e+09,-2.147483648000000000e+09,-2.147483648000000000e+09,-2.147483648000000000e+09,-2.147483648000000000e+09,-2.147483648000000000e+09,-2.147483648000000000e+09,-2.147483648000000000e+09,-2.147483648000000000e+09,-2.147483648000000000e+09,-2.147483648000000000e+09,-2.147483648000000000e+09,-2.147483648000000000e+09,-2.147483648000000000e+09,-2.147483648000000000e+09,-2.147483648000000000e+09,-2.147483648000000000e+09
-2.147483648000000000e+09,-2.147483648000000000e+09,-2.147483648000000000e+09,-2.147483648000000000e+09,-2.147483648000000000e+09,-2.147483648000000000e+09,-2.147483648000000000e+09,-2.147483648000000000e+09,-2.147483648000000000e+09,-2.147483648000000000e+09,-2.147483648000000000e+09,-2.147483648000000000e+09,-2.147483648000000000e+09,-2.147483648000000000e+09,-2.147483648000000000e+09,-2.147483648000000000e+09,-2.147483648000000000e+09,-2.147483648000000000e+09,-2.147483648000000000e+09,-2.147483648000000000e+09,-2.147483648000000000e+09,-2.147483648000000000e+09,-2.147483648000000000e+09,-2.147483648000000000e+09,-2.147483648000000000e+09,-2.147483648000000000e+09,-2.147483648000000000e+09,-2.147483648000000000e+09,-2.147483648000000000e+09,-2.147483648000000000e+09,8.025118000000000000e+06,8.025119000000000000e+06,8.025120000000000000e+06,8.025121000000000000e+06,8.025122000000000000e+06,-2.147483648000000000e+09,-2.147483648000000000e+09,-2.147483648000000000e+09,-2.147483648000000000e+09,-2.147483648000000000e+09,-2.147483648000000000e+09,-2.147483648000000000e+09,-2.147483648000000000e+09,-2.147483648000000000e+09,-2.147483648000000000e+09,-2.147483648000000000e+09,-2.147483648000000000e+09,-2.147483648000000000e+09,-2.147483648000000000e+09,-2.147483648000000000e+09,-2.147483648000000000e+09,-2.147483648000000000e+09,-2.147483648000000000e+09,-2.147483648000000000e+09,-2.147483648000000000e+09,-2.147483648000000000e+09,-2.147483648000000000e+09,-2.147483648000000000e+09,-2.147483648000000000e+09,-2.147483648000000000e+09,-2.147483648000000000e+09,-2.147483648000000000e+09,-2.147483648000000000e+09,-2.147483648000000000e+09,-2.147483648000000000e+09,-2.147483648000000000e+09,-2.147483648000000000e+09
-2.147483648000000000e+09,-2.147483648000000000e+09,-2.147483648000000000e+09,-2.147483648000000000e+09,-2.147483648000000000e+09,-2.147483648000000000e+09,-2.147483648000000000e+09,-2.147483648000000000e+09,-2.147483648000000000e+09,-2.147483648000000000e+09,-2.147483648000000000e+09,-2.147483648000000000e+09,-2.147483648000000000e+09,-2.147483648000000000e+09,-2.147483648000000000e+09,-2.147483648000000000e+09,-2.147483648000000000e+09,-2.147483648000000000e+09,-2.147483648000000000e+09,-2.147483648000000000e+09,-2.147483648000000000e+09,-2.147483648000000000e+09,-2.147483648000000000e+09,-2.147483648000000000e+09,-2.147483648000000000e+09,-2.147483648000000000e+09,-2.147483648000000000e+09,-2.147483648000000000e+09,-2.147483648000000000e+09,8.032317000000000000e+06,8.032318000000000000e+06,8.032319000000000000e+06,8.032320000000000000e+06,8.032321000000000000e+06,-2.147483648000000000e+09,-2.147483648000000000e+09,-2.147483648000000000e+09,-2.147483648000000000e+09,-2.147483648000000000e+09,-2.147483648000000000e+09,-2.147483648000000000e+09,-2.147483648000000000e+09,-2.147483648000000000e+09,-2.147483648000000000e+09,-2.147483648000000000e+09,-2.147483648000000000e+09,-2.147483648000000000e+09,-2.147483648000000000e+09,-2.147483648000000000e+09,-2.147483648000000000e+09,-2.147483648000000000e+09,-2.147483648000000000e+09,-2.147483648000000000e+09,-2.147483648000000000e+09,-2.147483648000000000e+09,-2.147483648000000000e+09,-2.147483648000000000e+09,-2.147483648000000000e+09,-2.147483648000000000e+09,-2.147483648000000000e+09,-2.147483648000000000e+09,-2.147483648000000000e+09,-2.147483648000000000e+09,-2.147483648000000000e+09,-2.147483648000000000e+09,-2.147483648000000000e+09,-2.147483648000000000e+09
-2.147483648000000000e+09,-2.147483648000000000e+09,-2.147483648000000000e+09,-2.147483648000000000e+09,-2.147483648000000000e+09,-2.147483648000000000e+09,-2.147483648000000000e+09,-2.147483648000000000e+09,-2.147483648000000000e+09,-2.147483648000000000e+09,-2.147483648000000000e+09,-2.147483648000000000e+09,-2.147483648000000000e+09,-2.147483648000000000e+09,-2.147483648000000000e+09,-2.147483648000000000e+09,-2.147483648000000000e+09,-2.147483648000000000e+09,-2.147483648000000000e+09,-2.147483648000000000e+09,-2.147483648000000000e+09,-2.147483648000000000e+09,-2.147483648000000000e+09,-2.147483648000000000e+09,-2.147483648000000000e+09,-2.147483648000000000e+09,-2.147483648000000000e+09,-2.147483648000000000e+09,8.039516000000000000e+06,8.039517000000000000e+06,8.039518000000000000e+06,8.039519000000000000e+06,8.039520000000000000e+06,-2.147483648000000000e+09,-2.147483648000000000e+09,-2.147483648000000000e+09,-2.147483648000000000e+09,-2.147483648000000000e+09,-2.147483648000000000e+09,-2.147483648000000000e+09,-2.147483648000000000e+09,-2.147483648000000000e+09,-2.147483648000000000e+09,-2.147483648000000000e+09,-2.147483648000000000e+09,-2.147483648000000000e+09,-2.147483648000000000e+09,-2.147483648000000000e+09,-2.147483648000000000e+09,-2.147483648000000000e+09,-2.147483648000000000e+09,-2.147483648000000000e+09,-2.147483648000000000e+09,-2.147483648000000000e+09,-2.147483648000000000e+09,-2.147483648000000000e+09,-2.147483648000000000e+09,-2.147483648000000000e+09,-2.147483648000000000e+09,-2.147483648000000000e+09,-2.147483648000000000e+09,-2.147483648000000000e+09,-2.147483648000000000e+09,-2.147483648000000000e+09,-2.147483648000000000e+09,-2.147483648000000000e+09,-2.147483648000000000e+09
-2.147483648000000000e+09,-2.147483648000000000e+09,-2.147483648000000000e+09,-2.147483648000000000e+09,-2.147483648000000000e+09,-2.147483648000000000e+09,-2.147483648000000000e+09,-2.147483648000000000e+09,-2.147483648000000000e+09,-2.147483648000000000e+09,-2.147483648000000000e+09,-2.147483648000000000e+09,-2.147483648000000000e+09,-2.147483648000000000e+09,-2.147483648000000000e+09,-2.147483648000000000e+09,-2.147483648000000000e+09,-2.147483648000000000e+09,-2.147483648000000000e+09,-2.147483648000000000e+09,-2.147483648000000000e+09,-2.147483648000000000e+09,-2.147483648000000000e+09,-2.147483648000000000e+09,-2.147483648000000000e+09,-2.147483648000000000e+09,-2.147483648000000000e+09,8.046715000000000000e+06,8.046716000000000000e+06,8.046717000000000000e+06,8.046718000000000000e+06,8.046719000000000000e+06,-2.147483648000000000e+09,-2.147483648000000000e+09,-2.147483648000000000e+09,-2.147483648000000000e+09,-2.147483648000000000e+09,-2.147483648000000000e+09,-2.147483648000000000e+09,-2.147483648000000000e+09,-2.147483648000000000e+09,-2.147483648000000000e+09,-2.147483648000000000e+09,-2.147483648000000000e+09,-2.147483648000000000e+09,-2.147483648000000000e+09,-2.147483648000000000e+09,-2.147483648000000000e+09,-2.147483648000000000e+09,-2.147483648000000000e+09,-2.147483648000000000e+09,-2.147483648000000000e+09,-2.147483648000000000e+09,-2.147483648000000000e+09,-2.147483648000000000e+09,-2.147483648000000000e+09,-2.147483648000000000e+09,-2.147483648000000000e+09,-2.147483648000000000e+09,-2.147483648000000000e+09,-2.147483648000000000e+09,-2.147483648000000000e+09,-2.147483648000000000e+09,-2.147483648000000000e+09,-2.147483648000000000e+09,-2.147483648000000000e+09,-2.147483648000000000e+09
